-- phpMyAdmin SQL Dump
-- version 4.0.3
-- http://www.phpmyadmin.net
--
-- Host: localhost
-- Generation Time: Dec 04, 2013 at 01:45 AM
-- Server version: 5.1.44
-- PHP Version: 5.3.1

SET SQL_MODE = "NO_AUTO_VALUE_ON_ZERO";
SET time_zone = "+00:00";


/*!40101 SET @OLD_CHARACTER_SET_CLIENT=@@CHARACTER_SET_CLIENT */;
/*!40101 SET @OLD_CHARACTER_SET_RESULTS=@@CHARACTER_SET_RESULTS */;
/*!40101 SET @OLD_COLLATION_CONNECTION=@@COLLATION_CONNECTION */;
/*!40101 SET NAMES utf8 */;

--
-- Database: `cotizador_aon`
--
CREATE DATABASE IF NOT EXISTS `cotizador_aon` DEFAULT CHARACTER SET latin1 COLLATE latin1_swedish_ci;
USE `cotizador_aon`;

-- --------------------------------------------------------

--
-- Table structure for table `tbl_aseguradora`
--

CREATE TABLE IF NOT EXISTS `tbl_aseguradora` (
  `id` bigint(20) NOT NULL AUTO_INCREMENT,
  `nombre` varchar(60) NOT NULL,
  `razon_social` varchar(200) NOT NULL,
  `logo_img` varchar(100) NOT NULL,
  `ut_time` timestamp NOT NULL DEFAULT CURRENT_TIMESTAMP ON UPDATE CURRENT_TIMESTAMP,
  `cr_time` datetime NOT NULL,
  PRIMARY KEY (`id`)
) ENGINE=InnoDB  DEFAULT CHARSET=latin1 AUTO_INCREMENT=11 ;

--
-- Dumping data for table `tbl_aseguradora`
--

INSERT INTO `tbl_aseguradora` (`id`, `nombre`, `razon_social`, `logo_img`, `ut_time`, `cr_time`) VALUES
(1, 'Mercantil Seguros', 'Mercantil C.A.', '', '2013-11-17 19:31:56', '0000-00-00 00:00:00'),
(2, 'Banesco Seguros', '', '', '0000-00-00 00:00:00', '0000-00-00 00:00:00'),
(3, 'Zurich Seguros', '', '', '0000-00-00 00:00:00', '0000-00-00 00:00:00'),
(4, 'La Venezolana de Seguros y Vida C.A.', '', '', '0000-00-00 00:00:00', '0000-00-00 00:00:00'),
(5, 'Seguros La Vitalicia', '', '', '0000-00-00 00:00:00', '0000-00-00 00:00:00'),
(6, 'Seguros Caracas', '', '', '0000-00-00 00:00:00', '0000-00-00 00:00:00'),
(7, 'Seguros Canarias', '', '', '0000-00-00 00:00:00', '0000-00-00 00:00:00'),
(8, 'Estar', '', '', '0000-00-00 00:00:00', '0000-00-00 00:00:00'),
(9, 'Seguros Altamira', '', '', '0000-00-00 00:00:00', '0000-00-00 00:00:00'),
(10, 'Multinacional de Seguros', '', '', '0000-00-00 00:00:00', '0000-00-00 00:00:00');

-- --------------------------------------------------------

--
-- Table structure for table `tbl_clasificacion`
--

CREATE TABLE IF NOT EXISTS `tbl_clasificacion` (
  `id` bigint(20) NOT NULL AUTO_INCREMENT,
  `id_convenio_as` bigint(20) NOT NULL,
  `marca` varchar(60) NOT NULL,
  `modelo` varchar(60) NOT NULL,
  `clasificacion` varchar(10) NOT NULL,
  `tipo_carro` tinyint(4) NOT NULL,
  PRIMARY KEY (`id`),
  KEY `id_aseguradora` (`id_convenio_as`),
  KEY `tipo` (`tipo_carro`)
) ENGINE=InnoDB  DEFAULT CHARSET=latin1 AUTO_INCREMENT=3476 ;

--
-- Dumping data for table `tbl_clasificacion`
--

INSERT INTO `tbl_clasificacion` (`id`, `id_convenio_as`, `marca`, `modelo`, `clasificacion`, `tipo_carro`) VALUES
(516, 3, 'ACURA', 'TODOS', 'A', 1),
(517, 3, 'ALFA ROMEO', 'TODOS', 'A', 1),
(518, 3, 'AUDI', 'TODOS', 'A', 1),
(519, 3, 'BMW', 'TODOS', 'A', 1),
(520, 3, 'CADILLAC', 'TODOS', 'A', 1),
(521, 3, 'INFINITI', 'TODOS', 'A', 1),
(522, 3, 'JAGUAR', 'TODOS', 'A', 1),
(523, 3, 'LINCOLN', 'TODOS', 'A', 1),
(524, 3, 'LEXUS', 'TODOS', 'A', 1),
(525, 3, 'MERCURY', 'TODOS', 'A', 1),
(526, 3, 'MERCEDES BENZ', 'TODOS', 'A', 1),
(527, 3, 'PORSCHE', 'TODOS', 'A', 1),
(528, 3, 'VOLVO', 'TODOS', 'A', 1),
(529, 3, 'BUICK', 'TODOS', 'B', 1),
(530, 3, 'BUICK', 'CENTURY', 'C', 1),
(531, 3, 'CHEVROLET', 'CRUZE', 'A', 1),
(532, 3, 'CHEVROLET', 'SONIC', 'A', 1),
(533, 3, 'CHEVROLET', 'IMPALA', 'B', 1),
(534, 3, 'CHEVROLET', 'LUMINA', 'B', 1),
(535, 3, 'CHEVROLET', 'MONTECARLO', 'B', 1),
(536, 3, 'CHEVROLET', 'OPTRA', 'B', 1),
(537, 3, 'CHEVROLET', 'EPICA', 'B', 1),
(538, 3, 'CHEVROLET', 'BERETTA', 'C', 1),
(539, 3, 'CHEVROLET', 'ASTRA', 'C', 1),
(540, 3, 'CHEVROLET', 'CAMARO', 'C', 1),
(541, 3, 'CHEVROLET', 'MALIBU', 'C', 1),
(542, 3, 'CHEVROLET', 'AVEO', 'C', 1),
(543, 3, 'CHEVROLET', 'SUNFIRE', 'D', 1),
(544, 3, 'CHEVROLET', 'CAVALIER', 'D', 1),
(545, 3, 'CHEVROLET', 'ALTO', 'D', 1),
(546, 3, 'CHEVROLET', 'ESTEEM', 'E', 1),
(547, 3, 'CHEVROLET', 'SWIFT', 'E', 1),
(548, 3, 'CHEVROLET', 'CHEVETTE', 'E', 1),
(549, 3, 'CHEVROLET', 'MONZA', 'E', 1),
(550, 3, 'CHEVROLET', 'MERIVA', 'F', 1),
(551, 3, 'CHEVROLET', 'WAGON R', 'G', 1),
(552, 3, 'CHEVROLET', 'CHEVY C2', 'H', 1),
(553, 3, 'CHEVROLET', 'CORSA', 'H', 1),
(554, 3, 'CHEVROLET', 'SPARK', 'H', 1),
(555, 3, 'CHRYSLER', 'GRAND CARAVAN', 'B', 1),
(556, 3, 'CHRYSLER', 'LE BARON', 'B', 1),
(557, 3, 'CHRYSLER', 'STRATUS', 'B', 1),
(558, 3, 'CHRYSLER', 'TOWN&COUNTRY', 'B', 1),
(559, 3, 'CHRYSLER', 'VOYAGER', 'B', 1),
(560, 3, 'CHRYSLER', 'SEBRING', 'B', 1),
(561, 3, 'CHRYSLER', 'PT CRUISER', 'C', 1),
(562, 3, 'CHRYSLER', 'NEON', 'C', 1),
(563, 3, 'CITROEN', 'TODOS', 'C', 1),
(564, 3, 'DAEWOO', 'CHAIMAN', 'B', 1),
(565, 3, 'DAEWOO', 'PRINCE', 'B', 1),
(566, 3, 'DAEWOO', 'LEGANZA', 'D', 1),
(567, 3, 'DAEWOO', 'NUBIRA', 'D', 1),
(568, 3, 'DAEWOO', 'TACUMA', 'D', 1),
(569, 3, 'DAEWOO', 'SUPER SALOON', 'E', 1),
(570, 3, 'DAEWOO', 'LANOS', 'E', 1),
(571, 3, 'DAEWOO', 'CIELO', 'F', 1),
(572, 3, 'DAEWOO', 'ESPERO', 'F', 1),
(573, 3, 'DAEWOO', 'RACER', 'F', 1),
(574, 3, 'DAEWOO', 'TICO', 'F', 1),
(575, 3, 'DAEWOO', 'MATIZ', 'H', 1),
(576, 3, 'DODGE', 'INTREPID', 'B', 1),
(577, 3, 'DODGE', 'CARAVAN', 'B', 1),
(578, 3, 'DODGE', 'GRAND CARAVAN', 'B', 1),
(579, 3, 'DODGE', 'STRATUS', 'B', 1),
(580, 3, 'DODGE', 'SPIRIT', 'C', 1),
(581, 3, 'DODGE', 'SHADOW', 'C', 1),
(582, 3, 'DODGE', 'CALIBER', 'C', 1),
(583, 3, 'DODGE', 'AVENGER', 'C', 1),
(584, 3, 'DODGE', 'STEALTH', 'C', 1),
(585, 3, 'DODGE', 'NEON', 'C', 1),
(586, 3, 'DODGE', 'BRISA', 'F', 1),
(587, 3, 'FIAT', 'COUPE', 'C', 1),
(588, 3, 'FIAT', 'CROMA', 'C', 1),
(589, 3, 'FIAT', 'MAREA', 'C', 1),
(590, 3, 'FIAT', 'TIPO', 'C', 1),
(591, 3, 'FIAT', 'DUCATO', 'C', 1),
(592, 3, 'FIAT', 'IDEA', 'C', 1),
(593, 3, 'FIAT', 'BRAVA', 'D', 1),
(594, 3, 'FIAT', 'PUNTO', 'D', 1),
(595, 3, 'FIAT', 'STYLO', 'D', 1),
(596, 3, 'FIAT', 'PREMIO', 'E', 1),
(597, 3, 'FIAT', 'REGATA', 'E', 1),
(598, 3, 'FIAT', 'RITMO ', 'E', 1),
(599, 3, 'FIAT', 'TEMPRA', 'E', 1),
(600, 3, 'FIAT', 'PALIO', 'F', 1),
(601, 3, 'FIAT', 'PALIO ADVENTURE', 'G', 1),
(602, 3, 'FIAT', 'SIENA', 'G', 1),
(603, 3, 'FIAT', 'UNO', 'G', 1),
(604, 3, 'FORD', 'FUSION', 'A', 1),
(605, 3, 'FORD', 'MUSTANG', 'A', 1),
(606, 3, 'FORD', 'GRAND MARQUIS', 'B', 1),
(607, 3, 'FORD', 'TAURUS', 'B', 1),
(608, 3, 'FORD', 'WINDSTAR', 'B', 1),
(609, 3, 'FORD', 'CROWN VICTORIA', 'B', 1),
(610, 3, 'FORD', 'THUNDERBIRD', 'B', 1),
(611, 3, 'FORD', 'LASER', 'C', 1),
(612, 3, 'FORD', 'FOCUS', 'C', 1),
(613, 3, 'FORD', 'FIESTA', 'D', 1),
(614, 3, 'FORD', 'ESCORT', 'F', 1),
(615, 3, 'FORD', 'TRACER', 'F', 1),
(616, 3, 'FORD', 'SIERRA', 'F', 1),
(617, 3, 'FORD', 'KA', 'I', 1),
(618, 3, 'FORD', 'FESTIVA', 'I', 1),
(619, 3, 'HONDA', 'LEGEND', 'A', 1),
(620, 3, 'HONDA', 'ACCORD', 'A', 1),
(621, 3, 'HONDA', 'ODISSEY', 'A', 1),
(622, 3, 'HONDA', 'PRELUDE', 'B', 1),
(623, 3, 'HONDA', 'CIVIC', 'B', 1),
(624, 3, 'HONDA', 'FIT', 'C', 1),
(625, 3, 'HYUNDAI', 'SONATA', 'A', 1),
(626, 3, 'HYUNDAI', 'AZERA', 'A', 1),
(627, 3, 'HYUNDAI', 'AVANTE', 'A', 1),
(628, 3, 'HYUNDAI', 'EQUUS', 'A', 1),
(629, 3, 'HYUNDAI', 'GRANDEUR', 'A', 1),
(630, 3, 'HYUNDAI', 'ENTOURAGE', 'B', 1),
(631, 3, 'HYUNDAI', 'COUPE', 'C', 1),
(632, 3, 'HYUNDAI', 'ELANTRA', 'C', 1),
(633, 3, 'HYUNDAI', 'GETZ', 'C', 1),
(634, 3, 'HYUNDAI', 'SCOUPE', 'C', 1),
(635, 3, 'HYUNDAI', 'VERNA', 'C', 1),
(636, 3, 'HYUNDAI', 'MATRIX', 'D', 1),
(637, 3, 'HYUNDAI', 'GRACE', 'D', 1),
(638, 3, 'HYUNDAI', 'ATOS', 'F', 1),
(639, 3, 'HYUNDAI', 'ACCENT', 'G', 1),
(640, 3, 'HYUNDAI', 'EXCEL', 'H', 1),
(641, 3, 'KIA', 'CARNIVAL', 'B', 1),
(642, 3, 'KIA', 'SEDONA', 'B', 1),
(643, 3, 'KIA', 'MAGENTIS', 'B', 1),
(644, 3, 'KIA', 'OPIRUS', 'B', 1),
(645, 3, 'KIA', 'CARENS', 'C', 1),
(646, 3, 'KIA', 'CERATO', 'C', 1),
(647, 3, 'KIA', 'OPTIMA', 'C', 1),
(648, 3, 'KIA', 'SHUMA', 'D', 1),
(649, 3, 'KIA', 'SPECTRA', 'D', 1),
(650, 3, 'KIA', 'RIO', 'E', 1),
(651, 3, 'KIA', 'PICANTO', 'E', 1),
(652, 3, 'KIA', 'SEPHIA', 'E', 1),
(653, 3, 'LADA', 'TODOS', 'I', 1),
(654, 3, 'MAZDA', 'MPV', 'B', 1),
(655, 3, 'MAZDA', 'MIATA MX5', 'B', 1),
(656, 3, 'MAZDA', '5', 'B', 1),
(657, 3, 'MAZDA', '6', 'B', 1),
(658, 3, 'MAZDA', 'RX-8', 'B', 1),
(659, 3, 'MAZDA', '2', 'C', 1),
(660, 3, 'MAZDA', '3', 'C', 1),
(661, 3, 'MAZDA', '626', 'C', 1),
(662, 3, 'MAZDA', '929', 'C', 1),
(663, 3, 'MAZDA', 'PROTEGE', 'C', 1),
(664, 3, 'MAZDA', 'ALLEGRO', 'D', 1),
(665, 3, 'MAZDA', 'DEMIO', 'E', 1),
(666, 3, 'MAZDA', '323', 'F', 1),
(667, 3, 'MINI', 'MINICORD', 'A', 1),
(668, 3, 'MITSUBISHI', 'DIAMANTE', 'A', 1),
(669, 3, 'MITSUBISHI', 'SIGMA', 'A', 1),
(670, 3, 'MITSUBISHI', '3000', 'B', 1),
(671, 3, 'MITSUBISHI', 'ECLIPSE', 'B', 1),
(672, 3, 'MITSUBISHI', 'SPACE WAGON', 'B', 1),
(673, 3, 'MITSUBISHI', 'GRANDIS', 'B', 1),
(675, 3, 'MITSUBISHI', 'MF', 'C', 1),
(676, 3, 'MITSUBISHI', 'MS', 'C', 1),
(677, 3, 'MITSUBISHI', 'MX', 'C', 1),
(678, 3, 'MITSUBISHI', 'VR', 'C', 1),
(679, 3, 'MITSUBISHI', 'GALANT', 'C', 1),
(680, 3, 'MITSUBISHI', 'LANCER', 'C', 1),
(681, 3, 'MITSUBISHI', 'EXPO', 'D', 1),
(682, 3, 'MITSUBISHI', 'MIRAGE', 'D', 1),
(683, 3, 'MITSUBISHI', 'STAR WAGON', 'D', 1),
(684, 3, 'MITSUBISHI', 'COLT', 'E', 1),
(685, 3, 'MITSUBISHI', 'SIGNO', 'F', 1),
(686, 3, 'NISSAN', '350-Z', 'A', 1),
(687, 3, 'NISSAN', 'ALTIMA', 'A', 1),
(688, 3, 'NISSAN', 'PRIMERA', 'B', 1),
(689, 3, 'NISSAN', 'QUEST', 'B', 1),
(690, 3, 'NISSAN', 'MAXIMA', 'B', 1),
(691, 3, 'NISSAN', 'TIIDA', 'B', 1),
(692, 3, 'NISSAN', 'SENTRA', 'C', 1),
(693, 3, 'NISSAN', 'ALMERA', 'C', 1),
(694, 3, 'PEUGEOT', '406', 'B', 1),
(695, 3, 'PEUGEOT', '407', 'B', 1),
(696, 3, 'PEUGEOT', '408', 'B', 1),
(697, 3, 'PEUGEOT', '607', 'B', 1),
(698, 3, 'PEUGEOT', '106', 'C', 1),
(699, 3, 'PEUGEOT', '307', 'C', 1),
(700, 3, 'PEUGEOT', '309', 'C', 1),
(701, 3, 'PEUGEOT', '405', 'C', 1),
(702, 3, 'PEUGEOT', '504', 'C', 1),
(703, 3, 'PEUGEOT', '605', 'C', 1),
(704, 3, 'PEUGEOT', '806', 'C', 1),
(705, 3, 'PEUGEOT', '306', 'D', 1),
(706, 3, 'PEUGEOT', 'SERIE 200', 'E', 1),
(707, 3, 'RENAULT', 'LAGUNA', 'B', 1),
(708, 3, 'RENAULT', 'GRAND SCENIC', 'B', 1),
(709, 3, 'RENAULT', 'SCENIC', 'C', 1),
(710, 3, 'RENAULT', 'CLIO', 'C', 1),
(711, 3, 'RENAULT', 'MEGANE', 'C', 1),
(712, 3, 'RENAULT', 'MEGANE II', 'C', 1),
(713, 3, 'RENAULT', 'SANDERO', 'C', 1),
(714, 3, 'RENAULT', 'ESPARCE', 'D', 1),
(715, 3, 'RENAULT', 'KANGOO', 'D', 1),
(716, 3, 'RENAULT', 'GALA ', 'E', 1),
(717, 3, 'RENAULT', '11', 'E', 1),
(718, 3, 'RENAULT', '21', 'E', 1),
(719, 3, 'RENAULT', 'TRAFIC', 'E', 1),
(720, 3, 'RENAULT', 'SYMBOL', 'E', 1),
(721, 3, 'RENAULT', 'TWINGO', 'E', 1),
(722, 3, 'RENAULT', 'LOGAN', 'E', 1),
(723, 3, 'RENAULT', '19 ENERGY', 'F', 1),
(724, 3, 'SEAT', 'TODOS', 'D', 1),
(725, 3, 'SKODA', 'OCTAVIA', 'C', 1),
(726, 3, 'SKODA', 'FORMAN GLX', 'C', 1),
(727, 3, 'SKODA', 'FAVORIT', 'C', 1),
(728, 3, 'SKODA', 'FABIA', 'D', 1),
(729, 3, 'SKODA', 'FORMAN LX', 'D', 1),
(730, 3, 'SKODA', 'ROOMSTER', 'D', 1),
(731, 3, 'SKODA', 'FELICIA', 'I', 1),
(732, 3, 'SUZUKI', 'TODOS', 'F', 1),
(733, 3, 'TOYOTA', 'CROWN  ', 'A', 1),
(734, 3, 'TOYOTA', 'AVALON', 'A', 1),
(735, 3, 'TOYOTA', 'CAMRY', 'A', 1),
(736, 3, 'TOYOTA', 'COROLLA', 'A', 1),
(737, 3, 'TOYOTA', 'PREVIA', 'A', 1),
(738, 3, 'TOYOTA', 'SIENNA', 'A', 1),
(739, 3, 'TOYOTA', 'CELICA', 'B', 1),
(740, 3, 'TOYOTA', 'MR2', 'B', 1),
(741, 3, 'TOYOTA', 'YARIS BELTA', 'B', 1),
(742, 3, 'TOYOTA', 'SUPRA', 'C', 1),
(743, 3, 'TOYOTA', 'CORONA', 'C', 1),
(744, 3, 'TOYOTA', 'CARINA', 'C', 1),
(745, 3, 'TOYOTA', 'PICNIC', 'C', 1),
(746, 3, 'TOYOTA', 'YARIS', 'C', 1),
(747, 3, 'TOYOTA', 'ECHO', 'D', 1),
(748, 3, 'TOYOTA', 'MATRIX', 'D', 1),
(749, 3, 'TOYOTA', 'PASEO', 'E', 1),
(750, 3, 'TOYOTA', 'STARLET', 'E', 1),
(751, 3, 'TOYOTA', 'TERCEL', 'E', 1),
(752, 3, 'VOLKSWAGEN', 'JETTA', 'A', 1),
(753, 3, 'VOLKSWAGEN', 'PASSAT', 'A', 1),
(754, 3, 'VOLKSWAGEN', 'BORA', 'B', 1),
(755, 3, 'VOLKSWAGEN', 'GOLF', 'B', 1),
(756, 3, 'VOLKSWAGEN', 'NEW BEETLE', 'B', 1),
(757, 3, 'VOLKSWAGEN', 'POLO', 'C', 1),
(758, 3, 'VOLKSWAGEN', 'CABRIO', 'C', 1),
(759, 3, 'VOLKSWAGEN', 'CABRIOLET', 'C', 1),
(760, 3, 'VOLKSWAGEN', 'GOL ', 'D', 1),
(761, 3, 'VOLKSWAGEN', 'PARATI', 'D', 1),
(762, 3, 'VOLKSWAGEN', 'VENTO', 'D', 1),
(763, 3, 'VOLKSWAGEN', 'SPACEFOX', 'D', 1),
(764, 3, 'VOLKSWAGEN', 'ESCARABAJO', 'D', 1),
(765, 3, 'VOLKSWAGEN', 'FOX', 'E', 1),
(766, 3, 'VOLKSWAGEN', 'CORRADO', 'E', 1),
(767, 3, 'VOLKSWAGEN', 'CROSSFOX', 'F', 1),
(768, 3, 'ZOITE', 'TODOS', 'I', 1),
(769, 3, 'ACURA', 'TODOS', 'J', 2),
(770, 3, 'AUDI', 'TODOS', 'J', 2),
(771, 3, 'BMW', 'TODOS', 'J', 2),
(772, 3, 'CADILLAC', 'TODOS', 'J', 2),
(773, 3, 'INFINITY', 'TODOS', 'J', 2),
(774, 3, 'LAND ROVER', 'TODOS', 'J', 2),
(775, 3, 'LINCOLN', 'TODOS', 'J', 2),
(776, 3, 'LEXUS', 'TODOS', 'J', 2),
(777, 3, 'MERCURY', 'TODOS', 'J', 2),
(778, 3, 'MERCEDES BENZ', 'TODOS', 'J', 2),
(779, 3, 'PORSCHE', 'TODOS', 'J', 2),
(780, 3, 'SUBARU', 'TODOS', 'J', 2),
(781, 3, 'DODGE', 'JOURNEY', 'J', 2),
(782, 3, 'HUMMER', 'TODOS', 'J', 2),
(783, 3, 'MAZDA', 'CX7', 'J', 2),
(784, 3, 'MAZDA', 'CX9', 'J', 2),
(785, 3, 'VOLKSWAGEN', 'TOUAREG', 'J', 2),
(786, 3, 'CHEVROLET', 'CAPTIVA', 'J', 2),
(787, 3, 'CHEVROLET', 'TAHOE', 'J', 2),
(788, 3, 'CHEVROLET', 'TRAIL BLAZER', 'J', 2),
(789, 3, 'CHEVROLET', 'GRAND BLAZER', 'K', 2),
(790, 3, 'CHEVROLET', 'LUV D-MAX', 'K', 2),
(791, 3, 'CHEVROLET', 'AVALANCHE', 'K', 2),
(792, 3, 'CHEVROLET', 'BLAZER', 'L', 2),
(793, 3, 'CHEVROLET', 'JIMNY', 'L', 2),
(794, 3, 'CHEVROLET', 'VITARA', 'L', 2),
(795, 3, 'CHEVROLET', 'GRAND VITARA', 'L', 2),
(796, 3, 'CHEVROLET', 'SUBURBAN', 'L', 2),
(797, 3, 'DAEWOO', 'MUSSO', 'L', 2),
(798, 3, 'DAIHATSU', 'FEROZA', 'K', 2),
(799, 3, 'DAIHATSU', 'ROCKY', 'K', 2),
(800, 3, 'DAIHATSU', 'TERIOS', 'L', 2),
(801, 3, 'FORD', 'EXPEDITION', 'J', 2),
(802, 3, 'FORD', 'EXPLORER', 'J', 2),
(803, 3, 'FORD', 'ESCAPE', 'J', 2),
(804, 3, 'FORD', 'EXCURSION', 'J', 2),
(805, 3, 'FORD', 'SPORT TRAC', 'K', 2),
(806, 3, 'FORD', 'BRONCO', 'L', 2),
(807, 3, 'FORD', 'ECOSPORT', 'L', 2),
(808, 3, 'HONDA', 'PILOT', 'J', 2),
(809, 3, 'HONDA', 'CR-V', 'J', 2),
(810, 3, 'HONDA', 'HRV', 'J', 2),
(811, 3, 'HONDA', 'ELEMENT', 'K', 2),
(812, 3, 'HONDA', 'PASSPORT', 'K', 2),
(813, 3, 'HONDA', 'REDGELINE', 'K', 2),
(814, 3, 'HYUNDAI', 'SANTA FE', 'J', 2),
(815, 3, 'HYUNDAI', 'VERACRUZ', 'J', 2),
(816, 3, 'HYUNDAI', 'TUCSON', 'K', 2),
(817, 3, 'HYUNDAI', 'GALLOPER', 'L', 2),
(818, 3, 'JEEP', 'CHEROKEE', 'J', 2),
(819, 3, 'JEEP', 'GRAND CHEROKEE', 'J', 2),
(820, 3, 'JEEP', 'COMMANDER', 'J', 2),
(821, 3, 'JEEP', 'LIBERTY', 'J', 2),
(822, 3, 'JEEP', 'PATRIOT', 'J', 2),
(823, 3, 'JEEP', 'COMPASS', 'K', 2),
(824, 3, 'JEEP', 'WRANGLER', 'K', 2),
(825, 3, 'JEEP', 'WAGONEER', 'L', 2),
(826, 3, 'JEEP', 'GRAND WAGONEER', 'L', 2),
(827, 3, 'JEEP', 'RENEGADO', 'L', 2),
(828, 3, 'KIA', 'SPORTAGE', 'J', 2),
(829, 3, 'KIA', 'SORENTO', 'J', 2),
(830, 3, 'KIA', 'BORREGO', 'J', 2),
(831, 3, 'KIA', 'TOWNER', 'L', 2),
(832, 3, 'LADA', 'TODOS', 'L', 2),
(833, 3, 'MITSUBISHI', 'MONTERO', 'J', 2),
(834, 3, 'MITSUBISHI', 'OUTLANDER', 'J', 2),
(835, 3, 'NISSAN', 'ARMADA', 'J', 2),
(836, 3, 'NISSAN', 'PATROL', 'J', 2),
(837, 3, 'NISSAN', 'MURANO', 'J', 2),
(838, 3, 'NISSAN', 'PATHFINDER', 'J', 2),
(839, 3, 'NISSAN', 'XTERRA', 'J', 2),
(840, 3, 'NISSAN', 'X-TRAIL', 'J', 2),
(841, 3, 'NISSAN', 'FRONTIER', 'K', 2),
(842, 3, 'NISSAN', 'TERRANO', 'K', 2),
(843, 3, 'TOYOTA', 'RORAIMA', 'J', 2),
(844, 3, 'TOYOTA', '4 RUNNER', 'J', 2),
(845, 3, 'TOYOTA', 'FORTUNER', 'J', 2),
(846, 3, 'TOYOTA', 'FJ CRUISER', 'J', 2),
(847, 3, 'TOYOTA', 'SEQUOIA', 'J', 2),
(848, 3, 'TOYOTA', 'LAND CRUISER S.WAGON', 'J', 2),
(849, 3, 'TOYOTA', 'HIGHLANDER', 'J', 2),
(850, 3, 'TOYOTA', 'HILUX DOBLE CABINA', 'J', 2),
(851, 3, 'TOYOTA', 'RAV-4', 'K', 2),
(852, 3, 'TOYOTA', 'HILUX DOBLE CABINA', 'K', 2),
(853, 3, 'TOYOTA', 'TACOMA', 'K', 2),
(854, 3, 'TOYOTA', 'TERIOS BE-GO', 'K', 2),
(855, 3, 'TOYOTA', 'CRESSIDA', 'L', 2),
(856, 3, 'TOYOTA', 'TERIOS COOL', 'L', 2),
(857, 3, 'TOYOTA', 'TERIOS LX', 'L', 2),
(858, 3, 'TOYOTA', 'TERIOS SPORT', 'L', 2),
(859, 3, 'ZOITE', 'TODOS', 'L', 2),
(860, 4, 'ACURA', 'TODOS ', 'D', 1),
(861, 4, 'ASTON MARTIN', 'TODOS ', 'D', 1),
(862, 4, 'BENTLY', 'TODOS ', 'D', 1),
(863, 4, 'BMW', 'TODOS ', 'D', 1),
(864, 4, 'BUGATTI', 'TODOS ', 'D', 1),
(865, 4, 'CADILLAC', 'TODOS ', 'D', 1),
(866, 4, 'FERRARI', 'TODOS ', 'D', 1),
(867, 4, 'INFINITI', 'TODOS ', 'D', 1),
(868, 4, 'JAGUAR', 'TODOS ', 'D', 1),
(869, 4, 'LAMBORGHINI', 'TODOS ', 'D', 1),
(870, 4, 'LEXUS', 'TODOS ', 'D', 1),
(871, 4, 'LINCOLN', 'TODOS ', 'D', 1),
(872, 4, 'LOTUS', 'TODOS ', 'D', 1),
(873, 4, 'MASERATI', 'TODOS ', 'D', 1),
(874, 4, 'MERCURY', 'TODOS ', 'D', 1),
(875, 4, 'MINI', 'TODOS ', 'D', 1),
(876, 4, 'PONTIAC', 'TODOS ', 'D', 1),
(877, 4, 'PORSCHE', 'TODOS ', 'D', 1),
(878, 4, 'ROLLS ROYCE', 'TODOS ', 'D', 1),
(879, 4, 'VOLVO', 'TODOS ', 'D', 1),
(880, 4, 'ALFA ROMEO', 'TODOS', 'D', 1),
(881, 4, 'ALFA ROMEO', '145', 'C', 1),
(882, 4, 'ALFA ROMEO', '146', 'C', 1),
(883, 4, 'AUDI', 'TODOS', 'D', 1),
(884, 4, 'AUDI', 'A3', 'C', 1),
(885, 4, 'SUBARU', 'TODOS', 'D', 1),
(886, 4, 'CHEVROLET', 'WAGON R', 'A', 1),
(887, 4, 'CHEVROLET', 'CORSA', 'A', 1),
(888, 4, 'CHEVROLET', 'CAVALIER', 'B', 1),
(889, 4, 'CHEVROLET', 'LUMINA', 'B', 1),
(890, 4, 'CHEVROLET', 'SWIFT', 'B', 1),
(891, 4, 'CHEVROLET', 'ESTEEM', 'B', 1),
(892, 4, 'CHEVROLET', 'ASTRA', 'B', 1),
(893, 4, 'CHEVROLET', 'EPICA', 'B', 1),
(894, 4, 'CHEVROLET', 'MERIVA', 'B', 1),
(895, 4, 'CHEVROLET', 'AVEO', 'B', 1),
(896, 4, 'CHEVROLET', 'BERETTA', 'C', 1),
(897, 4, 'CHEVROLET', 'CAMARO', 'C', 1),
(898, 4, 'CHEVROLET', 'CAPRICE', 'C', 1),
(899, 4, 'CHEVROLET', 'CENTURY', 'C', 1),
(900, 4, 'CHEVROLET', 'CORVETTE', 'C', 1),
(901, 4, 'CHEVROLET', 'MALIBU', 'C', 1),
(902, 4, 'CHEVROLET', 'SUNFIRE', 'C', 1),
(903, 4, 'CHEVROLET', 'IMPALA', 'C', 1),
(904, 4, 'CHEVROLET', 'OPTRA', 'C', 1),
(905, 4, 'CHEVROLET', 'MONTE CARLO', 'D', 1),
(906, 4, 'CHEVROLET', 'CRUZE', 'D', 1),
(907, 4, 'CHEVROLET', 'ORLANDO', 'D', 1),
(908, 4, 'CHRYSLER', 'SEBRING', 'C', 1),
(909, 4, 'CHRYSLER', 'NEON', 'C', 1),
(910, 4, 'CHRYSLER', 'GRAND CARAVAN', 'C', 1),
(911, 4, 'CHRYSLER', 'STRATUS', 'C', 1),
(912, 4, 'CHRYSLER', 'VOYAGER', 'C', 1),
(913, 4, 'CHRYSLER', 'CIRRUS', 'D', 1),
(914, 4, 'CHRYSLER', 'CONCORDE', 'D', 1),
(915, 4, 'CHRYSLER', 'FIFTH AVENUE', 'D', 1),
(916, 4, 'CHRYSLER', 'IMPERIAL', 'D', 1),
(917, 4, 'CHRYSLER', 'LE BARON', 'D', 1),
(918, 4, 'CHRYSLER', 'LHS', 'D', 1),
(919, 4, 'CHRYSLER', 'NEW YORKER', 'D', 1),
(920, 4, 'CHRYSLER', 'TOWN&COUNTRY', 'D', 1),
(921, 4, 'CHRYSLER', '300M', 'D', 1),
(922, 4, 'CHRYSLER', 'PT CRUISER', 'D', 1),
(923, 4, 'CHRYSLER', 'GRAND VOYAGER', 'D', 1),
(924, 4, 'CHRYSLER', 'CROSSFIRE', 'D', 1),
(925, 4, 'CHRYSLER', '300', 'D', 1),
(926, 4, 'CITROEN', 'TODOS', 'C', 1),
(927, 4, 'CITROEN', 'C3', 'B', 1),
(928, 4, 'CITROEN', 'C4', 'B', 1),
(929, 4, 'CITROEN', 'C5', 'D', 1),
(930, 4, 'DAEWO', 'MATIZ', 'A', 1),
(931, 4, 'DAEWO', 'TICO', 'A', 1),
(932, 4, 'DAEWO', 'CIELO', 'A', 1),
(933, 4, 'DAEWO', 'ESPERO', 'A', 1),
(934, 4, 'DAEWO', 'RACER', 'A', 1),
(935, 4, 'DAEWO', 'DAMAS', 'A', 1),
(936, 4, 'DAEWO', 'LANOS', 'A', 1),
(937, 4, 'DAEWO', 'NUBIRA', 'A', 1),
(938, 4, 'DAEWO', 'CHAIRMAN', 'A', 1),
(939, 4, 'DAEWO', 'LACETTI', 'A', 1),
(940, 4, 'DAEWO', 'PRINCE', 'A', 1),
(941, 4, 'DAEWO', 'SUPER SALOON', 'A', 1),
(942, 4, 'DAEWO', 'LEGANZA', 'A', 1),
(943, 4, 'DAEWO', 'TACUMA', 'A', 1),
(944, 4, 'DAIHATSU', 'TODOS', 'B', 1),
(945, 4, 'DODGE', 'BRISA', 'B', 1),
(946, 4, 'DODGE', 'GRAND CARAVAN', 'B', 1),
(947, 4, 'DODGE', 'STRATUS', 'B', 1),
(948, 4, 'DODGE', 'AVENGER', 'C', 1),
(949, 4, 'DODGE', 'CARAVAN', 'C', 1),
(950, 4, 'DODGE', 'INTREPID', 'C', 1),
(951, 4, 'DODGE', 'NEON', 'C', 1),
(952, 4, 'DODGE', 'SPIRIT', 'C', 1),
(953, 4, 'DODGE', 'STEALTH', 'C', 1),
(954, 4, 'DODGE', 'CALIBER', 'C', 1),
(955, 4, 'DODGE', 'ASPEN', 'D', 1),
(956, 4, 'DODGE', 'COLT', 'D', 1),
(957, 4, 'DODGE', 'CORONET', 'D', 1),
(958, 4, 'DODGE', 'DART', 'D', 1),
(959, 4, 'DODGE', 'SHADOW', 'D', 1),
(960, 4, 'DODGE', 'VIPER', 'D', 1),
(961, 4, 'DODGE', 'DYNASTY', 'D', 1),
(962, 4, 'DODGE', 'MONACO', 'D', 1),
(963, 4, 'DODGE', 'DAYTONA', 'D', 1),
(964, 4, 'DODGE', 'CHARGER', 'D', 1),
(965, 4, 'DODGE', 'DIPLOMAT', 'D', 1),
(966, 4, 'DODGE', 'DEMON', 'D', 1),
(967, 4, 'DODGE', 'WOODERMAN', 'D', 1),
(968, 4, 'DODGE', 'MAGNUM', 'D', 1),
(969, 4, 'DODGE', 'CHALLENGER', 'D', 1),
(970, 4, 'EAGLE', 'TODOS', 'B', 1),
(971, 4, 'FIAT', 'BRAVA', 'A', 1),
(972, 4, 'FIAT', 'CROMA', 'A', 1),
(973, 4, 'FIAT', 'COUPE', 'A', 1),
(974, 4, 'FIAT', 'MAREA', 'A', 1),
(975, 4, 'FIAT', 'STILO', 'A', 1),
(976, 4, 'FORD', 'FESTIVA', 'B', 1),
(977, 4, 'FORD', 'LASER', 'B', 1),
(978, 4, 'FORD', 'FOCUS', 'B', 1),
(979, 4, 'FORD', 'FIESTA', 'B', 1),
(980, 4, 'FORD', 'MUSTANG', 'C', 1),
(981, 4, 'FORD', 'FUSION', 'C', 1),
(982, 4, 'FORD', 'CROWN', 'D', 1),
(983, 4, 'FORD', 'GRAND MARQUIS', 'D', 1),
(984, 4, 'FORD', 'TAURUS', 'D', 1),
(985, 4, 'FORD', 'THUNDERBIRD', 'D', 1),
(986, 4, 'FORD', 'WINDSTAR', 'D', 1),
(987, 4, 'FORD', 'SHELBY', 'D', 1),
(988, 4, 'GEO', 'TODOS', 'B', 1),
(989, 4, 'GMC', 'TODOS', 'B', 1),
(990, 4, 'HONDA', 'TODOS', 'D', 1),
(991, 4, 'HONDA', 'FIT', 'C', 1),
(992, 4, 'HONDA', 'CIVIC', 'C', 1),
(993, 4, 'HYUNDAI', 'EXCEL', 'A', 1),
(994, 4, 'HYUNDAI', 'GRANDEUR', 'A', 1),
(995, 4, 'HYUNDAI', 'SCOUPE', 'A', 1),
(996, 4, 'HYUNDAI', 'SANTAMO', 'A', 1),
(997, 4, 'HYUNDAI', 'ATOS', 'A', 1),
(998, 4, 'HYUNDAI', 'VERNA', 'A', 1),
(999, 4, 'HYUNDAI', 'XG', 'A', 1),
(1000, 4, 'HYUNDAI', 'GENESIS', 'A', 1),
(1001, 4, 'HYUNDAI', 'AVANTE', 'A', 1),
(1002, 4, 'HYUNDAI', 'ACCENT', 'B', 1),
(1003, 4, 'HYUNDAI', 'GRACE', 'B', 1),
(1004, 4, 'HYUNDAI', 'MATRIX', 'B', 1),
(1005, 4, 'HYUNDAI', 'GETZ', 'B', 1),
(1006, 4, 'HYUNDAI', 'ELANTRA', 'B', 1),
(1007, 4, 'HYUNDAI', 'SONATA', 'C', 1),
(1008, 4, 'HYUNDAI', 'COUPE TIBURON', 'C', 1),
(1009, 4, 'HYUNDAI', 'AZERA', 'C', 1),
(1010, 4, 'ISUZU', 'TODOS', 'B', 1),
(1011, 4, 'KIA', 'DESTA', 'B', 1),
(1012, 4, 'KIA', 'CAPITAL', 'B', 1),
(1013, 4, 'KIA', 'SEPHIA', 'B', 1),
(1014, 4, 'KIA', 'ENTERPRISE', 'B', 1),
(1015, 4, 'KIA', 'JOICE', 'B', 1),
(1016, 4, 'KIA', 'TOWNER', 'B', 1),
(1017, 4, 'KIA', 'RIO', 'B', 1),
(1018, 4, 'KIA', 'SPECTRA', 'B', 1),
(1019, 4, 'KIA', 'CARSTAR', 'B', 1),
(1020, 4, 'KIA', 'CARENS', 'B', 1),
(1021, 4, 'KIA', 'SHUMA', 'B', 1),
(1022, 4, 'KIA', 'OPIRUS', 'B', 1),
(1023, 4, 'KIA', 'AMANTI', 'B', 1),
(1024, 4, 'KIA', 'RONDO', 'B', 1),
(1025, 4, 'KIA', 'MAGENTIS', 'B', 1),
(1026, 4, 'KIA', 'SOUL', 'B', 1),
(1027, 4, 'KIA', 'FORTE', 'B', 1),
(1028, 4, 'KIA', 'CARNIVAL', 'C', 1),
(1029, 4, 'KIA', 'PICANTO', 'C', 1),
(1030, 4, 'KIA', 'CERATO', 'C', 1),
(1031, 4, 'KIA', 'OPTIMA', 'D', 1),
(1032, 4, 'KIA', 'SEDONA', 'D', 1),
(1033, 4, 'LANCIA', 'TODOS', 'B', 1),
(1034, 4, 'MAYBACH', '57', 'B', 1),
(1035, 4, 'MAYBACH', '62', 'B', 1),
(1036, 4, 'MAZDA', 'ALLEGRO', 'A', 1),
(1037, 4, 'MAZDA', '3', 'A', 1),
(1038, 4, 'MAZDA', '6', 'A', 1),
(1039, 4, 'MAZDA', 'DEMIO', 'B', 1),
(1040, 4, 'MAZDA', '323', 'B', 1),
(1041, 4, 'MAZDA', 'MX 3', 'B', 1),
(1042, 4, 'MAZDA', 'MX 5', 'B', 1),
(1043, 4, 'MAZDA', 'MX 6', 'B', 1),
(1044, 4, 'MAZDA', 'PROTEGE', 'B', 1),
(1045, 4, 'MAZDA', 'RX 7', 'B', 1),
(1046, 4, 'MAZDA', 'MILLENIA', 'B', 1),
(1047, 4, 'MAZDA', '121', 'B', 1),
(1048, 4, 'MAZDA', '626', 'B', 1),
(1049, 4, 'MAZDA', 'MPV', 'B', 1),
(1050, 4, 'MAZDA', '2', 'B', 1),
(1051, 4, 'MAZDA', '5', 'B', 1),
(1052, 4, 'MAZDA', '929', 'C', 1),
(1053, 4, 'MAZDA', 'RX 8', 'C', 1),
(1054, 4, 'MERCEDES BENZ', 'TODOS', 'D', 1),
(1055, 4, 'MITSUBISHI', 'VR', 'B', 1),
(1056, 4, 'MITSUBISHI', 'ZX', 'B', 1),
(1057, 4, 'MITSUBISHI', 'PRECIS', 'B', 1),
(1058, 4, 'MITSUBISHI', 'VARICA', 'B', 1),
(1059, 4, 'MITSUBISHI', 'FTO', 'B', 1),
(1060, 4, 'MITSUBISHI', 'MX', 'B', 1),
(1061, 4, 'MITSUBISHI', 'SIGNO', 'B', 1),
(1062, 4, 'MITSUBISHI', '3000', 'C', 1),
(1063, 4, 'MITSUBISHI', 'DIAMANTE', 'C', 1),
(1064, 4, 'MITSUBISHI', 'ECLIPSE', 'C', 1),
(1065, 4, 'MITSUBISHI', 'EXPO', 'C', 1),
(1066, 4, 'MITSUBISHI', 'GALANT', 'C', 1),
(1067, 4, 'MITSUBISHI', 'MF', 'C', 1),
(1068, 4, 'MITSUBISHI', 'MIRAGE', 'C', 1),
(1069, 4, 'MITSUBISHI', 'MS', 'C', 1),
(1070, 4, 'MITSUBISHI', 'SIGMA', 'C', 1),
(1071, 4, 'MITSUBISHI', 'SPACE WAGON', 'C', 1),
(1072, 4, 'MITSUBISHI', 'GRANDIS', 'C', 1),
(1073, 4, 'MITSUBISHI', 'LANCER', 'C', 1),
(1074, 4, 'NISSAN', 'TODOS', 'C', 1),
(1075, 4, 'NISSAN', 'TIIDA', 'B', 1),
(1076, 4, 'NISSAN', 'SENTRA', 'D', 1),
(1077, 4, 'OLDSMOBILE', 'TODOS', 'B', 1),
(1078, 4, 'OPEL', 'TODOS', 'B', 1),
(1079, 4, 'PEUGEOT', 'TODOS', 'B', 1),
(1080, 4, 'PEUGEOT', '206', 'A', 1),
(1081, 4, 'PEUGEOT', '307', 'A', 1),
(1082, 4, 'PEUGEOT', '407', 'C', 1),
(1083, 4, 'PEUGEOT', '607', 'D', 1),
(1084, 4, 'PLYMOUTH', 'VOYAGER', 'B', 1),
(1085, 4, 'PLYMOUTH', 'NEON ', 'C', 1),
(1086, 4, 'PLYMOUTH', 'TODOS', 'D', 1),
(1087, 4, 'RENAULT', 'FUEGO', 'A', 1),
(1088, 4, 'RENAULT', 'GALA ', 'A', 1),
(1089, 4, 'RENAULT', 'SAFRANE', 'A', 1),
(1090, 4, 'RENAULT', '9/MAXIMO', 'A', 1),
(1091, 4, 'RENAULT', 'ESPACE', 'A', 1),
(1092, 4, 'RENAULT', '21', 'A', 1),
(1093, 4, 'RENAULT', 'CLIO', 'A', 1),
(1094, 4, 'RENAULT', 'TWINGO', 'A', 1),
(1095, 4, 'RENAULT', 'SANDERO', 'A', 1),
(1096, 4, 'RENAULT', 'SCENIC', 'A', 1),
(1097, 4, 'RENAULT', 'LAGUNA', 'A', 1),
(1098, 4, 'ROVER', 'TODOS', 'A', 1),
(1099, 4, 'SAAB', 'TODOS', 'B', 1),
(1100, 4, 'SATURN', 'TODOS', 'B', 1),
(1101, 4, 'SUZUKI', 'TODOS', 'B', 1),
(1102, 4, 'TOYOTA', 'PASEO', 'B', 1),
(1103, 4, 'TOYOTA', 'TERCEL', 'B', 1),
(1104, 4, 'TOYOTA', 'CELICA', 'B', 1),
(1105, 4, 'TOYOTA', 'YARIS', 'B', 1),
(1106, 4, 'TOYOTA', 'AVALON', 'C', 1),
(1107, 4, 'TOYOTA', 'CRESSIDA', 'C', 1),
(1108, 4, 'TOYOTA', 'MR2', 'C', 1),
(1109, 4, 'TOYOTA', 'STARLET', 'C', 1),
(1110, 4, 'TOYOTA', 'SUPRA', 'C', 1),
(1111, 4, 'TOYOTA', 'CORONA', 'C', 1),
(1112, 4, 'TOYOTA', 'PICNIC', 'C', 1),
(1113, 4, 'TOYOTA', 'ECHO', 'C', 1),
(1114, 4, 'TOYOTA', 'PRIUS', 'C', 1),
(1115, 4, 'TOYOTA', 'AVENSIS', 'C', 1),
(1116, 4, 'TOYOTA', 'CARINA', 'C', 1),
(1117, 4, 'TOYOTA', 'MATRIX', 'C', 1),
(1118, 4, 'TOYOTA', 'VENZA', 'C', 1),
(1119, 4, 'TOYOTA', 'COROLLA', 'C', 1),
(1120, 4, 'TOYOTA', 'CAMRY', 'D', 1),
(1121, 4, 'TOYOTA', 'CROWN', 'D', 1),
(1122, 4, 'TOYOTA', 'PREVIA', 'D', 1),
(1123, 4, 'TOYOTA', 'SIENNA', 'D', 1),
(1124, 4, 'VOLKSWAGEN', 'GAZELLE', 'A', 1),
(1125, 4, 'VOLKSWAGEN', 'GOL', 'A', 1),
(1126, 4, 'VOLKSWAGEN', 'VENTO', 'B', 1),
(1127, 4, 'VOLKSWAGEN', 'SPACEFOX', 'B', 1),
(1128, 4, 'VOLKSWAGEN', 'CROSS FOX', 'C', 1),
(1129, 4, 'VOLKSWAGEN', 'GOLF', 'C', 1),
(1130, 4, 'VOLKSWAGEN', 'JETTA', 'C', 1),
(1131, 4, 'VOLKSWAGEN', 'PASSAT', 'C', 1),
(1132, 4, 'VOLKSWAGEN', 'FOX', 'C', 1),
(1133, 4, 'VOLKSWAGEN', 'NEW BEETLE', 'C', 1),
(1134, 4, 'VOLKSWAGEN', 'POLO', 'C', 1),
(1135, 4, 'VOLKSWAGEN', 'BORA', 'C', 1),
(1136, 4, 'VOLKSWAGEN', 'PARATI', 'C', 1),
(1137, 4, 'VOLKSWAGEN', 'CABRIO', 'C', 1),
(1138, 4, 'VOLKSWAGEN', 'CABRIOLET', 'C', 1),
(1139, 4, 'VOLKSWAGEN', 'CORRADO', 'C', 1),
(1140, 4, 'VOLKSWAGEN', 'SANTANA', 'C', 1),
(1141, 4, 'VOLKSWAGEN', 'GTI', 'C', 1),
(1142, 4, 'VOLKSWAGEN', 'LUPO', 'C', 1),
(1143, 4, 'VOLKSWAGEN', 'PHAETON', 'C', 1),
(1144, 4, 'VOLKSWAGEN', 'R32', 'C', 1),
(1145, 4, 'VOLKSWAGEN', 'EOS', 'C', 1),
(1146, 4, 'VOLKSWAGEN', 'RABBIT', 'C', 1),
(1147, 4, 'VOLKSWAGEN', 'CC', 'C', 1),
(1148, 4, 'VOLKSWAGEN', 'GLI', 'C', 1),
(1149, 4, 'VOLKSWAGEN', 'TOURAN', 'C', 1),
(1150, 4, 'TODOS', 'TODOS', 'E', 1),
(1151, 4, 'ACURA', 'TODOS', 'D', 2),
(1152, 4, 'AUDI', 'TODOS', 'D', 2),
(1153, 4, 'BMW', 'TODOS', 'D', 2),
(1154, 4, 'BUICK', 'TODOS', 'D', 2),
(1155, 4, 'CADILLAC', 'TODOS', 'D', 2),
(1156, 4, 'CHEVROLET', 'JIMNY', 'B', 2),
(1157, 4, 'CHEVROLET', 'BLAZER', 'C', 2),
(1158, 4, 'CHEVROLET', 'GRAND BLAZER', 'C', 2),
(1159, 4, 'CHEVROLET', 'VITARA', 'C', 2),
(1160, 4, 'CHEVROLET', 'SUBURVAN', 'D', 2),
(1161, 4, 'CHEVROLET', 'SAMURAI', 'D', 2),
(1162, 4, 'CHEVROLET', 'TRACKER', 'D', 2),
(1163, 4, 'CHEVROLET', 'TROOPER', 'D', 2),
(1164, 4, 'CHEVROLET', 'GRAND VITARA', 'D', 2),
(1165, 4, 'CHEVROLET', 'EQUINOX', 'D', 2),
(1166, 4, 'CHEVROLET', 'CAPTIVA', 'D', 2),
(1167, 4, 'CHEVROLET', 'TRAVERSE', 'D', 2),
(1168, 4, 'CHEVROLET', 'TAHOE', 'D', 2),
(1169, 4, 'CHEVROLET', 'TRAILBLAZER', 'D', 2),
(1170, 4, 'CHRYSLER', 'PACIFICA', 'D', 2),
(1171, 4, 'CHRYSLER', 'ASPEN', 'D', 2),
(1172, 4, 'DAIHATSU', 'TERIOS', 'B', 2),
(1173, 4, 'DAIHATSU', 'FEROZA', 'C', 2),
(1174, 4, 'DAIHATSU', 'ROCKY', 'C', 2),
(1175, 4, 'DODGE', 'RAM BR', 'D', 2),
(1176, 4, 'DODGE', 'DURANGO', 'D', 2),
(1177, 4, 'DODGE', 'NITRO', 'D', 2),
(1178, 4, 'DODGE', 'JOURNEY', 'D', 2),
(1179, 4, 'FORD', 'BRONCO', 'C', 2),
(1180, 4, 'FORD', 'EXPLORER', 'D', 2),
(1181, 4, 'FORD', 'EXCURSION', 'D', 2),
(1182, 4, 'FORD', 'ESCAPE', 'D', 2),
(1183, 4, 'FORD', 'FREESTYLE', 'D', 2),
(1184, 4, 'FORD', 'EDGE', 'D', 2),
(1185, 4, 'FORD', 'FLEX', 'D', 2),
(1186, 4, 'FORD', 'ECOSPORT', 'D', 2),
(1187, 4, 'FORD', 'EXPEDITION', 'D', 2),
(1188, 4, 'GMC', 'JIMNY', 'C', 2),
(1189, 4, 'GMC', 'SUBURBAN', 'C', 2),
(1190, 4, 'GMC', 'TYPHOON', 'C', 2),
(1191, 4, 'GMC', 'YUKON', 'C', 2),
(1192, 4, 'GMC', 'ENVOY', 'C', 2),
(1193, 4, 'GMC', 'ACADIA', 'C', 2),
(1194, 4, 'GMC', 'TERRAIN', 'C', 2),
(1195, 4, 'HONDA', 'PASSPORT', 'D', 2),
(1196, 4, 'HONDA', 'CR V', 'D', 2),
(1197, 4, 'HONDA', 'HRV', 'D', 2),
(1198, 4, 'HONDA', 'PILOT', 'D', 2),
(1199, 4, 'HONDA', 'ELEMENT', 'D', 2),
(1200, 4, 'HUMMER', 'H1', 'D', 2),
(1201, 4, 'HUMMER', 'H3', 'D', 2),
(1202, 4, 'HYUNDAI', 'GALLOPER', 'C', 2),
(1203, 4, 'HYUNDAI', 'TERRACAN', 'D', 2),
(1204, 4, 'HYUNDAI', 'VERACRUZ', 'D', 2),
(1205, 4, 'HYUNDAI', 'SANTA FE', 'D', 2),
(1206, 4, 'HYUNDAI', 'TUCSON', 'D', 2),
(1207, 4, 'INFINITI', 'QX', 'D', 2),
(1208, 4, 'INFINITI', 'FX', 'D', 2),
(1209, 4, 'JEEP', 'GRAND WAGONEER', 'C', 2),
(1210, 4, 'JEEP', 'CJ7', 'C', 2),
(1211, 4, 'JEEP', 'WAGONEER', 'C', 2),
(1212, 4, 'JEEP', 'WRANGLER', 'C', 2),
(1213, 4, 'JEEP', 'COMPASS', 'C', 2),
(1214, 4, 'JEEP', 'LIBERTY', 'C', 2),
(1215, 4, 'JEEP', 'CHEROKEE', 'D', 2),
(1216, 4, 'JEEP', 'COMMANDER', 'D', 2),
(1217, 4, 'JEEP', 'GRAND CHEROKEE', 'D', 2),
(1218, 4, 'JEEP', 'PATRIOT', 'D', 2),
(1219, 4, 'KIA', 'SPORTAGE', 'D', 2),
(1220, 4, 'KIA', 'SORENTO', 'D', 2),
(1221, 4, 'KIA', 'BORREGO', 'D', 2),
(1222, 4, 'LAND ROVER', 'DEFENDER', 'D', 2),
(1223, 4, 'LAND ROVER', 'DISCOVERY', 'D', 2),
(1224, 4, 'LAND ROVER', 'FREELANDER', 'D', 2),
(1225, 4, 'LAND ROVER', 'RANGE ROVER', 'D', 2),
(1226, 4, 'LAND ROVER', 'LR3', 'D', 2),
(1227, 4, 'LAND ROVER', 'LR2', 'D', 2),
(1228, 4, 'LEXUS', 'GX', 'D', 2),
(1229, 4, 'LEXUS', 'LX', 'D', 2),
(1230, 4, 'LEXUS', 'RX', 'D', 2),
(1231, 4, 'LINCOLN', 'NAVIGATOR', 'D', 2),
(1232, 4, 'LINCOLN', 'AVIATOR', 'D', 2),
(1233, 4, 'LINCOLN', 'MKX', 'D', 2),
(1234, 4, 'MAZDA', 'NAVAJO', 'D', 2),
(1235, 4, 'MAZDA', 'TRIBUTE', 'D', 2),
(1236, 4, 'MAZDA', 'CX', 'D', 2),
(1237, 4, 'MERCEDES BENZ', 'GELAENDEWAGEN', 'D', 2),
(1238, 4, 'MERCEDES BENZ', 'GL ', 'D', 2),
(1239, 4, 'MERCEDES BENZ', 'GLK', 'D', 2),
(1240, 4, 'MERCEDES BENZ', 'ML ', 'D', 2),
(1241, 4, 'MERCURY', 'MOUNTAINEER', 'D', 2),
(1242, 4, 'MERCURY', 'MARINER', 'D', 2),
(1243, 4, 'MITSUBISHI', 'FREECA', 'D', 2),
(1244, 4, 'MITSUBISHI', 'NATIVA', 'D', 2),
(1245, 4, 'MITSUBISHI', 'OUTLANDER', 'D', 2),
(1246, 4, 'MITSUBISHI', 'ENDEAVOR', 'D', 2),
(1247, 4, 'MITSUBISHI', 'PAJERO', 'D', 2),
(1248, 4, 'MITSUBISHI', 'MONTERO', 'D', 2),
(1249, 4, 'NISSAN', 'XTERRA', 'C', 2),
(1250, 4, 'NISSAN', 'PATHFINDER', 'D', 2),
(1251, 4, 'NISSAN', 'PATROL', 'D', 2),
(1252, 4, 'NISSAN', 'TERRANO', 'D', 2),
(1253, 4, 'NISSAN', 'X TRAIL', 'D', 2),
(1254, 4, 'NISSAN', 'MURANO', 'D', 2),
(1255, 4, 'NISSAN', 'ARMADA', 'D', 2),
(1256, 4, 'NISSAN', 'ROGUE', 'D', 2),
(1257, 4, 'PONTIAC', 'AZTEK', 'D', 2),
(1258, 4, 'PONTIAC', 'TORRENT', 'D', 2),
(1259, 4, 'SATURN', 'VUE', 'D', 2),
(1260, 4, 'SUBARU', 'B9', 'D', 2),
(1261, 4, 'SUBARU', 'FORESTER', 'D', 2),
(1262, 4, 'SUZUKI', 'SAMURAI', 'D', 2),
(1263, 4, 'SUZUKI', 'SIDEKICK', 'D', 2),
(1264, 4, 'SUZUKI', 'X 90', 'D', 2),
(1265, 4, 'SUZUKI', 'VITARA', 'D', 2),
(1266, 4, 'SUZUKI', 'JIMNY', 'D', 2),
(1267, 4, 'SUZUKI', 'XL7', 'D', 2),
(1268, 4, 'SUZUKI', 'GRAND VITARA', 'D', 2),
(1269, 4, 'TOYOTA', 'LAND CRUISER', 'B', 2),
(1270, 4, 'TOYOTA', 'TERIOS', 'B', 2),
(1271, 4, 'TOYOTA', 'RAV4', 'C', 2),
(1272, 4, 'TOYOTA', 'SEQUOIA', 'D', 2),
(1273, 4, 'TOYOTA', 'HIGHLANDER', 'D', 2),
(1274, 4, 'TOYOTA', 'FJ CRUISER', 'D', 2),
(1275, 4, 'TOYOTA', 'FORTUNER', 'D', 2),
(1276, 4, 'TOYOTA', 'LAND CRUISER S.WAGON', 'D', 2),
(1277, 4, 'TOYOTA', '4RUNNER', 'D', 2),
(1278, 4, 'WOLKSWAGEN', 'TOUAREG', 'D', 2),
(1279, 4, 'TODOS', 'TODOS', 'A', 2),
(1280, 4, 'AM GENERAL', 'FJ8', 'B', 3),
(1281, 4, 'CHEVROLET', 'C10', 'B', 3),
(1282, 4, 'CHEVROLET', 'C30', 'B', 3),
(1283, 4, 'CHEVROLET', 'C31', 'B', 3),
(1284, 4, 'CHEVROLET', 'CHEVY 500', 'B', 3),
(1285, 4, 'CHEVROLET', 'S 10', 'B', 3),
(1286, 4, 'CHEVROLET', 'C40', 'B', 3),
(1287, 4, 'CHEVROLET', 'K 2500', 'B', 3),
(1288, 4, 'CHEVROLET', 'C 2500', 'B', 3),
(1289, 4, 'CHEVROLET', 'R', 'B', 3),
(1290, 4, 'CHEVROLET', 'C20', 'B', 3),
(1291, 4, 'CHEVROLET', 'APACHE', 'B', 3),
(1292, 4, 'CHEVROLET', 'C274', 'B', 3),
(1293, 4, 'CHEVROLET', 'SSR', 'B', 3),
(1294, 4, 'CHEVROLET', 'COLORADO', 'B', 3),
(1295, 4, 'CHEVROLET', 'MONTANA', 'B', 3),
(1296, 4, 'CHEVROLET', 'AVALANCHE', 'C', 3),
(1297, 4, 'CHEVROLET', 'C1500', 'D', 3),
(1298, 4, 'CHEVROLET', 'SILVERADO', 'D', 3),
(1299, 4, 'CHEVROLET', 'LUV', 'D', 3),
(1300, 4, 'CHRYSLER', 'CNT900', 'B', 3),
(1301, 4, 'DODGE', 'TODOS', 'B', 3),
(1302, 4, 'DODGE', 'RAM  ', 'C', 3),
(1303, 4, 'FIAT', 'STRADA', 'B', 3),
(1304, 4, 'FORD', 'F 100', 'B', 3),
(1305, 4, 'FORD', 'RANGER', 'B', 3),
(1306, 4, 'FORD', 'F 70', 'B', 3),
(1307, 4, 'FORD', 'F 1000', 'B', 3),
(1308, 4, 'FORD', 'F 250', 'C', 3),
(1309, 4, 'FORD', 'F250 SUPER DUTY', 'C', 3),
(1310, 4, 'FORD', 'F 150', 'D', 3),
(1311, 4, 'GMC', 'CANYON', 'B', 3),
(1312, 4, 'GMC', 'R', 'B', 3),
(1313, 4, 'GMC', 'SIERRA', 'B', 3),
(1314, 4, 'GMC', 'SONOMA', 'B', 3),
(1315, 4, 'HONDA', 'RIDGELINE', 'C', 3),
(1316, 4, 'HUMMER', 'H2', 'B', 3),
(1317, 4, 'ISUZU', 'HOMBRE', 'B', 3),
(1318, 4, 'ISUZU', 'LS', 'B', 3),
(1319, 4, 'ISUZU', 'S', 'B', 3),
(1320, 4, 'ISUZU', 'TFR', 'B', 3),
(1321, 4, 'ISUZU', 'TFS', 'B', 3),
(1322, 4, 'JEEP', 'COMANCHE', 'B', 3),
(1323, 4, 'JEEP', 'J10', 'B', 3),
(1324, 4, 'LINCOLN', 'MARK LT', 'D', 3),
(1325, 4, 'MAZDA', 'B ', 'B', 3),
(1326, 4, 'MAZDA', 'BT', 'C', 3),
(1327, 4, 'MERCURY', '950', 'B', 3),
(1328, 4, 'MERCURY', 'M', 'B', 3),
(1329, 4, 'NISSAN', 'PICKUP', 'B', 3),
(1330, 4, 'NISSAN', 'FRONTIER', 'B', 3),
(1331, 4, 'NISSAN', 'TITAN', 'B', 3),
(1332, 4, 'SKODA', 'PICK UP', 'B', 3),
(1333, 4, 'SUBARU', 'BAJA', 'B', 3),
(1334, 4, 'TOYOTA', 'PICK UP', 'C', 3),
(1335, 4, 'TOYOTA', 'T1000', 'C', 3),
(1336, 4, 'TOYOTA', 'TACOMA', 'C', 3),
(1337, 4, 'TOYOTA', 'TUNDRA', 'C', 3),
(1338, 4, 'TOYOTA', 'HILUX', 'C', 3),
(1339, 4, 'TODOS', 'TODOS', 'B', 3),
(1340, 6, 'AUDI', 'TODOS ', 'A', 1),
(1341, 6, 'BMW', 'TODOS  ', 'A', 1),
(1342, 6, 'HONDA', 'ACCORD', 'A', 1),
(1343, 6, 'HONDA', 'ODYSSEY', 'A', 1),
(1344, 6, 'KIA', 'SEDONA', 'A', 1),
(1345, 6, 'LEXUS', 'TODOS', 'A', 1),
(1346, 6, 'MERCEDES BENZ', 'TODOS', 'A', 1),
(1347, 6, 'TOYOTA', 'CAMRY', 'A', 1),
(1348, 6, 'TOYOTA', 'PREVIA', 'A', 1),
(1349, 6, 'VOLKSWAGEN', 'PASSAT', 'A', 1),
(1350, 6, 'CHEVROLET', 'CRUZE', 'B', 1),
(1351, 6, 'CHRYSLER', 'GRAND CARAVAN', 'B', 1),
(1352, 6, 'DODGE', 'CARAVAN', 'B', 1),
(1353, 6, 'DODGE', 'GRAND CARAVAN', 'B', 1),
(1354, 6, 'FORD', 'FUSION', 'B', 1),
(1355, 6, 'FORD', 'MUSTANG', 'B', 1),
(1356, 6, 'KIA', 'CARENS', 'B', 1),
(1357, 6, 'KIA', 'CARNIVAL', 'B', 1),
(1358, 6, 'MAZDA', '5', 'B', 1),
(1359, 6, 'MITSUBISHI', 'SPACE WAGON', 'B', 1),
(1360, 6, 'TOYOTA', 'COROLLA', 'B', 1),
(1361, 6, 'TOYOTA', 'SIENNA', 'B', 1),
(1362, 6, 'VOLKSWAGEN', 'BORA', 'B', 1),
(1363, 6, 'VOLKSWAGEN', 'JETTA', 'B', 1),
(1364, 6, 'AUDI', 'A3', 'C', 1),
(1365, 6, 'CHEVROLET', 'OPTRA', 'C', 1),
(1366, 6, 'CHEVROLET', 'EPICA', 'C', 1),
(1367, 6, 'CHRYSLER', 'SEBRING', 'C', 1),
(1368, 6, 'CHRYSLER', 'TOWN&COUNTRY', 'C', 1),
(1369, 6, 'DAEWO', 'TACUMA', 'C', 1),
(1370, 6, 'DODGE', 'CALIBER', 'C', 1),
(1371, 6, 'FORD', 'TAURUS', 'C', 1),
(1372, 6, 'HYUNDAI', 'ELANTRA', 'C', 1),
(1373, 6, 'HYUNDAI', 'SONATA', 'C', 1),
(1374, 6, 'NISSAN', 'ALTIMA', 'C', 1),
(1375, 6, 'SEAT', 'TOLEDO', 'C', 1),
(1376, 6, 'SUBARU', 'IMPREZA', 'C', 1),
(1377, 6, 'CHEVROLET', 'MERIVA', 'D', 1),
(1378, 6, 'CHEVROLET', 'LUMINA', 'D', 1),
(1379, 6, 'FIAT', 'IDEA', 'D', 1),
(1380, 6, 'FIAT', 'MAREA', 'D', 1),
(1381, 6, 'FORD', 'FIESTA', 'D', 1),
(1382, 6, 'HONDA', 'CIVIC', 'D', 1),
(1383, 6, 'HYUNDAI', 'MATRIX', 'D', 1),
(1384, 6, 'KIA', 'OPTIMA', 'D', 1),
(1385, 6, 'MAZDA', '6', 'D', 1),
(1386, 6, 'MAZDA', '3', 'D', 1),
(1387, 6, 'MITSUBISHI', 'GALANT', 'D', 1),
(1388, 6, 'MITSUBISHI', 'LANCER', 'D', 1),
(1389, 6, 'MITSUBISHI', 'MF', 'D', 1),
(1390, 6, 'RENAULT', 'SCENIC', 'D', 1),
(1391, 6, 'TOYOTA', 'YARIS', 'D', 1),
(1392, 6, 'VOLKSWAGEN', 'POLO', 'D', 1),
(1393, 6, 'CHEVROLET', 'ASTRA', 'E', 1),
(1394, 6, 'CHEVROLET', 'CAVALIER', 'E', 1),
(1395, 6, 'CHEVROLET', 'SUNFIRE', 'E', 1),
(1396, 6, 'CHEVROLET', 'AVEO', 'E', 1),
(1397, 6, 'FORD', 'FOCUS', 'E', 1),
(1398, 6, 'HONDA', 'FIT', 'E', 1),
(1399, 6, 'MAZDA', '626', 'E', 1),
(1400, 6, 'NISSAN', 'SENTRA', 'E', 1),
(1401, 6, 'NISSAN', 'TIIDA', 'E', 1),
(1402, 6, 'TOYOTA', 'STARLET', 'E', 1),
(1403, 6, 'VOLKSWAGEN', 'CROSS FOX', 'E', 1),
(1404, 6, 'BUICK', 'CENTURY', 'F', 1),
(1405, 6, 'CHEVROLET', 'CENTURY', 'F', 1),
(1406, 6, 'CHRYSLER', 'NEON', 'F', 1),
(1407, 6, 'CHRYSLER', 'STRATUS', 'F', 1),
(1408, 6, 'DAEWO', 'NUBIRA', 'F', 1),
(1409, 6, 'DODGE', 'NEON', 'F', 1),
(1410, 6, 'FORD', 'LASER', 'F', 1),
(1411, 6, 'FORD', 'FESTIVA', 'F', 1),
(1412, 6, 'HYUNDAI', 'ATOS', 'F', 1),
(1413, 6, 'HYUNDAI', 'EXCEL', 'F', 1),
(1414, 6, 'HYUNDAI', 'GETZ', 'F', 1),
(1415, 6, 'MAZDA', 'ALEGRO', 'F', 1),
(1416, 6, 'MAZDA', 'DEMIO', 'F', 1),
(1417, 6, 'RENAULT', 'CLIO', 'F', 1),
(1418, 6, 'RENAULT', 'MEGANE ', 'F', 1),
(1419, 6, 'SEAT', 'CORDOBA', 'F', 1),
(1420, 6, 'VOLKSWAGEN', 'FOX', 'F', 1),
(1421, 6, 'FIAT', 'PALIO', 'G PLUS', 1),
(1422, 6, 'RENAULT', 'SYMBOL', 'G PLUS', 1),
(1423, 6, 'KIA', 'RIO', 'G PLUS', 1),
(1424, 6, 'CHEVROLET', 'CHEVY C2', 'G  ', 1),
(1425, 6, 'CHEVROLET', 'ESTEEM', 'G  ', 1),
(1426, 6, 'CHEVROLET', 'SPARK', 'G  ', 1),
(1427, 6, 'CHEVROLET', 'SWIFT', 'G  ', 1),
(1428, 6, 'DAEWO', 'LANOS', 'G  ', 1),
(1429, 6, 'DAEWO', 'MATIZ', 'G  ', 1),
(1430, 6, 'FIAT', 'SIENA', 'G  ', 1),
(1431, 6, 'HYUNDAI', 'ACCENT', 'G  ', 1),
(1432, 6, 'KIA', 'PICANTO', 'G  ', 1),
(1433, 6, 'MAZDA', '323', 'G  ', 1),
(1434, 6, 'PEUGEOT', '206', 'G  ', 1),
(1435, 6, 'RENAULT', 'LOGAN', 'G  ', 1),
(1436, 6, 'RENAULT', 'TWINGO', 'G  ', 1),
(1437, 6, 'RENAULT', '19', 'G  ', 1),
(1438, 6, 'SEAT', 'IBIZA', 'G  ', 1),
(1439, 6, 'VOLKSWAGEN', 'GOL', 'G  ', 1),
(1440, 6, 'CHEVROLET', 'CORSA', 'H', 1),
(1441, 6, 'CHEVROLET', 'WAGON R', 'H', 1),
(1442, 6, 'DAEWO', 'CIELO', 'H', 1),
(1443, 6, 'DODGE', 'BRISA', 'H', 1),
(1444, 6, 'FIAT', 'UNO', 'H', 1),
(1445, 6, 'FORD', 'KA', 'H', 1),
(1446, 6, 'MITSUBISHI', 'SIGNO', 'H', 1),
(1447, 6, 'DAIHATSU', 'TERIOS', 'D', 2),
(1448, 6, 'BMW', 'X5', 'I', 2),
(1449, 6, 'BMW', 'X3', 'I', 2),
(1450, 6, 'CHEVROLET', 'CAPTIVA', 'I', 2),
(1451, 6, 'CHEVROLET', 'TAHOE', 'I', 2),
(1452, 6, 'HONDA', 'CR V', 'I', 2),
(1453, 6, 'HONDA', 'PILOT', 'I', 2),
(1454, 6, 'HYUNDAI', 'SANTA FE', 'I', 2),
(1455, 6, 'HYUNDAI', 'TUCSON', 'I', 2),
(1456, 6, 'JEEP', 'CHEROKEE', 'I', 2),
(1457, 6, 'JEEP', 'GRAND CHEROKEE', 'I', 2),
(1458, 6, 'FORD', 'ESCAPE', 'I', 2),
(1459, 6, 'FORD', 'EXPEDITION', 'I', 2),
(1460, 6, 'FORD', 'EXPLORER', 'I', 2),
(1461, 6, 'MITSUBISHI', 'MONTERO', 'I', 2),
(1462, 6, 'MITSUBISHI', 'OUTLANDER', 'I', 2),
(1463, 6, 'NISSAN', 'PATHFINDER', 'I', 2),
(1464, 6, 'NISSAN', 'MURANO', 'I', 2),
(1465, 6, 'NISSAN', 'PATROL', 'I', 2),
(1466, 6, 'TOYOTA', 'FORTUNER', 'I', 2),
(1467, 6, 'TOYOTA', 'LAND CRUISER S.WAGON', 'I', 2),
(1469, 6, 'TOYOTA', '4RUNNER', 'I', 2),
(1470, 6, 'VOLKSWAGEN', 'TOUAREG', 'I', 2),
(1471, 6, 'CHEVROLET', 'VITARA', 'K', 2),
(1472, 6, 'CHEVROLET', 'JIMNY', 'K', 2),
(1473, 6, 'FORD', 'BRONCO', 'K', 2),
(1474, 6, 'FORD', 'ECOSPORT', 'K', 2),
(1475, 6, 'NISSAN', 'MAXIMA', 'K', 2),
(1476, 6, 'FORD', 'EXPLORER SPORT TRACK', 'K', 2),
(1477, 6, 'TOYOTA', 'LAND CRUISER ', 'L', 2),
(1478, 6, 'TODOS', 'TODOS', 'J', 2),
(1479, 6, 'CHEVROLET', 'LUV', 'L PLUS', 3),
(1480, 6, 'FORD', 'F 150', 'L PLUS', 3),
(1481, 6, 'FORD', 'F 250', 'L PLUS', 3),
(1482, 6, 'TOYOTA', 'HILUX', 'L PLUS', 3),
(1483, 6, 'CHEVROLET', 'AVALANCHE', 'L', 3),
(1484, 6, 'CHEVROLET', 'C 1500', 'L', 3),
(1485, 6, 'CHEVROLET', 'SILVERADO', 'L', 3),
(1486, 6, 'DODGE', 'DAKOTA', 'L', 3),
(1487, 6, 'DODGE', 'RAM', 'L', 3),
(1488, 6, 'FORD', 'RANGER', 'L', 3),
(1489, 6, 'NISSAN', 'FRONTIER', 'L', 3),
(1490, 6, 'NISSAN', 'PICKUP', 'L', 3),
(1491, 6, 'TODOS', 'TODOS', 'M', 3),
(1492, 8, 'ACURA', 'TL', 'A', 1),
(1493, 8, 'ALFA ROMEO', '146', 'A', 1),
(1494, 8, 'ALFA ROMEO', '156', 'A', 1),
(1495, 8, 'ALFA ROMEO', 'TODOS', 'E', 1),
(1496, 8, 'AUDI ', 'TODOS  ', 'A', 1),
(1497, 8, 'BMW', 'TODOS', 'A', 1),
(1498, 8, 'BUICK', 'PARK AVENUE', 'A', 1),
(1499, 8, 'BUICK', 'REGAL', 'C', 1),
(1500, 8, 'BUICK', 'CENTURY', 'D', 1),
(1501, 8, 'CADILLAC', 'SEVILLE', 'A', 1),
(1502, 8, 'CHEVROLET', 'IMPALA', 'A', 1),
(1503, 8, 'CHEVROLET', 'EPICA', 'A', 1),
(1504, 8, 'CHEVROLET', 'MALIBU', 'B', 1),
(1505, 8, 'CHEVROLET', 'OPTRA', 'B', 1),
(1506, 8, 'CHEVROLET', 'CRUZE', 'B', 1),
(1507, 8, 'CHEVROLET', 'AVEO', 'C', 1),
(1508, 8, 'CHEVROLET', 'CENTURY', 'C', 1),
(1509, 8, 'CHEVROLET', 'MERIVA', 'C', 1),
(1510, 8, 'CHEVROLET', 'CAMARO', 'C', 1),
(1511, 8, 'CHEVROLET', 'ASTRA', 'D', 1),
(1512, 8, 'CHEVROLET', 'CAVALIER', 'D', 1),
(1513, 8, 'CHEVROLET', 'LUMINA', 'D', 1),
(1514, 8, 'CHEVROLET', 'SUNFIRE', 'D', 1),
(1515, 8, 'CHEVROLET', 'ESTEEM', 'E', 1),
(1516, 8, 'CHEVROLET', 'SWIFT', 'F', 1),
(1517, 8, 'CHEVROLET', 'CORSA', 'G', 1),
(1518, 8, 'CHEVROLET', 'CHEVETTE', 'G', 1),
(1519, 8, 'CHEVROLET', 'WAGON R', 'G', 1),
(1520, 8, 'CHEVROLET', 'CHEVY C2', 'G', 1),
(1521, 8, 'CHEVROLET', 'SPARK', 'H', 1),
(1522, 8, 'CHRYSLER', '300M', 'A', 1),
(1523, 8, 'CHRYSLER', 'PT CRUISER', 'A', 1),
(1524, 8, 'CHRYSLER', 'SEBRING', 'A', 1),
(1525, 8, 'CHRYSLER', 'LE BARON', 'B', 1),
(1526, 8, 'CHRYSLER', 'NEON', 'C', 1),
(1527, 8, 'CHRYSLER', 'STRATUS', 'D', 1),
(1528, 8, 'CITROEN', 'TODOS', 'B', 1),
(1529, 8, 'DAEWOO', 'TACUMA', 'C', 1),
(1530, 8, 'DAEWOO', 'CIELO', 'G', 1),
(1531, 8, 'DAEWOO', 'ESPERO', 'G', 1),
(1532, 8, 'DAEWOO', 'LANOS', 'G', 1),
(1533, 8, 'DAEWOO', 'LEGANZA', 'G', 1),
(1534, 8, 'DAEWOO', 'MATIZ', 'G', 1),
(1535, 8, 'DAEWOO', 'NUBIRA', 'G', 1),
(1536, 8, 'DAEWOO', 'RACER', 'G', 1),
(1537, 8, 'DAEWOO', 'TICO', 'H', 1),
(1538, 8, 'DODGE', 'CALIBER', 'B', 1),
(1539, 8, 'DODGE', 'INTREPID', 'C', 1),
(1540, 8, 'DODGE', 'NEON', 'C', 1),
(1541, 8, 'DODGE', 'STRATUS', 'D', 1),
(1542, 8, 'DODGE', 'BRISA', 'F', 1),
(1543, 8, 'FIAT', 'PUNTO', 'B', 1),
(1544, 8, 'FIAT', 'SIENA', 'C', 1),
(1545, 8, 'FIAT', 'PREMIO', 'D', 1),
(1546, 8, 'FIAT', 'PALIO', 'D', 1),
(1547, 8, 'FIAT', 'IDEA', 'E', 1),
(1548, 8, 'FIAT', 'MAREA', 'E', 1),
(1549, 8, 'FIAT', 'STILO', 'E', 1),
(1550, 8, 'FIAT', 'COUPE', 'F', 1),
(1551, 8, 'FIAT', 'TIPO', 'F', 1),
(1552, 8, 'FIAT', 'UNO', 'G', 1),
(1553, 8, 'FORD', 'FUSION', 'A', 1),
(1554, 8, 'FORD', 'MUSTANG', 'A', 1),
(1555, 8, 'FORD', 'FOCUS', 'C', 1),
(1556, 8, 'FORD', 'TAURUS', 'C', 1),
(1558, 8, 'FORD', 'LASER', 'D', 1),
(1559, 8, 'FORD', 'FIESTA', 'E', 1),
(1560, 8, 'FORD', 'FESTIVA', 'F', 1),
(1561, 8, 'FORD', 'KA', 'H', 1),
(1562, 8, 'HONDA', 'ACCORD', 'A', 1),
(1563, 8, 'HONDA', 'LEGEND', 'A', 1),
(1564, 8, 'HONDA', 'CIVIC', 'B', 1),
(1565, 8, 'HONDA', 'FIT', 'C', 1),
(1566, 8, 'HYUNDAI', 'SONATA', 'A', 1),
(1567, 8, 'HYUNDAI', 'COUPE TIBURON', 'B', 1),
(1568, 8, 'HYUNDAI', 'ELANTRA', 'B', 1),
(1569, 8, 'HYUNDAI', 'MATRIX', 'D', 1),
(1570, 8, 'HYUNDAI', 'EXCEL', 'E', 1),
(1571, 8, 'HYUNDAI', 'ACCENT', 'E', 1),
(1572, 8, 'HYUNDAI', 'GETZ', 'F', 1),
(1573, 8, 'HYUNDAI', 'ATOS', 'G', 1),
(1574, 8, 'HYUNDAI', 'VERNA', 'G', 1),
(1575, 8, 'KIA', 'AMANTI', 'A', 1),
(1576, 8, 'KIA', 'OPIRUS', 'A', 1),
(1577, 8, 'KIA', 'RONDO', 'A', 1),
(1578, 8, 'KIA', 'OPTIMA', 'B', 1),
(1579, 8, 'KIA', 'SEDONA', 'B', 1),
(1580, 8, 'KIA', 'CARENS', 'C', 1),
(1581, 8, 'KIA', 'CERATO', 'D', 1),
(1582, 8, 'KIA', 'SPECTRA', 'D', 1),
(1583, 8, 'KIA', 'SEPHIA', 'D', 1),
(1584, 8, 'KIA', 'SHUMA', 'D', 1),
(1585, 8, 'KIA', 'PICANTO', 'E', 1),
(1586, 8, 'KIA', 'RIO', 'E', 1),
(1587, 8, 'LEXUS', 'TODOS', 'A', 1),
(1588, 8, 'LINCOLN', 'CONTINENTAL', 'A', 1),
(1589, 8, 'LINCOLN', 'TOWN CAR', 'A', 1),
(1590, 8, 'MAZDA', 'RX 8', 'A', 1),
(1591, 8, 'MAZDA', '3', 'B', 1),
(1592, 8, 'MAZDA', '5', 'B', 1),
(1593, 8, 'MAZDA', '6', 'B', 1),
(1594, 8, 'MAZDA', 'MX 5', 'B', 1),
(1595, 8, 'MAZDA', '626', 'C', 1),
(1596, 8, 'MAZDA', '2', 'D', 1),
(1597, 8, 'MAZDA', 'ALLEGRO', 'D', 1),
(1598, 8, 'MAZDA', 'DEMIO', 'E', 1),
(1599, 8, 'MAZDA', '323', 'F', 1),
(1600, 8, 'MERCEDES BENZ ', 'TODOS', 'A', 1),
(1601, 8, 'MERCURY', 'VILLAGER', 'B', 1),
(1602, 8, 'MERCURY', 'GRAND MARQUIS', 'C', 1),
(1603, 8, 'MINICORD', 'MINICORD', 'A', 1),
(1604, 8, 'MITSUBISHI', 'DIAMANTE', 'B', 1),
(1605, 8, 'MITSUBISHI', 'LANCER', 'B', 1),
(1606, 8, 'MITSUBISHI', 'SIGNO', 'F', 1),
(1607, 8, 'MITSUBISHI', '3000', 'C', 1),
(1608, 8, 'MITSUBISHI', 'ECLIPSE', 'C', 1),
(1609, 8, 'MITSUBISHI', 'GALANT', 'C', 1),
(1610, 8, 'MITSUBISHI', 'MIRAGE', 'D', 1),
(1611, 8, 'MITSUBISHI', 'MX ', 'D', 1),
(1612, 8, 'MITSUBISHI', 'MS', 'E', 1),
(1613, 8, 'NISSAN', '350', 'A', 1),
(1614, 8, 'NISSAN', 'ALTIMA', 'A', 1),
(1615, 8, 'NISSAN', 'ALMERA', 'B', 1),
(1616, 8, 'NISSAN', 'MAXIMA', 'B', 1),
(1617, 8, 'NISSAN', 'TIIDA', 'B', 1),
(1618, 8, 'NISSAN', 'VERSA', 'B', 1),
(1619, 8, 'NISSAN', 'SENTRA', 'B', 1),
(1620, 8, 'NISSAN', 'PRIMERA', 'C', 1),
(1621, 8, 'PEUGEOT', '407', 'B', 1),
(1622, 8, 'PEUGEOT', '408', 'B', 1),
(1623, 8, 'PEUGEOT', '207', 'C', 1),
(1624, 8, 'PEUGEOT', '307', 'C', 1),
(1625, 8, 'PEUGEOT', '206', 'D', 1),
(1626, 8, 'PORSCHE', '911', 'A', 1),
(1627, 8, 'RENAULT', 'SCENIC', 'B', 1),
(1628, 8, 'RENAULT', 'MEGANE', 'C', 1),
(1629, 8, 'RENAULT', 'CLIO', 'D', 1),
(1630, 8, 'RENAULT', 'KANGOO', 'D', 1),
(1631, 8, 'RENAULT', '21', 'D', 1),
(1632, 8, 'RENAULT', 'LAGUNA', 'D', 1),
(1633, 8, 'RENAULT', 'LOGAN', 'F', 1),
(1634, 8, 'RENAULT', 'SYMBOL', 'F', 1),
(1635, 8, 'RENAULT', 'SANDERO', 'F', 1),
(1636, 8, 'RENAULT', '19', 'G', 1),
(1637, 8, 'RENAULT', 'TWINGO', 'G', 1),
(1638, 8, 'SEAT', 'ALHAMBRA', 'B', 1),
(1639, 8, 'SEAT', 'ALTEA', 'C', 1),
(1640, 8, 'SEAT', 'TOLEDO', 'C', 1),
(1641, 8, 'SEAT', 'CORDOBA', 'D', 1),
(1642, 8, 'SEAT', 'IBIZA', 'D', 1),
(1643, 8, 'SEAT', 'LEON', 'D', 1),
(1644, 8, 'SUBARU', 'IMPREZA', 'A', 1),
(1645, 8, 'SUBARU', 'LEGACY', 'A', 1),
(1646, 8, 'SUBARU', 'OUTBACK', 'A', 1),
(1647, 8, 'TOYOTA', 'AVALON', 'A', 1),
(1648, 8, 'TOYOTA', 'AVENSIS', 'A', 1),
(1649, 8, 'TOYOTA', 'CAMRY', 'A', 1),
(1650, 8, 'TOYOTA', 'COROLLA', 'A', 1),
(1651, 8, 'TOYOTA', 'PRIUS', 'A', 1),
(1652, 8, 'TOYOTA', 'MATRIX', 'B', 1),
(1653, 8, 'TOYOTA', 'CELICA', 'C', 1),
(1654, 8, 'TOYOTA', 'YARIS', 'C', 1),
(1655, 8, 'TOYOTA', 'TERCEL', 'F', 1),
(1656, 8, 'VOLKSWAGEN', 'GOLF', 'A', 1),
(1657, 8, 'VOLKSWAGEN', 'JETTA', 'A', 1),
(1658, 8, 'VOLKSWAGEN', 'PASSAT', 'A', 1),
(1659, 8, 'VOLKSWAGEN', 'PHAETON', 'A', 1),
(1660, 8, 'VOLKSWAGEN', 'BORA', 'B', 1),
(1661, 8, 'VOLKSWAGEN', 'CROSS FOX', 'B', 1),
(1662, 8, 'VOLKSWAGEN', 'FOX', 'B', 1),
(1663, 8, 'VOLKSWAGEN', 'NEW BEETLE', 'B', 1),
(1664, 8, 'VOLKSWAGEN', 'PARATI', 'B', 1),
(1665, 8, 'VOLKSWAGEN', 'POLO', 'B', 1),
(1666, 8, 'VOLKSWAGEN', 'SPACEFOX', 'C', 1),
(1667, 8, 'VOLKSWAGEN', 'RABBIT', 'C', 1),
(1668, 8, 'VOLKSWAGEN', 'VENTO', 'E', 1),
(1669, 8, 'VOLKSWAGEN', 'GOL ', 'F', 1),
(1670, 8, 'VOLKSWAGEN', 'ESCARABAJO', 'G', 1),
(1671, 8, 'TODOS', 'TODOS', 'H', 1),
(1672, 8, 'AUDI ', 'TODOS', 'A', 2),
(1673, 8, 'BMW', 'TODOS', 'A', 2),
(1674, 8, 'CHEVROLET', 'BLAZER', 'I', 2),
(1675, 8, 'CHEVROLET', 'CAPTIVA', 'I', 2),
(1676, 8, 'CHEVROLET', 'GRAND BLAZER', 'I', 2),
(1677, 8, 'CHEVROLET', 'GRAND VITARA', 'I', 2),
(1678, 8, 'CHEVROLET', 'SUBURBAN', 'I', 2),
(1679, 8, 'CHEVROLET', 'TAHOE', 'I', 2),
(1680, 8, 'CHEVROLET', 'TRAILBLAZER', 'I', 2),
(1681, 8, 'CHEVROLET', 'VITARA', 'J', 2),
(1682, 8, 'CHEVROLET', 'JIMNY', 'K', 2),
(1683, 8, 'DAEWOO', 'MUSSO', 'K', 2),
(1684, 8, 'DAIHATSU', 'TERIOS', 'J', 2),
(1685, 8, 'DODGE', 'NITRO', 'J', 2),
(1686, 8, 'FORD', 'EXPEDITION', 'I', 2),
(1687, 8, 'FORD', 'ESCAPE', 'I', 2),
(1688, 8, 'FORD', 'EXPLORER', 'I', 2),
(1689, 8, 'FORD', 'BRONCO', 'J', 2),
(1690, 8, 'FORD', 'ECOSPORT', 'J', 2),
(1691, 8, 'HONDA', 'CR V', 'I', 2),
(1692, 8, 'HONDA', 'PILOT', 'I', 2),
(1693, 8, 'HUMMER', 'TODOS', 'I', 2),
(1694, 8, 'HYUNDAI', 'SANTA FE', 'I', 2),
(1695, 8, 'HYUNDAI', 'TUCSON', 'I', 2),
(1696, 8, 'HYUNDAI', 'GALLOPER', 'J', 2),
(1697, 8, 'JEEP', 'TODOS', 'I', 2),
(1698, 8, 'KIA', 'SORENTO', 'I', 2),
(1699, 8, 'KIA', 'SPORTAGE', 'I', 2),
(1700, 8, 'LADA', 'NIVA', 'K', 2),
(1701, 8, 'LAND ROVER', 'DEFENDER', 'I', 2),
(1702, 8, 'LAND ROVER', 'DISCOVERY', 'I', 2),
(1703, 8, 'LAND ROVER', 'FREELANDER', 'I', 2),
(1704, 8, 'LAND ROVER', 'LR3', 'I', 2),
(1705, 8, 'LEXUS', 'TODOS', 'A', 2),
(1706, 8, 'LAND ROVER', 'RANGE ROVER', 'I', 2),
(1707, 8, 'MAZDA', 'CX7', 'I', 2),
(1708, 8, 'MAZDA', 'TRIBUTE', 'J', 2),
(1709, 8, 'MITSUBISHI', 'ENDEAVOR', 'I', 2),
(1710, 8, 'MITSUBISHI', 'MONTERO', 'I', 2),
(1711, 8, 'MITSUBISHI', 'OUTLANDER', 'I', 2),
(1712, 8, 'NISSAN', 'ARMADA', 'I', 2),
(1713, 8, 'NISSAN', 'MURANO', 'I', 2),
(1714, 8, 'NISSAN', 'PATHFINDER', 'I', 2),
(1715, 8, 'NISSAN', 'PATROL', 'I', 2),
(1716, 8, 'NISSAN', 'TERRANO', 'I', 2),
(1717, 8, 'NISSAN', 'X TRAIL', 'I', 2),
(1718, 8, 'RENAULT', 'KOLEOS', 'I', 2),
(1719, 8, 'SUBARU', 'B9', 'I', 2),
(1720, 8, 'SUBARU', 'FORESTER', 'I', 2),
(1721, 8, 'TOYOTA', '4RUNNER', 'I', 2),
(1722, 8, 'TOYOTA', 'FJ CRUISER', 'I', 2),
(1723, 8, 'TOYOTA', 'FORTUNER', 'I', 2),
(1724, 8, 'TOYOTA', 'HIGHLANDER', 'I', 2),
(1725, 8, 'TOYOTA', 'LAND CRUISER', 'I', 2),
(1726, 8, 'TOYOTA', 'LAND CRUISER S.WAGON', 'I', 2),
(1727, 8, 'TOYOTA', 'RAV4', 'I', 2),
(1728, 8, 'TOYOTA', 'SEQUOIA', 'I', 2),
(1729, 8, 'TOYOTA', 'TERIOS', 'J', 2),
(1730, 8, 'VOLKSWAGEN', 'TOUAREG', 'I', 2),
(1731, 8, 'TODOS', 'TODOS', 'K', 2),
(1732, 8, 'CHEVROLET', 'AVALANCHE', 'L', 3),
(1733, 8, 'CHEVROLET', 'LUV', 'L', 3),
(1734, 8, 'CHEVROLET', 'SILVERADO', 'L', 3),
(1735, 8, 'DODGE', 'RAM', 'L', 3),
(1736, 8, 'DODGE', 'RAM BR', 'L', 3),
(1737, 8, 'FORD', 'EXPLORER', 'L', 3),
(1738, 8, 'TOYOTA', 'HILUX', 'L', 3),
(1739, 8, 'TOYOTA', 'TUNDRA', 'L', 3),
(1740, 8, 'TODOS', 'TODOS', 'L', 3),
(1741, 8, 'VOLKSWAGEN', 'TODOS', 'B', 3),
(1742, 8, 'VOLVO', 'TODOS', 'A', 1),
(1743, 8, 'ZOTYE', 'NOMAD', 'C', 1),
(1744, 8, 'ZOTYE', 'TODOS', 'E', 1),
(1748, 8, 'MERCURY', 'TODOS', 'C', 2),
(1749, 8, 'FORD', 'TODOS', 'B', 3),
(1750, 8, 'MERCURY', 'TODOS', 'B', 3),
(1751, 9, 'ACURA', 'TODOS', 'A', 1),
(1753, 9, 'AUDI', 'TODOS', 'A', 1),
(1754, 9, 'BMW', 'TODOS', 'A', 1),
(1755, 9, 'CADILLAC', 'TODOS', 'A', 1),
(1756, 9, 'CHEVROLET', 'ASTRA', 'D', 1),
(1757, 9, 'CHEVROLET', 'MALIBU', 'A', 1),
(1758, 9, 'CHEVROLET', 'COBALT', 'A', 1),
(1759, 9, 'CHEVROLET', 'MONTECARLO', 'A', 1),
(1760, 9, 'CHEVROLET', 'AVEO', 'D', 1),
(1761, 9, 'CHEVROLET', 'CAVALIER', 'D', 1),
(1762, 9, 'CHEVROLET', 'CHEVY C2', 'P', 1),
(1763, 9, 'CHEVROLET', 'CORSA', 'P', 1),
(1764, 9, 'CHEVROLET', 'EPICA', 'A', 1),
(1765, 9, 'CHEVROLET', 'ESTEEM', 'D', 1),
(1766, 9, 'CHEVROLET', 'IMPALA', 'A', 1),
(1767, 9, 'CHEVROLET', 'LUMINA', 'D', 1),
(1768, 9, 'CHEVROLET', 'MERIVA', 'C', 1),
(1769, 9, 'CHEVROLET', 'OPTRA', 'A', 1),
(1770, 9, 'CHEVROLET', 'SPARK', 'P', 1),
(1771, 9, 'CHEVROLET', 'SUNFIRE', 'D', 1),
(1772, 9, 'CHEVROLET', 'WAGON', 'P', 1),
(1773, 9, 'CHRYSLER', 'CARAVAN', 'B', 1),
(1774, 9, 'CHRYSLER', 'GRAND CARAVAN', 'B', 1),
(1775, 9, 'CHRYSLER', 'NEON', 'E', 1),
(1776, 9, 'CHRYSLER', '300', 'A', 1),
(1777, 9, 'CHRYSLER', 'ASPEN', 'A', 1),
(1778, 9, 'CHRYSLER', 'CROSSFIRE', 'A', 1),
(1779, 9, 'CHRYSLER', 'SEBRING', 'A', 1),
(1780, 9, 'CHRYSLER', 'PT CRUISER', 'B', 1),
(1781, 9, 'CITROEN', 'C-2', 'C', 1),
(1782, 9, 'CITROEN', 'C-3', 'B', 1),
(1783, 9, 'CITROEN', 'C-4', 'A', 1),
(1784, 9, 'CITROEN', 'C-5', 'A', 1),
(1785, 9, 'CITROEN', 'XSARA', 'C', 1),
(1786, 9, 'DAEWOO', 'CIELO', 'F', 1),
(1787, 9, 'DAEWOO', 'ESPERO', 'E', 1),
(1788, 9, 'DAEWOO', 'LANOS', 'F', 1),
(1789, 9, 'DAEWOO', 'MATIZ', 'P', 1),
(1790, 9, 'DAEWOO', 'NUBIRA', 'E', 1),
(1791, 9, 'DAEWOO', 'TACUMA', 'C', 1),
(1792, 9, 'DAEWOO', 'LACETTI', 'P', 1),
(1793, 9, 'DAEWOO', 'TICO', 'P', 1),
(1794, 9, 'DODGE', 'BRISA', 'F', 1),
(1795, 9, 'DODGE', 'CALIBER', 'B', 1),
(1796, 9, 'DODGE', 'CARAVAN', 'B', 1),
(1797, 9, 'DODGE', 'CHARGER', 'A', 1),
(1798, 9, 'DODGE', 'CHALLENGER', 'A', 1),
(1799, 9, 'DODGE', 'AVENGER', 'B', 1),
(1800, 9, 'DODGE', 'STRATUS', 'B', 1),
(1801, 9, 'DODGE', 'GRAND CARAVAN', 'B', 1),
(1802, 9, 'FIAT', 'IDEA', 'D', 1),
(1803, 9, 'FIAT', 'MAREA', 'D', 1),
(1804, 9, 'FIAT', 'PALIO', 'F', 1),
(1805, 9, 'FIAT', 'SIENA', 'D', 1),
(1806, 9, 'FIAT', 'STILO', 'C', 1),
(1807, 9, 'FIAT', 'SEICENTO', 'P', 1),
(1808, 9, 'FIAT', 'UNO', 'P', 1),
(1809, 9, 'FORD', 'FESTIVA', 'F', 1),
(1810, 9, 'FORD', 'FIESTA', 'F', 1),
(1811, 9, 'FORD', 'GRAND MARQUIS', 'A', 1),
(1812, 9, 'FORD', 'MONDEO', 'A', 1),
(1813, 9, 'FORD', 'TAURUS', 'A', 1),
(1814, 9, 'FORD', 'CROWN', 'P', 1),
(1815, 9, 'FORD', 'FOCUS', 'C', 1),
(1816, 9, 'FORD', 'FUSION', 'A', 1),
(1817, 9, 'FORD', 'FIVE HUNDRED', 'P', 1),
(1818, 9, 'FORD', 'KA', 'F', 1),
(1819, 9, 'FORD', 'LASER', 'E', 1),
(1820, 9, 'FORD', 'MUSTANG', 'A', 1),
(1821, 9, 'HONDA', 'ACCORD', 'A', 1),
(1822, 9, 'HONDA', 'LEGEND', 'A', 1),
(1823, 9, 'HONDA', 'CIVIC', 'B', 1),
(1824, 9, 'HONDA', 'FIT', 'C', 1),
(1825, 9, 'HONDA', 'ODISSEY', 'A', 1),
(1826, 9, 'HYUNDAI', 'ACCENT', 'E', 1),
(1827, 9, 'HYUNDAI', 'ATOS', 'F', 1),
(1828, 9, 'HYUNDAI', 'ELANTRA', 'C', 1),
(1829, 9, 'HYUNDAI', 'AZERA', 'A', 1),
(1830, 9, 'HYUNDAI', 'COUPE TIBURON', 'B', 1),
(1831, 9, 'HYUNDAI', 'EXCEL', 'E', 1),
(1832, 9, 'HYUNDAI', 'GETZ', 'E', 1),
(1833, 9, 'HYUNDAI', 'MATRIX', 'C', 1),
(1834, 9, 'HYUNDAI', 'SONATA', 'B', 1),
(1835, 9, 'INFINITI', 'TODOS', 'A', 1),
(1836, 9, 'JAGUAR', 'TODOS', 'A', 1),
(1837, 9, 'KIA', 'CARNIVAL', 'B', 1),
(1838, 9, 'KIA', 'CERATO', 'E', 1),
(1839, 9, 'KIA', 'AMANTI', 'B', 1),
(1840, 9, 'KIA', 'MAGENTIS', 'B', 1),
(1841, 9, 'KIA', 'OPTIMA', 'B', 1),
(1842, 9, 'KIA', 'SPECTRA', 'B', 1),
(1843, 9, 'KIA', 'OPIRUS', 'B', 1),
(1844, 9, 'KIA', 'PICANTO', 'P', 1),
(1845, 9, 'KIA', 'RIO', 'E', 1),
(1846, 9, 'LEXUS', 'TODOS', 'A', 1),
(1847, 9, 'LINCOLN', 'TODOS', 'A', 1),
(1848, 9, 'MAZDA', '3', 'D', 1),
(1849, 9, 'MAZDA', '5', 'B', 1),
(1850, 9, 'MAZDA', '6', 'C', 1),
(1851, 9, 'MAZDA', '323', 'E', 1),
(1852, 9, 'MAZDA', '626', 'C', 1),
(1853, 9, 'MAZDA', 'ALLEGRO', 'D', 1),
(1854, 9, 'MAZDA', 'DEMIO', 'F', 1),
(1855, 9, 'MAZDA', 'RX8', 'C', 1),
(1856, 9, 'MERCEDES BENZ', 'TODOS', 'A', 1),
(1857, 9, 'MERCURY', 'TODOS', 'A', 1),
(1858, 9, 'MINICORD', 'TODOS', 'A', 1),
(1859, 9, 'MITSUBISHI', 'GALANT', 'C', 1),
(1860, 9, 'MITSUBISHI', 'LANCER', 'D', 1),
(1861, 9, 'MITSUBISHI', 'MF', 'D', 1),
(1862, 9, 'MITSUBISHI', 'SIGNO', 'F', 1),
(1863, 9, 'MITSUBISHI', 'SPACE WAGON', 'B', 1);
INSERT INTO `tbl_clasificacion` (`id`, `id_convenio_as`, `marca`, `modelo`, `clasificacion`, `tipo_carro`) VALUES
(1864, 9, 'MITSUBISHI', 'ECLIPSE', 'A', 1),
(1865, 9, 'NISSAN', 'ALTIMA', 'A', 1),
(1866, 9, 'NISSAN', '350', 'A', 1),
(1867, 9, 'NISSAN', 'ALMERA', 'C', 1),
(1868, 9, 'NISSAN', 'SENTRA', 'E', 1),
(1869, 9, 'NISSAN', 'TIIDA', 'C', 1),
(1870, 9, 'NISSAN', 'VERSA', 'C', 1),
(1871, 9, 'NISSAN', 'MAXIMA', 'A', 1),
(1872, 9, 'NISSAN', 'MICRA', 'C', 1),
(1873, 9, 'PEUGEOT', '306', 'C', 1),
(1874, 9, 'PEUGEOT', '206', 'D', 1),
(1875, 9, 'PEUGEOT', '607', 'B', 1),
(1876, 9, 'PEUGEOT', '407', 'B', 1),
(1877, 9, 'PEUGEOT', '307', 'C', 1),
(1878, 9, 'RENAULT', '19 ENERGY', 'P', 1),
(1879, 9, 'RENAULT', 'CLIO', 'E', 1),
(1880, 9, 'RENAULT', 'LOGAN', 'E', 1),
(1881, 9, 'RENAULT', 'MEGANE', 'C', 1),
(1882, 9, 'RENAULT', 'SCENIC', 'B', 1),
(1883, 9, 'RENAULT', 'SYMBOL', 'F', 1),
(1884, 9, 'RENAULT', 'TWINGO', 'F', 1),
(1885, 9, 'SKODA', 'FABIA', 'D', 1),
(1886, 9, 'SKODA', 'OCTAVIA', 'D', 1),
(1887, 9, 'SKODA', 'ROOMSTER', 'D', 1),
(1888, 9, 'SUBARU', 'IMPREZA', 'C', 1),
(1889, 9, 'SUBARU', 'LEGACY', 'B', 1),
(1890, 9, 'TOYOTA', 'CAMRY', 'A', 1),
(1891, 9, 'TOYOTA', 'CELICA', 'B', 1),
(1892, 9, 'TOYOTA', 'COROLLA', 'A', 1),
(1893, 9, 'TOYOTA', 'PREVIA', 'A', 1),
(1894, 9, 'TOYOTA', 'SIENNA', 'A', 1),
(1895, 9, 'TOYOTA', 'STARLET', 'D', 1),
(1896, 9, 'TOYOTA', 'YARIS', 'C', 1),
(1897, 9, 'TOYOTA', 'MATRIX', 'C', 1),
(1898, 9, 'TOYOTA', 'AVALON', 'A', 1),
(1899, 9, 'TOYOTA', 'PRIUS', 'C', 1),
(1900, 9, 'VOLKSWAGEN', 'BORA', 'A', 1),
(1901, 9, 'VOLKSWAGEN', 'CROSS FOX', 'E', 1),
(1902, 9, 'VOLKSWAGEN', 'FOX', 'E', 1),
(1903, 9, 'VOLKSWAGEN', 'GOL', 'F', 1),
(1904, 9, 'VOLKSWAGEN', 'GOLF', 'C', 1),
(1905, 9, 'VOLKSWAGEN', 'JETTA', 'A', 1),
(1906, 9, 'VOLKSWAGEN', 'NEW BEETLE', 'B', 1),
(1907, 9, 'VOLKSWAGEN', 'PARATI', 'D', 1),
(1908, 9, 'VOLKSWAGEN', 'PASSAT', 'A', 1),
(1909, 9, 'VOLKSWAGEN', 'POLO', 'D', 1),
(1910, 9, 'VOLKSWAGEN', 'EOS', 'A', 1),
(1911, 9, 'VOLKSWAGEN', 'RABBIT', 'B', 1),
(1912, 9, 'VOLKSWAGEN', 'SPACEFOX', 'D', 1),
(1913, 9, 'VOLKSWAGEN', 'GTI', 'B', 1),
(1914, 9, 'VOLKSWAGEN', 'R-32', 'B', 1),
(1915, 5, 'AUDI', 'TODOS', 'A', 1),
(1916, 5, 'BMW', 'TODOS', 'A', 1),
(1917, 5, 'CHEVROLET', 'ASTRA', 'E', 1),
(1918, 5, 'CHEVROLET', 'AVEO', 'D', 1),
(1919, 5, 'CHEVROLET', 'CRUZE', 'A', 1),
(1920, 5, 'CHEVROLET', 'CAVALIER', 'E', 1),
(1921, 5, 'CHEVROLET', 'CENTURY', 'D', 1),
(1922, 5, 'CHEVROLET', 'CHEVY C2', 'G', 1),
(1923, 5, 'CHEVROLET', 'CORSA', 'H', 1),
(1924, 5, 'CHEVROLET', 'EPICA', 'B', 1),
(1925, 5, 'CHEVROLET', 'ESTEEM', 'F', 1),
(1926, 5, 'CHEVROLET', 'IMPALA', 'B', 1),
(1927, 5, 'CHEVROLET', 'LUMINA', 'D', 1),
(1928, 5, 'CHEVROLET', 'MERIVA', 'C', 1),
(1929, 5, 'CHEVROLET', 'OPTRA', 'A', 1),
(1930, 5, 'CHEVROLET', 'ORLANDO', 'A', 1),
(1931, 5, 'CHEVROLET', 'SPARK', 'H', 1),
(1932, 5, 'CHEVROLET', 'SUNFIRE', 'C', 1),
(1933, 5, 'CHEVROLET', 'SWIFT', 'F', 1),
(1934, 5, 'CHEVROLET', 'WAGON R', 'G', 1),
(1935, 5, 'CITROEN', 'TODOS', 'H', 1),
(1936, 5, 'CHRYSLER', '300', 'A', 1),
(1937, 5, 'CHRYSLER', 'GRAND CARAVAN', 'B', 1),
(1938, 5, 'CHRYSLER', 'NEON', 'D', 1),
(1939, 5, 'CHRYSLER', 'PT  CRUISER', 'B', 1),
(1940, 5, 'CHRYSLER', 'SEBRING', 'B', 1),
(1941, 5, 'CHRYSLER', 'STRATUS', 'C', 1),
(1942, 5, 'CHRYSLER', 'TOWN&COUNTRY', 'A', 1),
(1943, 5, 'DAEWOO', 'CIELO', 'G', 1),
(1944, 5, 'DAEWOO', 'ESPERO', 'G', 1),
(1945, 5, 'DAEWOO', 'LANOS', 'F', 1),
(1946, 5, 'DAEWOO', 'MATIZ', 'G', 1),
(1947, 5, 'DAEWOO', 'NUBIRA', 'F', 1),
(1948, 5, 'DAEWOO', 'TACUMA', 'D', 1),
(1949, 5, 'DAEWOO', 'TICO', 'H', 1),
(1950, 5, 'DODGE', 'BRISA', 'G', 1),
(1951, 5, 'DODGE', 'CALIBER', 'A', 1),
(1952, 5, 'DODGE', 'CARAVAN', 'B', 1),
(1953, 5, 'DODGE', 'GRAND CARAVAN', 'B', 1),
(1954, 5, 'DODGE', 'JOURNEY', 'B', 1),
(1955, 5, 'DODGE', 'NEON', 'D', 1),
(1956, 5, 'FIAT', 'IDEA', 'D', 1),
(1957, 5, 'FIAT', 'MAREA', 'D', 1),
(1958, 5, 'FIAT', 'PALIO', 'F', 1),
(1959, 5, 'FIAT', 'PUNTO', 'E', 1),
(1960, 5, 'FIAT', 'SIENA', 'F', 1),
(1961, 5, 'FIAT', 'UNO', 'H', 1),
(1962, 5, 'FORD', 'FESTIVA', 'F', 1),
(1963, 5, 'FORD', 'FOCUS', 'D', 1),
(1964, 5, 'FORD', 'FUSION', 'A', 1),
(1965, 5, 'FORD', 'KA', 'H', 1),
(1966, 5, 'FORD', 'LASER', 'F', 1),
(1967, 5, 'FORD', 'FIESTA', 'E', 1),
(1968, 5, 'FORD', 'MUSTANG', 'A', 1),
(1969, 5, 'FORD', 'TAURUS', 'A', 1),
(1970, 5, 'HONDA', 'ACCORD', 'A', 1),
(1971, 5, 'HONDA', 'CIVIC', 'A', 1),
(1972, 5, 'HONDA', 'FIT', 'B', 1),
(1973, 5, 'HONDA', 'ODYSSEY', 'A', 1),
(1974, 5, 'HYUNDAI', 'ACCENT', 'G', 1),
(1975, 5, 'HYUNDAI', 'ATOS', 'F', 1),
(1976, 5, 'HYUNDAI', 'ELANTRA', 'D', 1),
(1977, 5, 'HYUNDAI', 'EXCEL', 'F', 1),
(1978, 5, 'HYUNDAI', 'GETZ', 'E', 1),
(1979, 5, 'HYUNDAI', 'MATRIX', 'D', 1),
(1980, 5, 'HYUNDAI', 'SONATA', 'C', 1),
(1981, 5, 'HYUNDAI', 'COUPE TIBURON', 'D', 1),
(1982, 5, 'KIA', 'CARENS', 'C', 1),
(1983, 5, 'KIA', 'CARNIVAL', 'C', 1),
(1984, 5, 'KIA', 'CERATO', 'C', 1),
(1985, 5, 'KIA', 'OPTIMA', 'A', 1),
(1986, 5, 'KIA', 'PICANTO', 'F', 1),
(1987, 5, 'KIA', 'RIO', 'F', 1),
(1988, 5, 'KIA', 'SEDONA', 'A', 1),
(1989, 5, 'LEXUS', 'TODOS', 'A', 1),
(1990, 5, 'MAZDA', 'ALLEGRO', 'E', 1),
(1991, 5, 'MAZDA', 'DEMIO', 'F', 1),
(1992, 5, 'MAZDA', '3', 'C', 1),
(1993, 5, 'MAZDA', '5', 'B', 1),
(1994, 5, 'MAZDA', '6', 'C', 1),
(1995, 5, 'MAZDA', '323', 'F', 1),
(1996, 5, 'MAZDA', '626', 'D', 1),
(1997, 5, 'MERCEDES BENZ', 'TODOS', 'A', 1),
(1998, 5, 'MINICORD', 'TODOS', 'B', 1),
(1999, 5, 'MITSUBISHI', 'GALANT', 'D', 1),
(2000, 5, 'MITSUBISHI', 'GRANDIS', 'D', 1),
(2001, 5, 'MITSUBISHI', 'LANCER', 'D', 1),
(2002, 5, 'MITSUBISHI', 'MF', 'D', 1),
(2003, 5, 'MITSUBISHI', 'SIGNO', 'H', 1),
(2004, 5, 'MITSUBISHI', 'SPACE WAGON', 'B', 1),
(2005, 5, 'NISSAN', 'ALTIMA', 'A', 1),
(2006, 5, 'NISSAN', 'SENTRA', 'D', 1),
(2007, 5, 'NISSAN', 'TIIDA', 'B', 1),
(2008, 5, 'PEUGEOT', 'TODOS', 'E', 1),
(2009, 5, 'RENAULT', '19', 'H', 1),
(2010, 5, 'RENAULT', 'CLIO', 'E', 1),
(2011, 5, 'RENAULT', 'LOGAN', 'G', 1),
(2012, 5, 'RENAULT', 'MEGANE', 'D', 1),
(2013, 5, 'RENAULT', 'SANDERO', 'E', 1),
(2014, 5, 'RENAULT', 'SCENIC', 'C', 1),
(2015, 5, 'RENAULT', 'SYMBOL', 'G', 1),
(2016, 5, 'RENAULT', 'TWINGO', 'H', 1),
(2017, 5, 'SEAT', 'CORDOBA', 'C', 1),
(2018, 5, 'SEAT', 'IBIZA', 'C', 1),
(2019, 5, 'SEAT', 'LEON', 'D', 1),
(2020, 5, 'SEAT', 'TOLEDO', 'A', 1),
(2021, 5, 'SKODA', 'TODOS', 'F', 1),
(2022, 5, 'SUBARU', 'IMPREZA', 'A', 1),
(2023, 5, 'TOYOTA', 'CAMRY', 'A', 1),
(2024, 5, 'TOYOTA', 'CELICA', 'B', 1),
(2025, 5, 'TOYOTA', 'COROLLA', 'A', 1),
(2026, 5, 'TOYOTA', 'PREVIA', 'A', 1),
(2027, 5, 'TOYOTA', 'SIENNA', 'A', 1),
(2028, 5, 'TOYOTA', 'STARLET', 'E', 1),
(2029, 5, 'TOYOTA', 'YARIS', 'C', 1),
(2030, 5, 'VOLKSWAGEN', 'BORA', 'B', 1),
(2031, 5, 'VOLKSWAGEN', 'CADDY', 'D', 1),
(2032, 5, 'VOLKSWAGEN', 'CROSS FOX', 'D', 1),
(2033, 5, 'VOLKSWAGEN', 'FOX', 'E', 1),
(2034, 5, 'VOLKSWAGEN', 'GOL', 'G', 1),
(2035, 5, 'VOLKSWAGEN', 'GOLF', 'E', 1),
(2036, 5, 'VOLKSWAGEN', 'JETTA', 'A', 1),
(2037, 5, 'VOLKSWAGEN', 'NEW BEETLE', 'C', 1),
(2038, 5, 'VOLKSWAGEN', 'PARATI', 'E', 1),
(2039, 5, 'VOLKSWAGEN', 'PASSAT', 'A', 1),
(2040, 5, 'VOLKSWAGEN', 'POLO', 'D', 1),
(2041, 5, 'VOLKSWAGEN', 'SPACEFOX', 'G', 1),
(2042, 5, 'BMW', 'X3', 'A', 2),
(2043, 5, 'BMW', 'X5', 'A', 2),
(2044, 5, 'CHEVROLET', 'BLAZER', 'C', 2),
(2045, 5, 'CHEVROLET', 'CAPTIVA', 'B', 2),
(2046, 5, 'CHEVROLET', 'GRAND BLAZER', 'B', 2),
(2047, 5, 'CHEVROLET', 'GRAND VITARA', 'B', 2),
(2048, 5, 'CHEVROLET', 'JIMNY', 'C', 2),
(2049, 5, 'CHEVROLET', 'TAHOE', 'A', 2),
(2050, 5, 'CHEVROLET', 'TRAILBLAZER', 'B', 2),
(2051, 5, 'CHEVROLET', 'VITARA', 'C', 2),
(2052, 5, 'DAIHATSU', 'TERIOS', 'C', 2),
(2053, 5, 'FORD', 'BRONCO', 'C', 2),
(2054, 5, 'FORD', 'ECOSPORT', 'C', 2),
(2055, 5, 'FORD', 'ESCAPE', 'C', 2),
(2056, 5, 'FORD', 'EXPEDITION', 'B', 2),
(2057, 5, 'FORD', 'EXPLORER', 'B', 2),
(2058, 5, 'HONDA', 'CR V', 'A', 2),
(2059, 5, 'HONDA', 'PILOT', 'A', 2),
(2060, 5, 'HYUNDAI', 'GALLOPER', 'C', 2),
(2061, 5, 'HYUNDAI', 'SANTA FE', 'A', 2),
(2062, 5, 'HYUNDAI', 'TUCSON', 'B', 2),
(2063, 5, 'JEEP', 'COMMANDER', 'A', 2),
(2064, 5, 'JEEP', 'COMPASS', 'B', 2),
(2065, 5, 'JEEP', 'CHEROKEE', 'A', 2),
(2066, 5, 'JEEP', 'GRAND CHEROKEE', 'A', 2),
(2067, 5, 'KIA', 'SPORTAGE', 'B', 2),
(2068, 5, 'KIA', 'SORENTO', 'A', 2),
(2069, 5, 'MITSUBISHI', 'MONTERO', 'A', 2),
(2070, 5, 'MITSUBISHI', 'OUTLANDER', 'A', 2),
(2071, 5, 'NISSAN', 'MAXIMA', 'A', 2),
(2072, 5, 'NISSAN', 'MURANO', 'A', 2),
(2073, 5, 'NISSAN', 'PATHFINDER', 'A', 2),
(2074, 5, 'NISSAN', 'PATROL', 'A', 2),
(2075, 5, 'NISSAN', 'X TRAIL', 'A', 2),
(2076, 5, 'SUBARU', 'TODOS', 'B', 2),
(2077, 5, 'SUZUKI', 'GRAND VITARA', 'B', 2),
(2078, 5, 'TOYOTA', '4 RUNNER', 'A', 2),
(2079, 5, 'TOYOTA', 'FORTUNER', 'A', 2),
(2080, 5, 'TOYOTA', 'LAND CRUISER', 'A', 2),
(2081, 5, 'TOYOTA', 'RAV4', 'B', 2),
(2082, 5, 'TOYOTA', 'LAND CRUISER S.WAGON', 'A', 2),
(2083, 5, 'VOLKSWAGEN', 'TOUAREG', 'A', 2),
(2084, 5, 'CHEVROLET', 'AVALANCHE', 'A', 3),
(2085, 5, 'CHEVROLET', 'C 2500', 'A', 3),
(2086, 5, 'CHEVROLET', 'C 1500', 'A', 3),
(2087, 5, 'CHEVROLET', 'COLORADO', 'B', 3),
(2088, 5, 'CHEVROLET', 'LUV', 'A', 3),
(2089, 5, 'CHEVROLET', 'MONTANA', 'B', 3),
(2090, 5, 'CHEVROLET', 'SILVERADO', 'A', 3),
(2091, 5, 'DODGE', 'DAKOTA', 'A', 3),
(2092, 5, 'DODGE', 'RAM', 'A', 3),
(2093, 5, 'FIAT', 'TODOS', 'B', 3),
(2094, 5, 'FORD', 'BRONCO', 'B', 3),
(2095, 5, 'FORD', 'F 150', 'A', 3),
(2096, 5, 'FORD', 'F 250', 'A', 3),
(2097, 5, 'FORD', 'RANGER', 'A', 3),
(2098, 5, 'FORD', 'EXPLORER', 'A', 3),
(2099, 5, 'HYUNDAI', 'H 100', 'B', 3),
(2100, 5, 'MAZDA', 'BT', 'A', 3),
(2101, 5, 'NISSAN', 'FRONTIER', 'A', 3),
(2102, 5, 'NISSAN', 'PICKUP', 'B', 3),
(2103, 5, 'TOYOTA', 'HILUX', 'A', 3),
(2104, 5, 'TOYOTA', 'TUNDRA', 'A', 3),
(2105, 5, 'VOLKSWAGEN', 'SAVEIRO', 'B', 3),
(2106, 7, 'ACURA', 'TODOS', 'A', 1),
(2107, 7, 'ALFA ROMEO', 'TODOS', 'A', 1),
(2108, 7, 'AUDI', 'TODOS', 'A', 1),
(2109, 7, 'AUDI', 'TODOS', 'A', 2),
(2110, 7, 'BMW', 'TODOS', 'A', 1),
(2111, 7, 'BMW', 'TODOS', 'A', 2),
(2112, 7, 'BUICK', 'TODOS', 'D', 1),
(2113, 7, 'CADILLAC', 'TODOS', 'A', 1),
(2114, 7, 'CHEVROLET', 'IMPALA', 'A', 1),
(2115, 7, 'CHEVROLET', 'LUMINA', 'A', 1),
(2116, 7, 'CHEVROLET', 'EPICA ', 'A', 1),
(2117, 7, 'CHEVROLET', 'CORVETTE', 'A', 1),
(2118, 7, 'CHEVROLET', 'CAMARO', 'B', 1),
(2119, 7, 'CHEVROLET', 'EXPRESS VAN', 'B', 1),
(2120, 7, 'CHEVROLET', 'CRUZE', 'B', 1),
(2121, 7, 'CHEVROLET', 'MALIBU', 'C', 1),
(2122, 7, 'CHEVROLET', 'ASTRA', 'C', 1),
(2123, 7, 'CHEVROLET', 'MERIVA', 'C', 1),
(2124, 7, 'CHEVROLET', 'CENTURY', 'D', 1),
(2125, 7, 'CHEVROLET', 'SUNFIRE', 'D', 1),
(2126, 7, 'CHEVROLET', 'CAVALIER', 'D', 1),
(2127, 7, 'CHEVROLET', 'ESTEEM', 'D', 1),
(2128, 7, 'CHEVROLET', 'OPTRA', 'G', 1),
(2129, 7, 'CHEVROLET', 'AVEO', 'D', 1),
(2130, 7, 'CHEVROLET', 'TODOS', 'E', 1),
(2131, 7, 'CHEVROLET', 'CAPTIVA', 'A', 2),
(2132, 7, 'CHEVROLET', 'GRAND VITARA', 'B', 2),
(2133, 7, 'CHEVROLET', 'TRAILBLAZER', 'B', 2),
(2134, 7, 'CHEVROLET', 'TAHOE', 'B', 2),
(2135, 7, 'CHEVROLET', 'AVALANCHE', 'B', 2),
(2137, 7, 'CHEVROLET', 'SILVERADO', 'B', 2),
(2138, 7, 'CHEVROLET', 'LUV', 'A', 3),
(2139, 7, 'CHERY', 'X1', 'D', 1),
(2140, 7, 'CHERY', 'ORINOCO', 'D', 1),
(2141, 7, 'CHERY', 'ARAUCA', 'E', 1),
(2142, 7, 'CHERY', 'TODOS', 'F', 1),
(2143, 7, 'CHERY', 'TODOS', 'C', 2),
(2144, 7, 'CHERY', 'GRAND TIGER', 'B', 3),
(2145, 7, 'CHERY', 'TODOS', 'B', 3),
(2146, 7, 'CITROEN', 'XSARA', 'B', 1),
(2147, 7, 'CITROEN', 'TODOS ', 'C', 1),
(2148, 7, 'CITROEN', 'TODOS', 'B', 2),
(2149, 7, 'CITROEN', 'TODOS ', 'A', 3),
(2150, 7, 'DACIA', 'TODOS', 'E', 1),
(2151, 7, 'DACIA', 'TODOS ', 'A', 3),
(2152, 7, 'DAEWOO', 'TODOS', 'E', 1),
(2153, 7, 'DAEWOO', 'TODOS', 'C', 2),
(2154, 7, 'DAIHATSU', 'TERIOS', 'C', 1),
(2155, 7, 'DAIHATSU', 'TODOS', 'E', 1),
(2156, 7, 'DODGE', 'CARAVAN', 'A', 1),
(2157, 7, 'DODGE', 'GRAND CARAVAN', 'A', 1),
(2158, 7, 'CHRYSLER', 'TOWN&COUNTRY', 'A', 1),
(2159, 7, 'CHRYSLER', 'SEBRING', 'B', 1),
(2160, 7, 'CHRYSLER', 'PT  CRUISER', 'B', 1),
(2161, 7, 'CHRYSLER', '300M', 'C', 1),
(2162, 7, 'CHRYSLER', 'STRATUS', 'C', 1),
(2163, 7, 'CHRYSLER', 'LE BARON', 'C', 1),
(2164, 7, 'DODGE', 'CALIBER', 'C', 1),
(2165, 7, 'CHRYSLER', 'NEON', 'D', 1),
(2166, 7, 'DODGE', 'TODOS', 'E', 1),
(2167, 7, 'CHRYSLER', 'TODOS', 'E', 1),
(2168, 7, 'DODGE', 'JOURNEY', 'B', 2),
(2169, 7, 'DODGE', 'DURANGO', 'B', 2),
(2170, 7, 'DODGE', 'TODOS', 'C', 2),
(2171, 7, 'CHRYSLER', 'TODOS', 'C', 2),
(2172, 7, 'DODGE', 'TODOS', 'B', 3),
(2173, 7, 'CHRYSLER', 'TODOS', 'B', 3),
(2174, 7, 'FERRARI', 'TODOS', 'A', 1),
(2175, 7, 'FIAT', 'STILO', 'B', 1),
(2176, 7, 'FIAT', 'MAREA', 'C', 1),
(2177, 7, 'FIAT', 'IDEA', 'C', 1),
(2178, 7, 'FIAT', 'PUNTO', 'C', 1),
(2179, 7, 'FIAT', 'PALIO ', 'D', 1),
(2180, 7, 'FIAT', 'SIENA', 'D', 1),
(2181, 7, 'FIAT', 'TODOS', 'E', 1),
(2182, 7, 'FIAT', 'TODOS', 'B', 3),
(2183, 7, 'MERCURY', 'GRAND MARQUIS', 'A', 1),
(2184, 7, 'FORD', 'WINDSTAR', 'A', 1),
(2185, 7, 'FORD', 'MUSTANG', 'B', 1),
(2186, 7, 'FORD', 'TAURUS', 'B', 1),
(2187, 7, 'FORD', 'FUSION', 'B', 1),
(2188, 7, 'FORD', 'LASER', 'D', 1),
(2189, 7, 'FORD', 'FOCUS', 'D', 1),
(2190, 7, 'FORD', 'FIESTA', 'D', 1),
(2191, 7, 'FORD', 'TODOS', 'E', 1),
(2192, 7, 'FORD', 'EXPEDITION', 'A', 2),
(2193, 7, 'FORD', 'FLEX', 'A', 2),
(2194, 7, 'FORD', 'EXPLORER', 'B', 2),
(2195, 7, 'FORD', 'ESCAPE', 'B', 2),
(2196, 7, 'FORD', 'F 250 SUPER DUTY', 'B', 2),
(2197, 7, 'MERCURY', 'TODOS', 'E', 1),
(2198, 7, 'FORD', 'RANGER', 'A', 3),
(2199, 7, 'FORD', 'F 150', 'A', 3),
(2200, 7, 'FORD', 'TODOS', 'C', 2),
(2201, 7, 'HUMMER', 'TODOS', 'A', 2),
(2202, 7, 'HONDA', 'ODYSSEY', 'A', 1),
(2203, 7, 'HONDA', 'LEGEND', 'A', 1),
(2204, 7, 'HONDA', 'ACCORD', 'A', 1),
(2205, 7, 'HONDA', 'CIVIC', 'B', 1),
(2206, 7, 'HONDA', 'S', 'B', 1),
(2207, 7, 'HONDA', 'INTEGRA', 'C', 1),
(2208, 7, 'HONDA', 'PRELUDE', 'C', 1),
(2209, 7, 'HONDA', 'FIT', 'C', 1),
(2210, 7, 'HONDA', 'TODOS', 'D', 1),
(2211, 7, 'HONDA', 'TODOS', 'A', 2),
(2212, 7, 'HONDA', 'TODOS', 'A', 3),
(2213, 7, 'HYUNDAI', 'GENESIS', 'A', 1),
(2214, 7, 'HYUNDAI', 'AZERA', 'B', 1),
(2215, 7, 'HYUNDAI', 'ELANTRA', 'C', 1),
(2216, 7, 'HYUNDAI', 'SONATA', 'C', 1),
(2217, 7, 'HYUNDAI', 'MATRIX', 'C', 1),
(2218, 7, 'HYUNDAI', 'COUPE TIBURON', 'D', 1),
(2219, 7, 'HYUNDAI', 'GETZ', 'D', 1),
(2220, 7, 'HYUNDAI', 'TODOS', 'E', 1),
(2221, 7, 'HYUNDAI', 'VERACRUZ', 'A', 2),
(2222, 7, 'HYUNDAI', 'TERRACAN', 'B', 2),
(2223, 7, 'HYUNDAI', 'SANTA FE', 'B', 2),
(2224, 7, 'HYUNDAI', 'TODOS', 'C', 2),
(2225, 7, 'ISUZU', 'TODOS', 'C', 2),
(2226, 7, 'JEEP', 'COMMANDER', 'A', 2),
(2227, 7, 'JEEP', 'COMPASS', 'A', 2),
(2228, 7, 'JEEP', 'CHEROKEE', 'B', 2),
(2229, 7, 'JEEP', 'GRAND CHEROKEE', 'B', 2),
(2230, 7, 'JEEP', 'TODOS', 'C', 2),
(2231, 7, 'KIA', 'CARENS', 'A', 1),
(2232, 7, 'KIA', 'CARNIVAL', 'A', 1),
(2233, 7, 'KIA', 'SEDONA', 'A', 1),
(2234, 7, 'KIA', 'OPTIMA', 'B', 1),
(2235, 7, 'KIA', 'OPIRUS', 'B', 1),
(2236, 7, 'KIA', 'CERATO', 'C', 1),
(2237, 7, 'KIA', 'PREGIO', 'D', 1),
(2238, 7, 'KIA', 'SHUMA', 'D', 1),
(2239, 7, 'KIA', 'RIO', 'D', 1),
(2240, 7, 'KIA', 'SPECTRA', 'D', 1),
(2241, 7, 'KIA', 'TODOS', 'E', 1),
(2242, 7, 'KIA', 'PICANTO', 'F', 1),
(2243, 7, 'KIA', 'SORENTO', 'B', 2),
(2244, 7, 'KIA', 'TODOS', 'C', 2),
(2245, 7, 'LAND ROVER', 'TODOS', 'A', 2),
(2246, 7, 'LEXUS', 'TODOS', 'A', 1),
(2247, 7, 'LEXUS', 'TODOS', 'A ', 2),
(2248, 7, 'MAZDA', 'RX 8', 'A', 1),
(2249, 7, 'MAZDA', '5', 'B', 1),
(2250, 7, 'MAZDA', '626', 'C', 1),
(2251, 7, 'MAZDA', '929', 'C', 1),
(2252, 7, 'MAZDA', '6', 'C', 1),
(2253, 7, 'MAZDA', 'ALLEGRO', 'D', 1),
(2254, 7, 'MAZDA', 'DEMIO ', 'D', 1),
(2255, 7, 'MAZDA', '3', 'D', 1),
(2256, 7, 'MAZDA', 'TODOS', 'E', 1),
(2257, 7, 'MAZDA', 'TODOS ', 'A', 2),
(2258, 7, 'MAZDA', 'TODOS', 'B', 3),
(2259, 7, 'MERCEDES BENZ', 'TODOS', 'A', 1),
(2260, 7, 'MERCEDES BENZ', 'TODOS', 'A', 2),
(2261, 7, 'MINICORD', 'TODOS', 'B', 1),
(2262, 7, 'MITSUBISHI', 'GRANDIS', 'A', 1),
(2263, 7, 'MITSUBISHI', 'ECLIPSE', 'B', 1),
(2264, 7, 'MITSUBISHI', 'GALANT', 'B', 1),
(2265, 7, 'MITSUBISHI', 'MF', 'C', 1),
(2266, 7, 'MITSUBISHI', 'DIAMANTE', 'C', 1),
(2267, 7, 'MITSUBISHI', 'LANCER', 'C', 1),
(2268, 7, 'MITSUBISHI', 'SIGNO', 'D', 1),
(2269, 7, 'MITSUBISHI', 'TODOS', 'E', 1),
(2270, 7, 'MITSUBISHI', 'ENDEAVOR', 'A', 2),
(2271, 7, 'MITSUBISHI', 'MONTERO', 'B', 2),
(2272, 7, 'MITSUBISHI', 'OUTLANDER', 'B', 2),
(2273, 7, 'MITSUBISHI', 'TODOS', 'C', 2),
(2274, 7, 'MITSUBISHI', 'TODOS', 'B', 3),
(2275, 7, 'NISSAN', 'QUEST', 'A', 1),
(2276, 7, 'NISSAN', '350', 'A', 1),
(2277, 7, 'NISSAN', 'TIIDA', 'B', 1),
(2278, 7, 'NISSAN', 'SENTRA', 'C', 1),
(2279, 7, 'NISSAN', 'PRIMERA', 'C', 1),
(2280, 7, 'NISSAN', 'ALTIMA', 'C', 1),
(2281, 7, 'NISSAN', 'ALMERA', 'C', 1),
(2282, 7, 'NISSAN', 'TODOS', 'D', 1),
(2283, 7, 'NISSAN', 'ARMADA', 'A', 2),
(2284, 7, 'NISSAN', 'X TRAIL', 'A', 2),
(2285, 7, 'NISSAN', 'TODOS', 'B', 2),
(2286, 7, 'NISSAN', 'TODOS', 'A', 3),
(2287, 7, 'OPEL', 'TODOS', 'E', 1),
(2288, 7, 'PEUGEOT', '307', 'B', 1),
(2289, 7, 'PEUGEOT', '407', 'C', 1),
(2290, 7, 'PEUGEOT', '207', 'C', 1),
(2291, 7, 'PEUGEOT', '206', 'D', 1),
(2292, 7, 'PEUGEOT', '408', 'D', 1),
(2293, 7, 'PEUGEOT', 'TODOS', 'E', 1),
(2294, 7, 'PONTIAC', 'TODOS ', 'C', 1),
(2295, 7, 'PORSCHE', 'TODOS ', 'A', 1),
(2296, 7, 'PORSCHE', 'CAYENNE', 'A', 2),
(2297, 7, 'RENAULT', 'LAGUNA', 'B', 1),
(2298, 7, 'RENAULT', 'SCENIC', 'B', 1),
(2299, 7, 'RENAULT', 'MEGANE', 'D', 1),
(2300, 7, 'RENAULT', 'SANDERO', 'D', 1),
(2301, 7, 'RENAULT', 'TODOS', 'E', 1),
(2302, 7, 'RENAULT', 'SYMBOL', 'F', 1),
(2303, 7, 'RENAULT', 'KOLEOS', 'A', 2),
(2304, 7, 'ROLLS ROYCE', 'TODOS', 'A', 1),
(2305, 7, 'SEAT', 'TOLEDO', 'B', 1),
(2306, 7, 'SEAT', 'LEON', 'B', 1),
(2307, 7, 'SEAT', 'ALTEA', 'B', 1),
(2308, 7, 'SEAT', 'CORDOBA', 'C', 1),
(2309, 7, 'SEAT', 'TODOS', 'D', 1),
(2310, 7, 'SKODA', 'TODOS', 'E', 1),
(2311, 7, 'SMART', 'TODOS', 'A', 1),
(2312, 7, 'SUBARU', 'TODOS', 'D', 1),
(2313, 7, 'SUBARU', 'TODOS', 'C', 2),
(2314, 7, 'SUZUKI', 'TODOS', 'D', 1),
(2315, 7, 'SUZUKI', 'GRAN VITARA', 'B', 2),
(2316, 7, 'SUZUKI', 'TODOS', 'C', 2),
(2317, 7, 'TOYOTA', 'CAMRY', 'A', 1),
(2318, 7, 'TOYOTA', 'SIENNA', 'A', 1),
(2319, 7, 'TOYOTA', 'PREVIA', 'A', 1),
(2320, 7, 'TOYOTA', 'CELICA', 'B', 1),
(2321, 7, 'TOYOTA', 'COROLLA', 'B', 1),
(2322, 7, 'TOYOTA', 'YARIS', 'C', 1),
(2323, 7, 'TOYOTA', 'TODOS', 'D', 1),
(2324, 7, 'TOYOTA', '4RUNNER', 'A', 2),
(2325, 7, 'TOYOTA', 'RAV4', 'A', 2),
(2326, 7, 'TOYOTA', 'FORTUNER', 'A', 2),
(2327, 7, 'TOYOTA', 'FJ CRUISER', 'A', 2),
(2328, 7, 'TOYOTA', 'SEQUOIA', 'A', 2),
(2329, 7, 'TOYOTA', 'LAND CRUISER S.WAGON', 'B', 2),
(2331, 7, 'TOYOTA', 'TUNDRA', 'B', 2),
(2332, 7, 'TOYOTA', 'HILUX', 'B', 2),
(2333, 7, 'TOYOTA', 'TACOMA', 'B', 2),
(2334, 7, 'TOYOTA', 'HIGHLANDER', 'A', 3),
(2335, 7, 'TOYOTA', 'TODOS', 'B', 3),
(2336, 7, 'VOLKSWAGEN', 'PASSAT', 'A', 1),
(2337, 7, 'VOLKSWAGEN', 'NEW BEETLE', 'B', 1),
(2338, 7, 'VOLKSWAGEN', 'GOLF', 'B', 1),
(2339, 7, 'VOLKSWAGEN', 'BORA', 'B', 1),
(2340, 7, 'VOLKSWAGEN', 'JETTA', 'B', 1),
(2341, 7, 'VOLKSWAGEN', 'CROSS FOX', 'C', 1),
(2342, 7, 'VOLKSWAGEN', 'FOX', 'C', 1),
(2343, 7, 'VOLKSWAGEN', 'SPACEFOX', 'C', 1),
(2344, 7, 'VOLKSWAGEN', 'TODOS', 'D', 1),
(2345, 7, 'VOLKSWAGEN', 'GOL ', 'E', 1),
(2346, 7, 'VOLKSWAGEN', 'TOUAREG', 'A', 2),
(2347, 7, 'VOLKSWAGEN', 'TODOS', 'B', 3),
(2348, 7, 'VOLVO', 'TODOS', 'A', 1),
(2349, 7, 'ZOTYE', 'NOMAD', 'C', 1),
(2350, 7, 'ZOTYE', 'TODOS', 'E', 1),
(2351, 7, 'TODOS', 'TODOS', 'F', 1),
(2352, 7, 'TODOS', 'TODOS', 'C', 2),
(2353, 7, 'TODOS', 'TODOS', 'B', 3),
(2354, 7, 'MERCURY', 'TODOS', 'C', 2),
(2355, 7, 'FORD', 'TODOS', 'B', 3),
(2356, 7, 'MERCURY', 'TODOS', 'B', 3),
(2357, 1, 'ASTON MARTIN', 'DB7', 'A', 1),
(2358, 1, 'ASTON MARTIN', 'DB9', 'A', 1),
(2359, 1, 'ASTON MARTIN', 'DBS', 'A', 1),
(2360, 1, 'ASTON MARTIN', 'VIRAGE', 'A', 1),
(2361, 1, 'ASTON MARTIN', 'LAGONDA ', 'A', 1),
(2362, 1, 'AUDI', 'A2', 'A', 1),
(2363, 1, 'AUDI', 'A3', 'A', 1),
(2364, 1, 'AUDI', 'A4', 'A', 1),
(2365, 1, 'AUDI', 'A5', 'A', 1),
(2366, 1, 'AUDI', 'A6', 'A', 1),
(2367, 1, 'AUDI', 'A7', 'A', 1),
(2368, 1, 'AUDI', 'A8', 'A', 1),
(2369, 1, 'AUDI', 'ALLROAD', 'A', 1),
(2370, 1, 'AUDI', 'CABRIOLET', 'A', 1),
(2371, 1, 'AUDI', 'RS', 'A', 1),
(2372, 1, 'AUDI', 'S3', 'A', 1),
(2373, 1, 'AUDI', 'S4', 'A', 1),
(2374, 1, 'AUDI', 'S5', 'A', 1),
(2375, 1, 'AUDI', 'S6', 'A', 1),
(2376, 1, 'AUDI', 'S8', 'A', 1),
(2377, 1, 'AUDI', 'TT', 'A', 1),
(2378, 1, 'AUDI', 'TTS', 'A', 1),
(2379, 1, 'AUDI', 'V8', 'A', 1),
(2380, 1, 'BENTLEY', 'ARNAGE', 'A', 1),
(2381, 1, 'BENTLEY', 'AZURE', 'A', 1),
(2382, 1, 'BENTLEY', 'BROOKLANDS', 'A', 1),
(2383, 1, 'BENTLEY', 'CONTINENTAL', 'A', 1),
(2384, 1, 'BENTLEY', 'MULSANNE', 'A', 1),
(2385, 1, 'BMW', '116', 'A', 1),
(2386, 1, 'BMW', '120', 'A', 1),
(2387, 1, 'BMW', '128', 'A', 1),
(2388, 1, 'BMW', '130', 'A', 1),
(2389, 1, 'BMW', '135', 'A', 1),
(2390, 1, 'BMW', '316', 'A', 1),
(2391, 1, 'BMW', '318', 'A', 1),
(2392, 1, 'BMW', '320', 'A', 1),
(2393, 1, 'BMW', '323', 'A', 1),
(2394, 1, 'BMW', '325', 'A', 1),
(2395, 1, 'BMW', '328', 'A', 1),
(2396, 1, 'BMW', '330', 'A', 1),
(2397, 1, 'BMW', '335', 'A', 1),
(2398, 1, 'BMW', '518', 'A', 1),
(2399, 1, 'BMW', '520', 'A', 1),
(2400, 1, 'BMW', '523', 'A', 1),
(2401, 1, 'BMW', '524', 'A', 1),
(2402, 1, 'BMW', '525', 'A', 1),
(2403, 1, 'BMW', '528', 'A', 1),
(2404, 1, 'BMW', '530', 'A', 1),
(2405, 1, 'BMW', '535', 'A', 1),
(2406, 1, 'BMW', '540', 'A', 1),
(2407, 1, 'BMW', '545', 'A', 1),
(2408, 1, 'BMW', '550', 'A', 1),
(2409, 1, 'BMW', '635', 'A', 1),
(2410, 1, 'BMW', '640', 'A', 1),
(2411, 1, 'BMW', '645', 'A', 1),
(2412, 1, 'BMW', '650', 'A', 1),
(2413, 1, 'BMW', '728', 'A', 1),
(2414, 1, 'BMW', '730', 'A', 1),
(2415, 1, 'BMW', '735', 'A', 1),
(2416, 1, 'BMW', '740', 'A', 1),
(2417, 1, 'BMW', '745', 'A', 1),
(2418, 1, 'BMW', '750', 'A', 1),
(2419, 1, 'BMW', '760', 'A', 1),
(2420, 1, 'BMW', '840', 'A', 1),
(2421, 1, 'BMW', '850', 'A', 1),
(2422, 1, 'BMW', 'L7', 'A', 1),
(2423, 1, 'BMW', 'M', 'A', 1),
(2424, 1, 'BMW', 'M3', 'A', 1),
(2425, 1, 'BMW', 'M5', 'A', 1),
(2426, 1, 'BMW', 'M6', 'A', 1),
(2427, 1, 'BMW', 'Z1', 'A', 1),
(2428, 1, 'BMW', 'Z3', 'A', 1),
(2429, 1, 'BMW', 'Z4', 'A', 1),
(2430, 1, 'BMW', 'Z8', 'A', 1),
(2431, 1, 'BUGATTI', 'EB', 'A', 1),
(2432, 1, 'BUGATTI', 'EB112', 'A', 1),
(2433, 1, 'BUGATTI', 'VEYRON', 'A', 1),
(2434, 1, 'CADILLAC', 'CATERA', 'A', 1),
(2435, 1, 'CADILLAC', 'DEVILLE', 'A', 1),
(2436, 1, 'CADILLAC', 'SEVILLE', 'A', 1),
(2437, 1, 'CADILLAC', 'STS', 'A', 1),
(2438, 1, 'FERRARI', '348', 'A', 1),
(2439, 1, 'FERRARI', '360', 'A', 1),
(2440, 1, 'FERRARI', '456', 'A', 1),
(2441, 1, 'FERRARI', '512', 'A', 1),
(2442, 1, 'FERRARI', '550', 'A', 1),
(2443, 1, 'FERRARI', '575M', 'A', 1),
(2444, 1, 'FERRARI', '599', 'A', 1),
(2445, 1, 'FERRARI', '612', 'A', 1),
(2446, 1, 'FERRARI', 'ENZO', 'A', 1),
(2447, 1, 'FERRARI', 'F355', 'A', 1),
(2448, 1, 'FERRARI', 'F40', 'A', 1),
(2449, 1, 'FERRARI', 'F430', 'A', 1),
(2450, 1, 'FERRARI', 'F50', 'A', 1),
(2451, 1, 'FERRARI', 'MONDIAL', 'A', 1),
(2452, 1, 'FERRARI', 'SPIDER', 'A', 1),
(2453, 1, 'FERRARI', 'TESTAROSSA', 'A', 1),
(2454, 1, 'LAMBORGHINI', 'COUNTACH', 'A', 1),
(2455, 1, 'LAMBORGHINI', 'DIABLO', 'A', 1),
(2456, 1, 'LAMBORGHINI', 'MURCIELAGO', 'A', 1),
(2457, 1, 'LEXUS', 'ES', 'A', 1),
(2458, 1, 'LEXUS', 'GS', 'A', 1),
(2459, 1, 'LEXUS', 'IS', 'A', 1),
(2460, 1, 'LEXUS', 'LS', 'A', 1),
(2461, 1, 'LEXUS', 'SC', 'A', 1),
(2462, 1, 'LINCOLN', 'CONTINENTAL', 'A', 1),
(2463, 1, 'LINCOLN', 'LS', 'A', 1),
(2464, 1, 'LINCOLN', 'TOWN CAR', 'A', 1),
(2465, 1, 'LOTUS', 'ELAN', 'A', 1),
(2466, 1, 'LOTUS', 'ELISE', 'A', 1),
(2467, 1, 'LOTUS', 'ESPRIT', 'A', 1),
(2468, 1, 'MASERATI', '3200GT', 'A', 1),
(2469, 1, 'MASERATI', 'QUATTROPORTE', 'A', 1),
(2470, 1, 'MASERATI', 'SPYDER', 'A', 1),
(2471, 1, 'MERCEDES BENZ', 'A', 'A', 1),
(2472, 1, 'MERCEDES BENZ', 'B', 'A', 1),
(2473, 1, 'MERCEDES BENZ', 'C', 'A', 1),
(2474, 1, 'MERCEDES BENZ', 'CL', 'A', 1),
(2475, 1, 'MERCEDES BENZ', 'CLK', 'A', 1),
(2476, 1, 'MERCEDES BENZ', 'CLS', 'A', 1),
(2477, 1, 'MERCEDES BENZ', 'D', 'A', 1),
(2478, 1, 'MERCEDES BENZ', 'E', 'A', 1),
(2479, 1, 'MERCEDES BENZ', 'R', 'A', 1),
(2480, 1, 'MERCEDES BENZ', 'S', 'A', 1),
(2481, 1, 'MERCEDES BENZ', 'SL', 'A', 1),
(2482, 1, 'MERCEDES BENZ', 'SLC', 'A', 1),
(2483, 1, 'MERCEDES BENZ', 'SLK', 'A', 1),
(2484, 1, 'MERCEDES BENZ', 'V', 'A', 1),
(2485, 1, 'PORSCHE', '911', 'A', 1),
(2486, 1, 'PORSCHE', '928', 'A', 1),
(2487, 1, 'PORSCHE', '930', 'A', 1),
(2488, 1, 'PORSCHE', '944', 'A', 1),
(2489, 1, 'PORSCHE', '968', 'A', 1),
(2490, 1, 'PORSCHE', 'BOXSTER', 'A', 1),
(2491, 1, 'PORSCHE', 'CARRERA GT', 'A', 1),
(2492, 1, 'PORSCHE', 'CAYMAN', 'A', 1),
(2493, 1, 'ROLLS ROYCE', 'PARK WARD', 'A', 1),
(2494, 1, 'ROLLS ROYCE', 'SILVER SERAPH', 'A', 1),
(2495, 1, 'ROLLS ROYCE', 'TOURING', 'A', 1),
(2496, 1, 'ROLLS ROYCE', 'ROLLS ROYCE', 'A', 1),
(2497, 1, 'VOLKSWAGEN', 'TOURAN', 'A', 1),
(2498, 1, 'CHEVROLET', 'IMPALA', 'A', 1),
(2499, 1, 'CHEVROLET', 'CRUZE', 'A', 1),
(2500, 1, 'FORD', 'MUSTANG', 'A', 1),
(2501, 1, 'FORD', 'SHELBY', 'A', 1),
(2502, 1, 'HONDA', 'ACCORD', 'A', 1),
(2503, 1, 'HONDA', 'LEGEND', 'A', 1),
(2504, 1, 'NISSAN', '350', 'A', 1),
(2505, 1, 'SUBARU', 'IMPREZA', 'A', 1),
(2506, 1, 'SUBARU', 'LEGACY', 'A', 1),
(2507, 1, 'SUBARU', 'LOYALE', 'A', 1),
(2508, 1, 'MINICORD', 'MINICORD', 'A', 1),
(2509, 1, 'TOYOTA', 'CAMRY', 'A', 1),
(2510, 1, 'TOYOTA', 'PREVIA', 'A', 1),
(2511, 1, 'TOYOTA', 'COROLLA', 'A', 1),
(2512, 1, 'TOYOTA', 'SIENNA', 'A', 1),
(2513, 1, 'CHEVROLET', 'AVEO', 'C', 1),
(2514, 1, 'CHEVROLET', 'CORSA', 'C', 1),
(2515, 1, 'CHEVROLET', 'CHEVY C2', 'C', 1),
(2516, 1, 'CHEVROLET', 'SPARK', 'C', 1),
(2517, 1, 'CHEVROLET', 'WAGON R', 'C', 1),
(2518, 1, 'DODGE', 'BRISA', 'C', 1),
(2519, 1, 'FORD', 'FESTIVA', 'C', 1),
(2520, 1, 'FORD', 'KA', 'C', 1),
(2521, 1, 'HYUNDAI', 'ACCENT', 'C', 1),
(2522, 1, 'HYUNDAI', 'GETZ', 'C', 1),
(2523, 1, 'MAZDA', '323', 'C', 1),
(2524, 1, 'MITSUBISHI', 'SIGNO', 'C', 1),
(2525, 1, 'RENAULT', 'TWINGO', 'C', 1),
(2526, 1, 'AUDI', 'Q7', 'A', 2),
(2527, 1, 'BMX', 'X3', 'A', 2),
(2528, 1, 'BMX', 'X5', 'A', 2),
(2529, 1, 'BMX', 'X6', 'A', 2),
(2530, 1, 'CADILLAC', 'ESCALADE', 'A', 2),
(2531, 1, 'CADILLAC', 'SRX', 'A', 2),
(2532, 1, 'HUMMER', 'H1', 'A', 2),
(2533, 1, 'HUMMER', 'H2', 'A', 2),
(2534, 1, 'HUMMER', 'H3', 'A', 2),
(2535, 1, 'LAND ROVER', 'DEFENDER', 'A', 2),
(2536, 1, 'LAND ROVER', 'DISCOVERY', 'A', 2),
(2537, 1, 'LAND ROVER', 'FREELANDER', 'A', 2),
(2538, 1, 'LAND ROVER', 'LAND ROVER', 'A', 2),
(2539, 1, 'LAND ROVER', 'LR3', 'A', 2),
(2540, 1, 'LAND ROVER', 'RANGE ROVER', 'A', 2),
(2541, 1, 'LEXUS', 'GX', 'A', 2),
(2542, 1, 'LEXUS', 'LX', 'A', 2),
(2543, 1, 'LEXUS', 'RX', 'A', 2),
(2544, 1, 'LINCOLN', 'AVIATOR', 'A', 2),
(2545, 1, 'LINCOLN', 'NAVIGATOR', 'A', 2),
(2546, 1, 'MERCEDES BENZ', 'GELAENDEWAGEN', 'A', 2),
(2547, 1, 'MERCEDES BENZ', 'GL', 'A', 2),
(2548, 1, 'MERCEDES BENZ', 'ML', 'A', 2),
(2549, 1, 'NISSAN', 'ARMADA', 'A', 2),
(2550, 1, 'NISSAN', 'MURANO', 'A', 2),
(2551, 1, 'NISSAN', 'PATHFINDER', 'A', 2),
(2552, 1, 'NISSAN', 'PATROL', 'A', 2),
(2553, 1, 'PORSCHE', 'CAYENNE', 'A', 2),
(2554, 1, 'SUBARU', 'FORESTER', 'A', 2),
(2555, 1, 'SUBARU', 'B9', 'A', 2),
(2556, 1, 'SUBARU', 'OUTBACK', 'A', 2),
(2557, 1, 'RENAULT', 'KOLEOS', 'A', 2),
(2558, 1, 'VOLKSWAGEN', 'TOUAREG', 'A', 2),
(2559, 1, 'FORD ', 'ESCAPE', 'A', 2),
(2560, 1, 'FORD ', 'EXPEDITION', 'A', 2),
(2561, 1, 'FORD ', 'EXPLORER', 'A', 2),
(2562, 1, 'FORD ', 'ECOSPORT', 'A', 2),
(2563, 1, 'CHEVROLET', 'TAHOE', 'A', 2),
(2564, 1, 'CHEVROLET', 'CAPTIVA', 'A', 2),
(2565, 1, 'CHEVROLET', 'TRAILBLAZER', 'A', 2),
(2566, 1, 'TOYOTA', 'HIGHLANDER', 'A', 2),
(2567, 1, 'TOYOTA', 'FJ CRUISER', 'A', 2),
(2568, 1, 'TOYOTA', '4RUNNER', 'A', 2),
(2569, 1, 'TOYOTA', 'FORTUNER', 'A', 2),
(2570, 1, 'TOYOTA', 'SEQUOIA', 'A', 2),
(2574, 1, 'TOYOTA', 'LAND CRUISER S.WAGON', 'A', 2),
(2575, 1, 'JEEP', 'GRAND CHEROKEE', 'A', 2),
(2576, 1, 'JEEP', 'CHEROKEE', 'A', 2),
(2577, 1, 'JEEP', 'COMMANDER', 'A', 2),
(2578, 1, 'JEEP', 'PATRIOT', 'A', 2),
(2579, 1, 'HYUNDAI', 'SANTA FE', 'A', 2),
(2580, 1, 'HYUNDAI', 'TUCSON', 'A', 2),
(2581, 1, 'KIA', 'SPORTAGE', 'A', 2),
(2582, 1, 'HONDA', 'CR V', 'A', 2),
(2583, 1, 'HONDA', 'PILOT', 'A', 2),
(2584, 1, 'MAZDA', 'CX7', 'A', 2),
(2585, 1, 'MITSUBISHI', 'MONTERO', 'A', 2),
(2586, 1, 'DACIA', 'TODOS', 'C', 1),
(2587, 1, 'SSANGYONG', 'TODOS', 'C', 1),
(2588, 1, 'KAMAZ', 'TODOS', 'C', 1),
(2589, 1, 'GEELY', 'TODOS', 'C', 1),
(2590, 1, 'GREAT WALLS MOTORS', 'TODOS', 'C', 1),
(2591, 1, 'CHERY', 'TODOS', 'C', 1),
(2592, 1, 'CHANA', 'TODOS', 'C', 1),
(2593, 1, 'BYD AUTOS', 'TODOS', 'C', 1),
(2594, 1, 'HAFEI', 'TODOS', 'C', 1),
(2595, 1, 'GONOW', 'TODOS', 'C', 1),
(2596, 1, 'CHANGHE', 'TODOS', 'C', 1),
(2597, 1, 'SG', 'TODOS', 'C', 1),
(2598, 1, 'SHUANGHUAN AUTO', 'TODOS', 'C', 1),
(2599, 1, 'ZHONGXING', 'TODOS', 'C', 1),
(2600, 1, 'TATA', 'TODOS', 'C', 1),
(2601, 1, 'KAMA', 'TODOS', 'C', 1),
(2602, 1, 'LANDWIND', 'TODOS', 'C', 1),
(2603, 1, 'VENIRAUTO', 'TODOS', 'C', 1),
(2604, 1, 'HAIMA', 'TODOS', 'C', 1),
(2605, 1, 'HONGXING', 'TODOS', 'C', 1),
(2606, 1, 'ZOTYE', 'TODOS', 'C', 1),
(2607, 1, 'JAC', 'TODOS', 'C', 1),
(2608, 1, 'DFM', 'TODOS', 'C', 1),
(2609, 1, 'HEIBAQ', 'TODOS', 'C', 1),
(2610, 1, 'JINBEI', 'TODOS', 'C', 1),
(2611, 1, 'ARO', 'TODOS', 'C', 1),
(2612, 1, 'LADA', 'TODOS', 'C', 1),
(2613, 1, 'SKODA', 'TODOS', 'C', 1),
(2614, 1, 'BERTONE', 'TODOS', 'C', 1),
(2615, 1, 'WULING', 'TODOS', 'C', 1),
(2616, 1, 'FAW', 'TODOS', 'C', 1),
(2617, 1, 'JMC', 'TODOS', 'C', 1),
(2618, 1, 'DADI', 'TODOS', 'C', 1),
(2619, 1, 'TODOS', 'TODOS', 'B', 1),
(2620, 1, 'TODOS', 'TODOS', 'B', 2),
(2621, 2, 'ACURA', 'TODOS', 'A', 1),
(2622, 2, 'ALFA ROMEO', 'TODOS', 'A', 1),
(2623, 2, 'BMW', 'TODOS', 'A', 1),
(2624, 2, 'CADILLAC', 'TODOS', 'A', 1),
(2625, 2, 'CHEVROLET', 'CORVETTE', 'A', 1),
(2626, 2, 'FERRARI', 'TODOS', 'A', 1),
(2627, 2, 'JAGUAR', 'TODOS', 'A', 1),
(2628, 2, 'LAMBORGHINI', 'TODOS', 'A', 1),
(2629, 2, 'LEXUS', 'TODOS', 'A', 1),
(2630, 2, 'LINCOLN', 'TODOS', 'A', 1),
(2631, 2, 'MERCEDES BENZ', 'TODOS', 'A', 1),
(2632, 2, 'MASERATI', 'TODOS', 'A', 1),
(2633, 2, 'PORSCHE', 'TODOS', 'A', 1),
(2634, 2, 'VOLVO', 'TODOS', 'A', 1),
(2635, 2, 'AUDI', 'TODOS', 'A', 1),
(2636, 2, 'AUDI', 'A3', 'B', 1),
(2637, 2, 'ARO', 'TODOS', 'H', 1),
(2638, 2, 'DACIA', 'TODOS', 'H', 1),
(2639, 2, 'LADA', 'TODOS', 'H', 1),
(2640, 2, 'SKODA', 'TODOS', 'H', 1),
(2641, 2, 'BUICK', 'TODOS', 'A', 1),
(2642, 2, 'BUICK', 'CENTURY', 'F', 1),
(2643, 2, 'CHEVROLET', 'CRUZE', 'A', 1),
(2644, 2, 'CHEVROLET', 'EPICA', 'B', 1),
(2645, 2, 'CHEVROLET', 'MONTE CARLO', 'B', 1),
(2646, 2, 'CHEVROLET', 'CAMARO', 'B', 1),
(2647, 2, 'CHEVROLET', 'CAPRICE', 'B', 1),
(2648, 2, 'CHEVROLET', 'ORLANDO', 'B', 1),
(2649, 2, 'CHEVROLET', 'BERETTA', 'C', 1),
(2650, 2, 'CHEVROLET', 'LUMINA', 'C', 1),
(2651, 2, 'CHEVROLET', 'LUMINAAPV', 'C', 2),
(2652, 2, 'CHEVROLET', 'MALIBU', 'C', 1),
(2653, 2, 'CHEVROLET', 'IMPALA', 'C', 1),
(2654, 2, 'CHEVROLET', 'OPTRA', 'C', 1),
(2655, 2, 'CHEVROLET', 'MERIVA', 'D', 1),
(2656, 2, 'CHEVROLET', 'CAVALIER', 'E', 1),
(2657, 2, 'CHEVROLET', 'ASTRA', 'E', 1),
(2658, 2, 'CHEVROLET', 'SUNFIRE', 'E', 1),
(2659, 2, 'CHEVROLET', 'AVEO', 'E', 1),
(2660, 2, 'CHEVROLET', 'KALOS', 'E', 1),
(2661, 2, 'CHEVROLET', 'ESTEEM', 'G', 1),
(2662, 2, 'CHEVROLET', 'WAGON R', 'G', 1),
(2663, 2, 'CHEVROLET', 'SPARK', 'G', 1),
(2664, 2, 'CHEVROLET', 'CENTURY', 'H', 1),
(2665, 2, 'CHEVROLET', 'SWIFT', 'H', 1),
(2666, 2, 'CHEVROLET', 'CORSA', 'H', 1),
(2667, 2, 'CHEVROLET', 'CHEVY 500', 'H', 1),
(2668, 2, 'CHEVROLET', 'CHEVY C2', 'H', 1),
(2669, 2, 'CHEVROLET', 'CHEVY METRO', 'H', 1),
(2670, 2, 'CHEVROLET', 'CHEVY VAN', 'H', 1),
(2671, 2, 'CITROEN', 'C5', 'A', 1),
(2672, 2, 'CITROEN', 'BERLINA', 'A', 1),
(2673, 2, 'CITROEN', 'XSARA', 'D', 1),
(2674, 2, 'CITROEN', 'C3', 'D', 1),
(2675, 2, 'CITROEN', 'C4', 'D', 1),
(2676, 2, 'CITROEN', 'BERLINGO', 'E', 1),
(2677, 2, 'CITROEN', 'C2', 'E', 1),
(2678, 2, 'DAEWOO', 'LEGANZA', 'G', 1),
(2679, 2, 'DAEWOO', 'PRINCE', 'G', 1),
(2680, 2, 'DAEWOO', 'NUBIRA', 'G', 1),
(2681, 2, 'DAEWOO', 'SUPER SALOON', 'G', 1),
(2682, 2, 'DAEWOO', 'TACUMA', 'G', 1),
(2683, 2, 'DAEWOO', 'ESPERO', 'H', 1),
(2684, 2, 'DAEWOO', 'RACER', 'H', 1),
(2685, 2, 'DAEWOO', 'LANOS', 'H', 1),
(2686, 2, 'DAEWOO', 'TICO', 'H', 1),
(2687, 2, 'DAEWOO', 'CIELO', 'H', 1),
(2688, 2, 'DAEWOO', 'MATIZ', 'H', 1),
(2689, 2, 'FIAT', 'PUNTO', 'D', 1),
(2690, 2, 'FIAT', 'STILO', 'E', 1),
(2691, 2, 'FIAT', 'MAREA', 'E', 1),
(2692, 2, 'FIAT', 'COUPE', 'F', 1),
(2693, 2, 'FIAT', 'CROMA', 'F', 1),
(2694, 2, 'FIAT', 'SIENA', 'F', 1),
(2695, 2, 'FIAT', 'IDEA', 'F', 1),
(2696, 2, 'FIAT', 'BRAVA', 'F', 1),
(2697, 2, 'FIAT', 'PALIO', 'G', 1),
(2698, 2, 'FIAT', 'UNO', 'H', 1),
(2699, 2, 'FIAT', 'PREMIO', 'H', 1),
(2700, 2, 'FIAT', 'TEMPRA', 'H', 1),
(2701, 2, 'FORD', 'FUSION', 'B', 1),
(2702, 2, 'FORD', 'CROWN', 'B', 1),
(2703, 2, 'FORD', 'THUNDERBIRD', 'B', 1),
(2704, 2, 'FORD', 'WINDSTAR', 'B', 1),
(2705, 2, 'FORD', 'GRAND MARQUIS', 'B', 1),
(2706, 2, 'FORD', 'FOCUS', 'D', 1),
(2707, 2, 'FORD', 'LASER', 'E', 1),
(2708, 2, 'FORD', 'FIESTA', 'E', 1),
(2709, 2, 'FORD', 'MUSTANG', 'C', 1),
(2710, 2, 'FORD', 'TAURUS', 'C', 1),
(2711, 2, 'MERCURY', 'TRACER', 'G', 1),
(2712, 2, 'FORD', 'ESCORT', 'H', 1),
(2713, 2, 'FORD', 'FESTIVA', 'H', 1),
(2714, 2, 'FORD', 'KA ', 'H', 1),
(2715, 2, 'HONDA', 'ACCORD', 'A', 1),
(2716, 2, 'HONDA', 'ODYSSEY', 'B', 1),
(2717, 2, 'HONDA', 'CIVIC', 'D', 1),
(2718, 2, 'HONDA', 'FIT', 'F', 1),
(2719, 2, 'HONDA', 'STREAM', 'F', 1),
(2720, 2, 'HYUNDAI', 'SONATA', 'B', 1),
(2721, 2, 'HYUNDAI', 'AZERA', 'B', 1),
(2722, 2, 'HYUNDAI', 'ELANTRA', 'C', 1),
(2723, 2, 'HYUNDAI', 'MATRIX', 'D', 1),
(2724, 2, 'HYUNDAI', 'COUPE TIBURON', 'D', 1),
(2725, 2, 'HYUNDAI', 'GETZ', 'F', 1),
(2726, 2, 'HYUNDAI', 'GRACE', 'F', 1),
(2727, 2, 'HYUNDAI', 'VERNA', 'F', 1),
(2728, 2, 'HYUNDAI', 'EXCEL', 'G', 1),
(2729, 2, 'HYUNDAI', 'ATOS', 'G', 1),
(2730, 2, 'HYUNDAI', 'ACCENT', 'G', 1),
(2731, 2, 'KIA', 'OPIRUS', 'A', 1),
(2732, 2, 'KIA', 'OPTIMA', 'C', 1),
(2733, 2, 'KIA', 'SEDONA', 'C', 1),
(2734, 2, 'KIA', 'CARENS', 'C', 1),
(2735, 2, 'KIA', 'CARNIVAL', 'C', 1),
(2736, 2, 'KIA', 'SPECTRA', 'E', 1),
(2737, 2, 'KIA', 'CERATO', 'E', 1),
(2738, 2, 'KIA', 'RIO', 'G', 1),
(2739, 2, 'KIA', 'SEPHIA', 'G', 1),
(2740, 2, 'KIA', 'SHUMA', 'G', 1),
(2741, 2, 'KIA', 'PICANTO', 'G', 1),
(2742, 2, 'PEUGEOT', '607', 'B', 1),
(2743, 2, 'PEUGEOT', '407', 'B', 1),
(2744, 2, 'PEUGEOT', '307', 'B', 1),
(2745, 2, 'PEUGEOT', '206', 'E', 1),
(2746, 2, 'PEUGEOT', '207', 'E', 1),
(2747, 2, 'ROVER ', 'TODOS', 'A', 1),
(2748, 2, 'MAZDA', '929', 'B', 1),
(2749, 2, 'MAZDA', 'MPV', 'B', 1),
(2750, 2, 'MAZDA', '6', 'D', 1),
(2751, 2, 'MAZDA', '5', 'D', 1),
(2752, 2, 'MAZDA', '3', 'D', 1),
(2753, 2, 'MAZDA', '626', 'D', 1),
(2754, 2, 'MAZDA', 'MX 3', 'D', 1),
(2755, 2, 'MAZDA', 'MX 5', 'D', 1),
(2756, 2, 'MAZDA', 'MX 6', 'D', 1),
(2757, 2, 'MAZDA', 'PROTEGE', 'D', 1),
(2758, 2, 'MAZDA', 'ALLEGRO', 'E', 1),
(2759, 2, 'MAZDA', '2', 'F', 1),
(2760, 2, 'MAZDA', 'DEMIO', 'G', 1),
(2761, 2, 'MAZDA', '323', 'G', 1),
(2762, 2, 'MITSUBISHI', 'DIAMANTE', 'C', 1),
(2763, 2, 'MITSUBISHI', 'SIGMA', 'C', 1),
(2764, 2, 'MITSUBISHI', 'SPACE WAGON', 'C', 1),
(2766, 2, 'MITSUBISHI', '3000', 'C', 1),
(2767, 2, 'MITSUBISHI', 'ECLIPSE', 'C', 1),
(2768, 2, 'MITSUBISHI', 'EXPO', 'C', 1),
(2769, 2, 'MITSUBISHI', 'MS', 'C', 1),
(2770, 2, 'MITSUBISHI', 'MX', 'C', 1),
(2771, 2, 'MITSUBISHI', 'MF', 'D', 1),
(2772, 2, 'MITSUBISHI', 'MIRAGE', 'F', 1),
(2773, 2, 'MITSUBISHI', 'GALANT', 'F', 1),
(2774, 2, 'MITSUBISHI', 'SIGNO', 'G', 1),
(2775, 2, 'MITSUBISHI', 'COLT', 'H', 1),
(2776, 2, 'MITSUBISHI', 'LANCER', 'C', 1),
(2777, 2, 'NISSAN', 'ALTIMA', 'A', 1),
(2778, 2, 'NISSAN', '350', 'A', 1),
(2779, 2, 'NISSAN', 'MAXIMA', 'B', 1),
(2780, 2, 'NISSAN', 'QUEST', 'B', 1),
(2781, 2, 'NISSAN', 'PRIMERA', 'C', 1),
(2782, 2, 'NISSAN', 'TIIDA', 'D', 1),
(2783, 2, 'NISSAN', 'ALMERA', 'D', 1),
(2784, 2, 'NISSAN', 'SENTRA', 'F', 1),
(2785, 2, 'RENAULT', 'LAGUNA', 'C', 1),
(2786, 2, 'RENAULT', 'SCENIC', 'C', 1),
(2788, 2, 'RENAULT', '21', 'F', 1),
(2789, 2, 'RENAULT', 'TRAFIC', 'F', 1),
(2790, 2, 'RENAULT', 'SANDERO', 'F', 1),
(2791, 2, 'RENAULT', 'MEGANE', 'F', 1),
(2792, 2, 'RENAULT', 'LOGAN', 'G', 1),
(2794, 2, 'RENAULT', 'CLIO', 'G', 1),
(2795, 2, 'RENAULT', 'GALA ', 'G', 1),
(2796, 2, 'RENAULT', 'SYMBOL', 'G', 1),
(2797, 2, 'RENAULT', 'TWINGO', 'G', 1),
(2798, 2, 'RENAULT', '19', 'H', 1),
(2799, 2, 'SEAT', 'TOLEDO', 'D', 1),
(2800, 2, 'SEAT', 'LEON', 'D', 1),
(2801, 2, 'SEAT', 'CORDOBA', 'D', 1),
(2802, 2, 'SEAT', 'IBIZA', 'D', 1),
(2803, 2, 'SUBARU', 'TODOS', 'C', 1),
(2804, 2, 'SUZUKI', 'TODOS', 'E', 1),
(2805, 2, 'TOYOTA', 'AVALON', 'A', 1),
(2806, 2, 'TOYOTA', 'CAMRY', 'A', 1),
(2807, 2, 'TOYOTA', 'CROWN', 'A', 1),
(2808, 2, 'TOYOTA', 'SIENNA', 'B', 1),
(2809, 2, 'TOYOTA', 'COROLLA', 'B', 1),
(2810, 2, 'TOYOTA', 'CELICA', 'C', 1),
(2811, 2, 'TOYOTA', 'PREVIA', 'C', 1),
(2812, 2, 'TOYOTA', 'YARIS', 'D', 1),
(2813, 2, 'TOYOTA', 'STARLET', 'E', 1),
(2814, 2, 'TOYOTA', 'PASEO', 'F', 1),
(2815, 2, 'TOYOTA', 'TERCEL', 'F', 1),
(2816, 2, 'VOLKSWAGEN', 'GOLF', 'B', 1),
(2817, 2, 'VOLKSWAGEN', 'PASSAT', 'B', 1),
(2818, 2, 'VOLKSWAGEN', 'BORA', 'B', 1),
(2819, 2, 'VOLKSWAGEN', 'JETTA', 'B', 1),
(2820, 2, 'VOLKSWAGEN', 'NEW BEETLE', 'C', 1),
(2821, 2, 'VOLKSWAGEN', 'PARATI', 'E', 1),
(2822, 2, 'VOLKSWAGEN', 'POLO', 'E', 1),
(2823, 2, 'VOLKSWAGEN', 'VENTO', 'E', 1),
(2824, 2, 'VOLKSWAGEN', 'FOX', 'E', 1),
(2825, 2, 'VOLKSWAGEN', 'CROSS FOX', 'E', 1),
(2826, 2, 'VOLKSWAGEN', 'SPACEFOX', 'E', 1),
(2827, 2, 'VOLKSWAGEN', 'ESCARABAJO', 'G', 1),
(2828, 2, 'VOLKSWAGEN', 'GOL ', 'G', 1),
(2829, 2, 'CHRYSLER', 'VOYAGER', 'A', 1),
(2830, 2, 'DODGE', 'CARAVAN', 'B', 1),
(2831, 2, 'DODGE', 'INTREPID', 'B', 1),
(2832, 2, 'CHRYSLER', 'SEBRING', 'B', 1),
(2833, 2, 'CHRYSLER', 'GRAND VOYAGER', 'B', 1),
(2834, 2, 'DODGE', 'GRAND CARAVAN', 'B', 1),
(2835, 2, 'DODGE', 'AVENGER', 'C', 1),
(2836, 2, 'DODGE', 'SPIRIT', 'C', 1),
(2837, 2, 'DODGE', 'STEALTH', 'C', 1),
(2838, 2, 'CHRYSLER', 'TOWN&COUNTRY', 'C', 1),
(2839, 2, 'DODGE', 'CALIBER', 'C', 1),
(2840, 2, 'CHRYSLER', 'PT  CRUISER', 'D', 1),
(2841, 2, 'DODGE', 'NEON', 'F', 1),
(2842, 2, 'DODGE', 'STRATUS', 'F', 1),
(2843, 2, 'CHRYSLER', 'LE BARON', 'F', 1),
(2844, 2, 'DODGE', 'BRISA', 'G', 1),
(2845, 2, 'LAND ROVER', 'TODOS', 'A', 2),
(2846, 2, 'MERCEDES BENZ', 'TODOS', 'A', 2),
(2847, 2, 'HUMMER', 'TODOS', 'A', 2),
(2848, 2, 'BMW', 'TODOS', 'A', 2),
(2849, 2, 'LEXUS', 'TODOS', 'A', 2),
(2850, 2, 'PORSCHE', 'TODOS', 'A', 2),
(2851, 2, 'ACURA', 'TODOS', 'A', 2),
(2852, 2, 'DAIHATSU ', 'TERIOS', 'D', 2),
(2853, 2, 'TOYOTA', 'TERIOS', 'D', 2),
(2854, 2, 'CHEVROLET', 'GRAND BLAZER', 'A', 2),
(2855, 2, 'CHEVROLET', 'TAHOE', 'A', 2),
(2856, 2, 'CHEVROLET', 'EQUINOX', 'A', 2),
(2857, 2, 'CHEVROLET', 'HHR', 'A', 2),
(2858, 2, 'CHEVROLET', 'BLAZER', 'B', 2),
(2859, 2, 'CHEVROLET', 'TRAILBLAZER', 'B', 2),
(2860, 2, 'CHEVROLET', 'CAPTIVA', 'B', 2),
(2861, 2, 'CHEVROLET', 'JIMNY', 'C', 2),
(2862, 2, 'CHEVROLET', 'VITARA', 'C', 2),
(2863, 2, 'CHEVROLET', 'GRAND VITARA', 'D', 2),
(2864, 2, 'FORD', 'EXPLORER', 'A', 2),
(2865, 2, 'FORD', 'EXPEDITION', 'A', 2),
(2866, 2, 'FORD', 'ESCAPE', 'B', 2),
(2867, 2, 'FORD', 'ECOSPORT', 'C', 2),
(2868, 2, 'FORD', 'BRONCO', 'C', 2),
(2869, 2, 'JEEP', 'GRAND CHEROKEE', 'A', 2),
(2870, 2, 'JEEP', 'COMPASS', 'A', 2),
(2871, 2, 'JEEP', 'COMMANDER', 'A', 2),
(2872, 2, 'JEEP', 'CHEROKEE', 'A', 2),
(2875, 2, 'TOYOTA', '4RUNNER', 'A', 2),
(2876, 2, 'TOYOTA', 'RAV4', 'A', 2),
(2877, 2, 'TOYOTA', 'FORTUNER', 'A', 2),
(2878, 2, 'TOYOTA', 'FJ CRUISER', 'A', 2),
(2879, 2, 'TOYOTA', 'LAND CRUISER S.WAGON', 'A', 2),
(2882, 2, 'TOYOTA', 'SEQUOIA', 'A', 2),
(2883, 2, 'TOYOTA', 'LAND CRUISER', 'A', 2),
(2884, 2, 'HONDA', 'CR V', 'A', 2),
(2885, 2, 'HONDA', 'PILOT', 'A', 2),
(2919, 10, 'CHEVROLET', 'AVEO', 'A', 1),
(2920, 10, 'CHEVY', 'C2', 'A', 1),
(2921, 10, 'CHEVROLET', 'CORSA', 'A', 1),
(2922, 10, 'CHEVROLET', 'SPARK', 'A', 1),
(2923, 10, 'CHEVROLET', 'WAGON R', 'A', 1),
(2924, 10, 'DODGE', 'BRISA', 'A', 1),
(2925, 10, 'FIAT', 'PALIO', 'A', 1),
(2926, 10, 'FIAT ', 'PUNTO', 'A', 1),
(2927, 10, 'FIAT', 'SIENNA', 'A', 1),
(2928, 10, 'FIAT ', 'UNO', 'A', 1),
(2929, 10, 'FORD', 'FIESTA', 'A', 1),
(2930, 10, 'FORD ', 'LASER', 'A', 1),
(2931, 10, 'HYUNDAI', 'ACCENT', 'A', 1),
(2932, 10, 'HYUNDAI', 'GETZ', 'A', 1),
(2933, 10, 'KIA', 'CERATO', 'A', 1),
(2934, 10, 'KIA', 'PICANTO', 'A', 1),
(2935, 10, 'KIA', 'RIO', 'A', 1),
(2936, 10, 'MAZDA', '323', 'A', 1),
(2937, 10, 'MAZDA', 'ALLEGRO', 'A', 1),
(2938, 10, 'MITSUBISHI', 'SIGNO', 'A', 1),
(2939, 10, 'NISSAN', 'SENTRA', 'A', 1),
(2940, 10, 'PEUGEOT', '206', 'A', 1),
(2941, 10, 'PEUGEOT', '207', 'A', 1),
(2942, 10, 'PEUGEOT', '307', 'A', 1),
(2943, 10, 'RENAULT', 'CLIO', 'A', 1),
(2944, 10, 'RENAULT', 'LOGAN', 'A', 1),
(2945, 10, 'RENAULT', 'SYMBOL', 'A', 1),
(2946, 10, 'RENAULT', 'TWINGO', 'A', 1),
(2947, 10, 'VOLKSWAGEN', 'FOX', 'A', 1),
(2948, 10, 'VOLKSWAGEN', 'GOL', 'A', 1),
(2949, 10, 'TODOS', 'TODOS', 'B', 1),
(2950, 10, 'TODOS', 'TODOS', 'TODOS', 2),
(2951, 10, 'TODOS', 'TODOS', 'TODOS', 3),
(3213, 12, 'TODOS', 'TODOS', 'TODOS', 2),
(3214, 12, 'TODOS', 'TODOS', 'TODOS', 3),
(3215, 11, 'ASTON MARTIN', 'DB7', 'A', 1),
(3216, 11, 'ASTON MARTIN', 'DB9', 'A', 1),
(3217, 11, 'ASTON MARTIN', 'DBS', 'A', 1),
(3218, 11, 'ASTON MARTIN', 'VIRAGE', 'A', 1),
(3219, 11, 'ASTON MARTIN', 'LAGONDA ', 'A', 1),
(3220, 11, 'AUDI', 'A2', 'A', 1),
(3221, 11, 'AUDI', 'A3', 'A', 1),
(3222, 11, 'AUDI', 'A4', 'A', 1),
(3223, 11, 'AUDI', 'A5', 'A', 1),
(3224, 11, 'AUDI', 'A6', 'A', 1),
(3225, 11, 'AUDI', 'A7', 'A', 1),
(3226, 11, 'AUDI', 'A8', 'A', 1),
(3227, 11, 'AUDI', 'ALLROAD', 'A', 1),
(3228, 11, 'AUDI', 'CABRIOLET', 'A', 1),
(3229, 11, 'AUDI', 'RS', 'A', 1),
(3230, 11, 'AUDI', 'S3', 'A', 1),
(3231, 11, 'AUDI', 'S4', 'A', 1),
(3232, 11, 'AUDI', 'S5', 'A', 1),
(3233, 11, 'AUDI', 'S6', 'A', 1),
(3234, 11, 'AUDI', 'S8', 'A', 1),
(3235, 11, 'AUDI', 'TT', 'A', 1),
(3236, 11, 'AUDI', 'TTS', 'A', 1),
(3237, 11, 'AUDI', 'V8', 'A', 1),
(3238, 11, 'BENTLEY', 'ARNAGE', 'A', 1),
(3239, 11, 'BENTLEY', 'AZURE', 'A', 1),
(3240, 11, 'BENTLEY', 'BROOKLANDS', 'A', 1),
(3241, 11, 'BENTLEY', 'CONTINENTAL', 'A', 1),
(3242, 11, 'BENTLEY', 'MULSANNE', 'A', 1),
(3243, 11, 'BMW', '116', 'A', 1),
(3244, 11, 'BMW', '120', 'A', 1),
(3245, 11, 'BMW', '128', 'A', 1),
(3246, 11, 'BMW', '130', 'A', 1),
(3247, 11, 'BMW', '135', 'A', 1),
(3248, 11, 'BMW', '316', 'A', 1),
(3249, 11, 'BMW', '318', 'A', 1),
(3250, 11, 'BMW', '320', 'A', 1),
(3251, 11, 'BMW', '323', 'A', 1),
(3252, 11, 'BMW', '325', 'A', 1),
(3253, 11, 'BMW', '328', 'A', 1),
(3254, 11, 'BMW', '330', 'A', 1),
(3255, 11, 'BMW', '335', 'A', 1),
(3256, 11, 'BMW', '518', 'A', 1),
(3257, 11, 'BMW', '520', 'A', 1),
(3258, 11, 'BMW', '523', 'A', 1),
(3259, 11, 'BMW', '524', 'A', 1),
(3260, 11, 'BMW', '525', 'A', 1),
(3261, 11, 'BMW', '528', 'A', 1),
(3262, 11, 'BMW', '530', 'A', 1),
(3263, 11, 'BMW', '535', 'A', 1),
(3264, 11, 'BMW', '540', 'A', 1),
(3265, 11, 'BMW', '545', 'A', 1),
(3266, 11, 'BMW', '550', 'A', 1),
(3267, 11, 'BMW', '635', 'A', 1),
(3268, 11, 'BMW', '640', 'A', 1),
(3269, 11, 'BMW', '645', 'A', 1),
(3270, 11, 'BMW', '650', 'A', 1),
(3271, 11, 'BMW', '728', 'A', 1),
(3272, 11, 'BMW', '730', 'A', 1),
(3273, 11, 'BMW', '735', 'A', 1),
(3274, 11, 'BMW', '740', 'A', 1),
(3275, 11, 'BMW', '745', 'A', 1),
(3276, 11, 'BMW', '750', 'A', 1),
(3277, 11, 'BMW', '760', 'A', 1),
(3278, 11, 'BMW', '840', 'A', 1),
(3279, 11, 'BMW', '850', 'A', 1),
(3280, 11, 'BMW', 'L7', 'A', 1),
(3281, 11, 'BMW', 'M', 'A', 1),
(3282, 11, 'BMW', 'M3', 'A', 1),
(3283, 11, 'BMW', 'M5', 'A', 1),
(3284, 11, 'BMW', 'M6', 'A', 1),
(3285, 11, 'BMW', 'Z1', 'A', 1),
(3286, 11, 'BMW', 'Z3', 'A', 1),
(3287, 11, 'BMW', 'Z4', 'A', 1),
(3288, 11, 'BMW', 'Z8', 'A', 1),
(3289, 11, 'BUGATTI', 'EB', 'A', 1),
(3290, 11, 'BUGATTI', 'EB112', 'A', 1),
(3291, 11, 'BUGATTI', 'VEYRON', 'A', 1),
(3292, 11, 'CADILLAC', 'CATERA', 'A', 1),
(3293, 11, 'CADILLAC', 'DEVILLE', 'A', 1),
(3294, 11, 'CADILLAC', 'SEVILLE', 'A', 1),
(3295, 11, 'CADILLAC', 'STS', 'A', 1),
(3296, 11, 'FERRARI', '348', 'A', 1),
(3297, 11, 'FERRARI', '360', 'A', 1),
(3298, 11, 'FERRARI', '456', 'A', 1),
(3299, 11, 'FERRARI', '512', 'A', 1),
(3300, 11, 'FERRARI', '550', 'A', 1),
(3301, 11, 'FERRARI', '575M', 'A', 1),
(3302, 11, 'FERRARI', '599', 'A', 1),
(3303, 11, 'FERRARI', '612', 'A', 1),
(3304, 11, 'FERRARI', 'ENZO', 'A', 1),
(3305, 11, 'FERRARI', 'F355', 'A', 1),
(3306, 11, 'FERRARI', 'F40', 'A', 1),
(3307, 11, 'FERRARI', 'F430', 'A', 1),
(3308, 11, 'FERRARI', 'F50', 'A', 1),
(3309, 11, 'FERRARI', 'MONDIAL', 'A', 1),
(3310, 11, 'FERRARI', 'SPIDER', 'A', 1),
(3311, 11, 'FERRARI', 'TESTAROSSA', 'A', 1),
(3312, 11, 'LAMBORGHINI', 'COUNTACH', 'A', 1),
(3313, 11, 'LAMBORGHINI', 'DIABLO', 'A', 1),
(3314, 11, 'LAMBORGHINI', 'MURCIELAGO', 'A', 1),
(3315, 11, 'LEXUS', 'ES', 'A', 1),
(3316, 11, 'LEXUS', 'GS', 'A', 1),
(3317, 11, 'LEXUS', 'IS', 'A', 1),
(3318, 11, 'LEXUS', 'LS', 'A', 1),
(3319, 11, 'LEXUS', 'SC', 'A', 1),
(3320, 11, 'LINCOLN', 'CONTINENTAL', 'A', 1),
(3321, 11, 'LINCOLN', 'LS', 'A', 1),
(3322, 11, 'LINCOLN', 'TOWN CAR', 'A', 1),
(3323, 11, 'LOTUS', 'ELAN', 'A', 1),
(3324, 11, 'LOTUS', 'ELISE', 'A', 1),
(3325, 11, 'LOTUS', 'ESPRIT', 'A', 1),
(3326, 11, 'MASERATI', '3200GT', 'A', 1),
(3327, 11, 'MASERATI', 'QUATTROPORTE', 'A', 1),
(3328, 11, 'MASERATI', 'SPYDER', 'A', 1),
(3329, 11, 'MERCEDES BENZ', 'A', 'A', 1),
(3330, 11, 'MERCEDES BENZ', 'B', 'A', 1),
(3331, 11, 'MERCEDES BENZ', 'C', 'A', 1),
(3332, 11, 'MERCEDES BENZ', 'CL', 'A', 1),
(3333, 11, 'MERCEDES BENZ', 'CLK', 'A', 1),
(3334, 11, 'MERCEDES BENZ', 'CLS', 'A', 1),
(3335, 11, 'MERCEDES BENZ', 'D', 'A', 1),
(3336, 11, 'MERCEDES BENZ', 'E', 'A', 1),
(3337, 11, 'MERCEDES BENZ', 'R', 'A', 1),
(3338, 11, 'MERCEDES BENZ', 'S', 'A', 1),
(3339, 11, 'MERCEDES BENZ', 'SL', 'A', 1),
(3340, 11, 'MERCEDES BENZ', 'SLC', 'A', 1),
(3341, 11, 'MERCEDES BENZ', 'SLK', 'A', 1),
(3342, 11, 'MERCEDES BENZ', 'V', 'A', 1),
(3343, 11, 'PORSCHE', '911', 'A', 1),
(3344, 11, 'PORSCHE', '928', 'A', 1),
(3345, 11, 'PORSCHE', '930', 'A', 1),
(3346, 11, 'PORSCHE', '944', 'A', 1),
(3347, 11, 'PORSCHE', '968', 'A', 1),
(3348, 11, 'PORSCHE', 'BOXSTER', 'A', 1),
(3349, 11, 'PORSCHE', 'CARRERA GT', 'A', 1),
(3350, 11, 'PORSCHE', 'CAYMAN', 'A', 1),
(3351, 11, 'ROLLS ROYCE', 'PARK WARD', 'A', 1),
(3352, 11, 'ROLLS ROYCE', 'SILVER SERAPH', 'A', 1),
(3353, 11, 'ROLLS ROYCE', 'TOURING', 'A', 1),
(3354, 11, 'ROLLS ROYCE', 'ROLLS ROYCE', 'A', 1),
(3355, 11, 'VOLKSWAGEN', 'TOURAN', 'A', 1),
(3356, 11, 'CHEVROLET', 'IMPALA', 'A', 1),
(3357, 11, 'CHEVROLET', 'CRUZE', 'A', 1),
(3358, 11, 'FORD', 'MUSTANG', 'A', 1),
(3359, 11, 'FORD', 'SHELBY', 'A', 1),
(3360, 11, 'HONDA', 'ACCORD', 'A', 1),
(3361, 11, 'HONDA', 'LEGEND', 'A', 1),
(3362, 11, 'NISSAN', '350', 'A', 1),
(3363, 11, 'SUBARU', 'IMPREZA', 'A', 1),
(3364, 11, 'SUBARU', 'LEGACY', 'A', 1),
(3365, 11, 'SUBARU', 'LOYALE', 'A', 1),
(3366, 11, 'MINICORD', 'MINICORD', 'A', 1),
(3367, 11, 'TOYOTA', 'CAMRY', 'A', 1),
(3368, 11, 'TOYOTA', 'PREVIA', 'A', 1),
(3369, 11, 'TOYOTA', 'COROLLA', 'A', 1),
(3370, 11, 'TOYOTA', 'SIENNA', 'A', 1),
(3371, 11, 'CHEVROLET', 'AVEO', 'C', 1),
(3372, 11, 'CHEVROLET', 'CORSA', 'C', 1),
(3373, 11, 'CHEVROLET', 'CHEVY C2', 'C', 1),
(3374, 11, 'CHEVROLET', 'SPARK', 'C', 1),
(3375, 11, 'CHEVROLET', 'WAGON R', 'C', 1),
(3376, 11, 'DODGE', 'BRISA', 'C', 1),
(3377, 11, 'FORD', 'FESTIVA', 'C', 1),
(3378, 11, 'FORD', 'KA', 'C', 1),
(3379, 11, 'HYUNDAI', 'ACCENT', 'C', 1),
(3380, 11, 'HYUNDAI', 'GETZ', 'C', 1),
(3381, 11, 'MAZDA', '323', 'C', 1),
(3382, 11, 'MITSUBISHI', 'SIGNO', 'C', 1),
(3383, 11, 'RENAULT', 'TWINGO', 'C', 1),
(3384, 11, 'AUDI', 'Q7', 'A', 2),
(3385, 11, 'BMX', 'X3', 'A', 2),
(3386, 11, 'BMX', 'X5', 'A', 2),
(3387, 11, 'BMX', 'X6', 'A', 2),
(3388, 11, 'CADILLAC', 'ESCALADE', 'A', 2),
(3389, 11, 'CADILLAC', 'SRX', 'A', 2),
(3390, 11, 'HUMMER', 'H1', 'A', 2),
(3391, 11, 'HUMMER', 'H2', 'A', 2),
(3392, 11, 'HUMMER', 'H3', 'A', 2),
(3393, 11, 'LAND ROVER', 'DEFENDER', 'A', 2),
(3394, 11, 'LAND ROVER', 'DISCOVERY', 'A', 2),
(3395, 11, 'LAND ROVER', 'FREELANDER', 'A', 2),
(3396, 11, 'LAND ROVER', 'LAND ROVER', 'A', 2),
(3397, 11, 'LAND ROVER', 'LR3', 'A', 2),
(3398, 11, 'LAND ROVER', 'RANGE ROVER', 'A', 2),
(3399, 11, 'LEXUS', 'GX', 'A', 2),
(3400, 11, 'LEXUS', 'LX', 'A', 2),
(3401, 11, 'LEXUS', 'RX', 'A', 2),
(3402, 11, 'LINCOLN', 'AVIATOR', 'A', 2),
(3403, 11, 'LINCOLN', 'NAVIGATOR', 'A', 2),
(3404, 11, 'MERCEDES BENZ', 'GELAENDEWAGEN', 'A', 2),
(3405, 11, 'MERCEDES BENZ', 'GL', 'A', 2),
(3406, 11, 'MERCEDES BENZ', 'ML', 'A', 2),
(3407, 11, 'NISSAN', 'ARMADA', 'A', 2),
(3408, 11, 'NISSAN', 'MURANO', 'A', 2),
(3409, 11, 'NISSAN', 'PATHFINDER', 'A', 2),
(3410, 11, 'NISSAN', 'PATROL', 'A', 2),
(3411, 11, 'PORSCHE', 'CAYENNE', 'A', 2),
(3412, 11, 'SUBARU', 'FORESTER', 'A', 2),
(3413, 11, 'SUBARU', 'B9', 'A', 2),
(3414, 11, 'SUBARU', 'OUTBACK', 'A', 2),
(3415, 11, 'RENAULT', 'KOLEOS', 'A', 2),
(3416, 11, 'VOLKSWAGEN', 'TOUAREG', 'A', 2),
(3417, 11, 'FORD ', 'ESCAPE', 'A', 2),
(3418, 11, 'FORD ', 'EXPEDITION', 'A', 2),
(3419, 11, 'FORD ', 'EXPLORER', 'A', 2),
(3420, 11, 'FORD ', 'ECOSPORT', 'A', 2),
(3421, 11, 'CHEVROLET', 'TAHOE', 'A', 2),
(3422, 11, 'CHEVROLET', 'CAPTIVA', 'A', 2),
(3423, 11, 'CHEVROLET', 'TRAILBLAZER', 'A', 2),
(3424, 11, 'TOYOTA', 'HIGHLANDER', 'A', 2),
(3425, 11, 'TOYOTA', 'FJ CRUISER', 'A', 2),
(3426, 11, 'TOYOTA', '4RUNNER', 'A', 2),
(3427, 11, 'TOYOTA', 'FORTUNER', 'A', 2),
(3428, 11, 'TOYOTA', 'SEQUOIA', 'A', 2),
(3429, 11, 'TOYOTA', 'LAND CRUISER S.WAGON', 'A', 2),
(3430, 11, 'JEEP', 'GRAND CHEROKEE', 'A', 2),
(3431, 11, 'JEEP', 'CHEROKEE', 'A', 2),
(3432, 11, 'JEEP', 'COMMANDER', 'A', 2),
(3433, 11, 'JEEP', 'PATRIOT', 'A', 2),
(3434, 11, 'HYUNDAI', 'SANTA FE', 'A', 2),
(3435, 11, 'HYUNDAI', 'TUCSON', 'A', 2),
(3436, 11, 'KIA', 'SPORTAGE', 'A', 2),
(3437, 11, 'HONDA', 'CR V', 'A', 2),
(3438, 11, 'HONDA', 'PILOT', 'A', 2),
(3439, 11, 'MAZDA', 'CX7', 'A', 2),
(3440, 11, 'MITSUBISHI', 'MONTERO', 'A', 2),
(3441, 11, 'DACIA', 'TODOS', 'C', 1),
(3442, 11, 'SSANGYONG', 'TODOS', 'C', 1),
(3443, 11, 'KAMAZ', 'TODOS', 'C', 1),
(3444, 11, 'GEELY', 'TODOS', 'C', 1),
(3445, 11, 'GREAT WALLS MOTORS', 'TODOS', 'C', 1),
(3446, 11, 'CHERY', 'TODOS', 'C', 1),
(3447, 11, 'CHANA', 'TODOS', 'C', 1),
(3448, 11, 'BYD AUTOS', 'TODOS', 'C', 1),
(3449, 11, 'HAFEI', 'TODOS', 'C', 1),
(3450, 11, 'GONOW', 'TODOS', 'C', 1),
(3451, 11, 'CHANGHE', 'TODOS', 'C', 1),
(3452, 11, 'SG', 'TODOS', 'C', 1),
(3453, 11, 'SHUANGHUAN AUTO', 'TODOS', 'C', 1),
(3454, 11, 'ZHONGXING', 'TODOS', 'C', 1),
(3455, 11, 'TATA', 'TODOS', 'C', 1),
(3456, 11, 'KAMA', 'TODOS', 'C', 1),
(3457, 11, 'LANDWIND', 'TODOS', 'C', 1),
(3458, 11, 'VENIRAUTO', 'TODOS', 'C', 1),
(3459, 11, 'HAIMA', 'TODOS', 'C', 1),
(3460, 11, 'HONGXING', 'TODOS', 'C', 1),
(3461, 11, 'ZOTYE', 'TODOS', 'C', 1),
(3462, 11, 'JAC', 'TODOS', 'C', 1),
(3463, 11, 'DFM', 'TODOS', 'C', 1),
(3464, 11, 'HEIBAQ', 'TODOS', 'C', 1),
(3465, 11, 'JINBEI', 'TODOS', 'C', 1),
(3466, 11, 'ARO', 'TODOS', 'C', 1),
(3467, 11, 'LADA', 'TODOS', 'C', 1),
(3468, 11, 'SKODA', 'TODOS', 'C', 1),
(3469, 11, 'BERTONE', 'TODOS', 'C', 1),
(3470, 11, 'WULING', 'TODOS', 'C', 1),
(3471, 11, 'FAW', 'TODOS', 'C', 1),
(3472, 11, 'JMC', 'TODOS', 'C', 1),
(3473, 11, 'DADI', 'TODOS', 'C', 1),
(3474, 11, 'TODOS', 'TODOS', 'B', 1),
(3475, 11, 'TODOS', 'TODOS', 'B', 2);

-- --------------------------------------------------------

--
-- Table structure for table `tbl_clasificacion_ma`
--

CREATE TABLE IF NOT EXISTS `tbl_clasificacion_ma` (
  `id` bigint(20) NOT NULL AUTO_INCREMENT,
  `id_convenio_as` bigint(20) NOT NULL,
  `monto_min` double NOT NULL,
  `monto_max` double NOT NULL,
  `clasificacion` varchar(10) NOT NULL,
  `tipo_carro` tinyint(4) NOT NULL,
  PRIMARY KEY (`id`),
  KEY `id_convenio_as` (`id_convenio_as`,`tipo_carro`),
  KEY `tipo` (`tipo_carro`)
) ENGINE=InnoDB  DEFAULT CHARSET=latin1 AUTO_INCREMENT=7 ;

--
-- Dumping data for table `tbl_clasificacion_ma`
--

INSERT INTO `tbl_clasificacion_ma` (`id`, `id_convenio_as`, `monto_min`, `monto_max`, `clasificacion`, `tipo_carro`) VALUES
(4, 12, 0, 100001, 'A', 1),
(5, 12, 100001, 200001, 'B', 1),
(6, 12, 200001, 100000000, 'C', 1);

-- --------------------------------------------------------

--
-- Table structure for table `tbl_cliente`
--

CREATE TABLE IF NOT EXISTS `tbl_cliente` (
  `id` bigint(20) NOT NULL AUTO_INCREMENT,
  `nombre` varchar(100) NOT NULL,
  `razon_social` varchar(100) NOT NULL,
  `estatus` tinyint(4) NOT NULL,
  `ut_time` timestamp NOT NULL DEFAULT CURRENT_TIMESTAMP ON UPDATE CURRENT_TIMESTAMP,
  `cr_time` datetime NOT NULL,
  PRIMARY KEY (`id`)
) ENGINE=InnoDB  DEFAULT CHARSET=latin1 AUTO_INCREMENT=8 ;

--
-- Dumping data for table `tbl_cliente`
--

INSERT INTO `tbl_cliente` (`id`, `nombre`, `razon_social`, `estatus`, `ut_time`, `cr_time`) VALUES
(7, 'ALTA', 'ALTA', 1, '2013-11-26 00:45:38', '2013-11-25 20:04:53');

-- --------------------------------------------------------

--
-- Table structure for table `tbl_cob_as`
--

CREATE TABLE IF NOT EXISTS `tbl_cob_as` (
  `id` bigint(20) NOT NULL AUTO_INCREMENT,
  `desc_cobertura` varchar(100) NOT NULL,
  `cr_time` datetime NOT NULL,
  `ut_time` timestamp NOT NULL DEFAULT CURRENT_TIMESTAMP ON UPDATE CURRENT_TIMESTAMP,
  PRIMARY KEY (`id`)
) ENGINE=InnoDB  DEFAULT CHARSET=latin1 AUTO_INCREMENT=20 ;

--
-- Dumping data for table `tbl_cob_as`
--

INSERT INTO `tbl_cob_as` (`id`, `desc_cobertura`, `cr_time`, `ut_time`) VALUES
(1, 'COBERTURA AMPLIA', '0000-00-00 00:00:00', '0000-00-00 00:00:00'),
(2, 'COBERTURA P&Eacute;RDIDA TOTAL', '0000-00-00 00:00:00', '0000-00-00 00:00:00'),
(3, 'EVENTOS CATASTR&Oacute;FICOS', '0000-00-00 00:00:00', '0000-00-00 00:00:00'),
(4, 'INDEMNIZACI&Oacute;N DIARIA', '0000-00-00 00:00:00', '0000-00-00 00:00:00'),
(5, 'DA&Ntilde;OS A PERSONAS', '0000-00-00 00:00:00', '0000-00-00 00:00:00'),
(6, 'DA&Ntilde;OS A COSAS', '0000-00-00 00:00:00', '0000-00-00 00:00:00'),
(7, 'EXCESO DE L&Iacute;MITES', '0000-00-00 00:00:00', '0000-00-00 00:00:00'),
(8, 'ASISTENCIA LEGAL Y DEFENSA PENAL', '0000-00-00 00:00:00', '0000-00-00 00:00:00'),
(9, 'MUERTE E INVALIDEZ PERMANENTE', '0000-00-00 00:00:00', '0000-00-00 00:00:00'),
(10, 'GASTOS M&Eacute;DICOS', '0000-00-00 00:00:00', '0000-00-00 00:00:00'),
(11, 'GASTOS FUNERARIOS', '0000-00-00 00:00:00', '0000-00-00 00:00:00'),
(12, 'OFTALMOL&Oacute;GICO', '0000-00-00 00:00:00', '0000-00-00 00:00:00'),
(13, 'ODONTOL&Oacute;GICO', '0000-00-00 00:00:00', '0000-00-00 00:00:00'),
(14, 'ASISTENCIA DOMICILIARIA', '0000-00-00 00:00:00', '0000-00-00 00:00:00'),
(15, 'ENFERMEDADES GRAVES', '0000-00-00 00:00:00', '0000-00-00 00:00:00'),
(16, 'ODOF (ODONTOL&Oacute;GICO + DERMATOL&Oacute;GICO + OFTALMOL&Oacute;GICO)', '0000-00-00 00:00:00', '0000-00-00 00:00:00'),
(17, 'ASISTENCIA VIAL', '0000-00-00 00:00:00', '0000-00-00 00:00:00'),
(18, 'APIS', '0000-00-00 00:00:00', '0000-00-00 00:00:00'),
(19, 'EXTRA-PROTECCI&Oacute;N', '0000-00-00 00:00:00', '0000-00-00 00:00:00');

-- --------------------------------------------------------

--
-- Table structure for table `tbl_convenio_aseguradora`
--

CREATE TABLE IF NOT EXISTS `tbl_convenio_aseguradora` (
  `id` bigint(20) NOT NULL AUTO_INCREMENT,
  `cr_time` datetime DEFAULT NULL,
  `ut_time` timestamp NULL DEFAULT NULL,
  `id_aseguradora` bigint(20) NOT NULL,
  `descripcion` varchar(100) NOT NULL,
  PRIMARY KEY (`id`),
  KEY `id_aseguradora` (`id_aseguradora`),
  KEY `id_aseguradora_2` (`id_aseguradora`)
) ENGINE=InnoDB  DEFAULT CHARSET=latin1 AUTO_INCREMENT=13 ;

--
-- Dumping data for table `tbl_convenio_aseguradora`
--

INSERT INTO `tbl_convenio_aseguradora` (`id`, `cr_time`, `ut_time`, `id_aseguradora`, `descripcion`) VALUES
(1, NULL, NULL, 1, 'MERCANTIL 01-32-34-8819 01-07-2013/2014'),
(2, NULL, NULL, 2, 'BANESCO 01-32-34-8819 01-07-2013/2014'),
(3, NULL, NULL, 3, 'Zurich'),
(4, NULL, NULL, 4, 'La Venezolana de Seguros y Vida C.A'),
(5, NULL, NULL, 5, 'Seguros La Vitalicia'),
(6, NULL, NULL, 6, 'Seguros Caracas'),
(7, NULL, NULL, 7, 'Seguros Canarias'),
(8, NULL, NULL, 8, 'Estar'),
(9, NULL, NULL, 9, 'Seguros Altamira'),
(10, NULL, NULL, 10, 'Movistar Multinacional de Seguros'),
(11, NULL, NULL, 1, 'Movistar Mercantil'),
(12, NULL, NULL, 6, 'Movistar Seguros Caracas');

-- --------------------------------------------------------

--
-- Table structure for table `tbl_cotizacion`
--

CREATE TABLE IF NOT EXISTS `tbl_cotizacion` (
  `id` bigint(20) NOT NULL AUTO_INCREMENT,
  `nombre` varchar(60) NOT NULL,
  `cedula` varchar(50) NOT NULL,
  `telefono` varchar(50) NOT NULL,
  `email` varchar(80) NOT NULL,
  `edad` int(11) NOT NULL,
  `sexo` tinyint(4) NOT NULL,
  `estado_civil` tinyint(4) NOT NULL,
  `tipo_carro` tinyint(4) NOT NULL,
  `car_marca` varchar(60) NOT NULL,
  `car_modelo` varchar(60) NOT NULL,
  `car_ano` int(11) NOT NULL,
  `car_version` varchar(60) NOT NULL,
  `car_ocupantes` tinyint(4) NOT NULL,
  `tipo_cobertura` tinyint(4) NOT NULL,
  `id_flota` bigint(20) NOT NULL,
  `valor_INMA` double NOT NULL,
  `cr_time` datetime NOT NULL,
  `ut_time` timestamp NOT NULL DEFAULT CURRENT_TIMESTAMP ON UPDATE CURRENT_TIMESTAMP,
  PRIMARY KEY (`id`),
  KEY `sexo` (`sexo`,`estado_civil`,`tipo_cobertura`,`id_flota`),
  KEY `id_flota` (`id_flota`),
  KEY `tipo_cobertura` (`tipo_cobertura`),
  KEY `estado_civil` (`estado_civil`),
  KEY `estado_civil_2` (`estado_civil`),
  KEY `tipo_carro` (`tipo_carro`)
) ENGINE=InnoDB  DEFAULT CHARSET=latin1 AUTO_INCREMENT=8 ;

--
-- Dumping data for table `tbl_cotizacion`
--

INSERT INTO `tbl_cotizacion` (`id`, `nombre`, `cedula`, `telefono`, `email`, `edad`, `sexo`, `estado_civil`, `tipo_carro`, `car_marca`, `car_modelo`, `car_ano`, `car_version`, `car_ocupantes`, `tipo_cobertura`, `id_flota`, `valor_INMA`, `cr_time`, `ut_time`) VALUES
(1, 'Carlos Convit', '17427127', '5500292', 'carlos.convit@gmail.com', 27, 1, 1, 1, 'Chevrolet', 'Captiva', 2012, 'LT 300', 5, 1, 1, 0, '2013-08-09 00:00:00', '2013-08-09 21:39:05'),
(2, 'Eduardo Convit', '17427127', '573124221042', 'carlos.convit@gmail.com', 27, 1, 1, 1, 'CHEVROLET', 'CAPTIVA', 2012, 'LX', 5, 1, 1, 0, '0000-00-00 00:00:00', '0000-00-00 00:00:00'),
(3, 'Eduardo Convit', '17427127', '573124221042', 'carlos.convit@gmail.com', 27, 1, 1, 1, 'CHEVROLET', 'CAPTIVA', 2012, 'LX', 5, 1, 1, 0, '0000-00-00 00:00:00', '0000-00-00 00:00:00'),
(4, 'Eduardo Convit', '17427127', '573124221042', 'carlos.convit@gmail.com', 27, 1, 1, 1, 'CHEVROLET', 'CAPTIVA', 2012, 'LX', 5, 1, 1, 0, '0000-00-00 00:00:00', '0000-00-00 00:00:00'),
(5, 'Eduardo Convit', '17427127', '573124221042', 'carlos.convit@gmail.com', 27, 1, 1, 1, 'CHEVROLET', 'CAPTIVA', 2012, 'LX', 5, 1, 1, 0, '2013-08-11 11:13:30', '2013-08-11 16:13:30'),
(6, 'Eduardo Convit', '17427127', '573124221042', 'carlos.convit@gmail.com', 27, 1, 1, 1, 'CHEVROLET', 'CAPTIVA', 2013, 'LX', 5, 2, 1, 256000, '2013-08-12 15:03:11', '2013-08-12 20:03:11'),
(7, 'Eduardo Convit', '17427127', '573124221042', 'carlos.convit@gmail.com', 27, 1, 1, 1, 'CHEVROLET', 'CAPTIVA', 2013, 'LX', 5, 2, 1, 256000, '2013-08-12 15:03:26', '2013-08-12 20:03:26');

-- --------------------------------------------------------

--
-- Table structure for table `tbl_estado_civil`
--

CREATE TABLE IF NOT EXISTS `tbl_estado_civil` (
  `id` tinyint(4) NOT NULL AUTO_INCREMENT,
  `descripcion` varchar(50) NOT NULL,
  PRIMARY KEY (`id`)
) ENGINE=InnoDB  DEFAULT CHARSET=latin1 AUTO_INCREMENT=3 ;

--
-- Dumping data for table `tbl_estado_civil`
--

INSERT INTO `tbl_estado_civil` (`id`, `descripcion`) VALUES
(1, 'Casado'),
(2, 'Diferente casado');

-- --------------------------------------------------------

--
-- Table structure for table `tbl_flota`
--

CREATE TABLE IF NOT EXISTS `tbl_flota` (
  `id` bigint(20) NOT NULL AUTO_INCREMENT,
  `empresa` varchar(40) NOT NULL,
  `porcentaje_INMA` double NOT NULL,
  `avatar` varchar(40) NOT NULL,
  `cr_time` datetime NOT NULL,
  `ut_time` timestamp NOT NULL DEFAULT CURRENT_TIMESTAMP ON UPDATE CURRENT_TIMESTAMP,
  PRIMARY KEY (`id`)
) ENGINE=InnoDB  DEFAULT CHARSET=latin1 AUTO_INCREMENT=3 ;

--
-- Dumping data for table `tbl_flota`
--

INSERT INTO `tbl_flota` (`id`, `empresa`, `porcentaje_INMA`, `avatar`, `cr_time`, `ut_time`) VALUES
(1, 'General Motors', 0.2, 'gm.png', '2013-08-16 00:00:00', '2013-09-17 16:35:04'),
(2, 'Movistar', 0.2, 'movistar.png', '2013-10-10 00:00:00', '2013-10-10 16:58:38');

-- --------------------------------------------------------

--
-- Table structure for table `tbl_grua`
--

CREATE TABLE IF NOT EXISTS `tbl_grua` (
  `id_convenio_as` bigint(20) NOT NULL,
  `id_tipo_carro` tinyint(4) NOT NULL,
  `ano` int(11) NOT NULL,
  `valor` double NOT NULL,
  PRIMARY KEY (`id_convenio_as`,`id_tipo_carro`,`ano`),
  KEY `id_tipo_carro` (`id_tipo_carro`)
) ENGINE=InnoDB DEFAULT CHARSET=latin1;

--
-- Dumping data for table `tbl_grua`
--

INSERT INTO `tbl_grua` (`id_convenio_as`, `id_tipo_carro`, `ano`, `valor`) VALUES
(3, 1, 1993, 570),
(3, 1, 1994, 570),
(3, 1, 1995, 570),
(3, 1, 1996, 570),
(3, 1, 1997, 570),
(3, 1, 1998, 570),
(3, 1, 1999, 570),
(3, 1, 2000, 570),
(3, 1, 2001, 570),
(3, 1, 2002, 570),
(3, 1, 2003, 570),
(3, 1, 2004, 570),
(3, 1, 2005, 570),
(3, 1, 2006, 570),
(3, 1, 2007, 570),
(3, 1, 2008, 570),
(3, 1, 2009, 570),
(3, 1, 2010, 570),
(3, 1, 2011, 570),
(3, 1, 2012, 570),
(3, 1, 2013, 570),
(3, 1, 2014, 570),
(3, 2, 1993, 570),
(3, 2, 1994, 570),
(3, 2, 1995, 570),
(3, 2, 1996, 570),
(3, 2, 1997, 570),
(3, 2, 1998, 570),
(3, 2, 1999, 570),
(3, 2, 2000, 570),
(3, 2, 2001, 570),
(3, 2, 2002, 570),
(3, 2, 2003, 570),
(3, 2, 2004, 570),
(3, 2, 2005, 570),
(3, 2, 2006, 570),
(3, 2, 2007, 570),
(3, 2, 2008, 570),
(3, 2, 2009, 570),
(3, 2, 2010, 570),
(3, 2, 2011, 570),
(3, 2, 2012, 570),
(3, 2, 2013, 570),
(3, 2, 2014, 570),
(3, 3, 1993, 1121),
(3, 3, 1994, 1121),
(3, 3, 1995, 1121),
(3, 3, 1996, 1121),
(3, 3, 1997, 1121),
(3, 3, 1998, 1121),
(3, 3, 1999, 1121),
(3, 3, 2000, 1121),
(3, 3, 2001, 1121),
(3, 3, 2002, 1121),
(3, 3, 2003, 1121),
(3, 3, 2004, 1121),
(3, 3, 2005, 1121),
(3, 3, 2006, 1121),
(3, 3, 2007, 1121),
(3, 3, 2008, 1121),
(3, 3, 2009, 1121),
(3, 3, 2010, 1121),
(3, 3, 2011, 1121),
(3, 3, 2012, 1121),
(3, 3, 2013, 1121),
(3, 3, 2014, 1121),
(4, 1, 1998, 674),
(4, 1, 1999, 674),
(4, 1, 2000, 674),
(4, 1, 2001, 674),
(4, 1, 2002, 674),
(4, 1, 2003, 674),
(4, 1, 2004, 674),
(4, 1, 2005, 674),
(4, 1, 2006, 674),
(4, 1, 2007, 674),
(4, 1, 2008, 674),
(4, 1, 2009, 674),
(4, 1, 2010, 674),
(4, 1, 2011, 674),
(4, 1, 2012, 674),
(4, 1, 2013, 674),
(4, 1, 2014, 674),
(4, 2, 1998, 674),
(4, 2, 1999, 674),
(4, 2, 2000, 674),
(4, 2, 2001, 674),
(4, 2, 2002, 674),
(4, 2, 2003, 674),
(4, 2, 2004, 674),
(4, 2, 2005, 674),
(4, 2, 2006, 674),
(4, 2, 2007, 674),
(4, 2, 2008, 674),
(4, 2, 2009, 674),
(4, 2, 2010, 674),
(4, 2, 2011, 674),
(4, 2, 2012, 674),
(4, 2, 2013, 674),
(4, 2, 2014, 674),
(4, 3, 1998, 674),
(4, 3, 1999, 674),
(4, 3, 2000, 674),
(4, 3, 2001, 674),
(4, 3, 2002, 674),
(4, 3, 2003, 674),
(4, 3, 2004, 674),
(4, 3, 2005, 674),
(4, 3, 2006, 674),
(4, 3, 2007, 674),
(4, 3, 2008, 674),
(4, 3, 2009, 674),
(4, 3, 2010, 674),
(4, 3, 2011, 674),
(4, 3, 2012, 674),
(4, 3, 2013, 674),
(4, 3, 2014, 674),
(6, 1, 1993, 516),
(6, 1, 1994, 516),
(6, 1, 1995, 516),
(6, 1, 1996, 516),
(6, 1, 1997, 516),
(6, 1, 1998, 516),
(6, 1, 1999, 516),
(6, 1, 2000, 516),
(6, 1, 2001, 516),
(6, 1, 2002, 516),
(6, 1, 2003, 516),
(6, 1, 2004, 516),
(6, 1, 2005, 516),
(6, 1, 2006, 516),
(6, 1, 2007, 516),
(6, 1, 2008, 516),
(6, 1, 2009, 516),
(6, 1, 2010, 516),
(6, 1, 2011, 516),
(6, 1, 2012, 516),
(6, 1, 2013, 516),
(6, 1, 2014, 516),
(6, 2, 1993, 516),
(6, 2, 1994, 516),
(6, 2, 1995, 516),
(6, 2, 1996, 516),
(6, 2, 1997, 516),
(6, 2, 1998, 516),
(6, 2, 1999, 516),
(6, 2, 2000, 516),
(6, 2, 2001, 516),
(6, 2, 2002, 516),
(6, 2, 2003, 516),
(6, 2, 2004, 516),
(6, 2, 2005, 516),
(6, 2, 2006, 516),
(6, 2, 2007, 516),
(6, 2, 2008, 516),
(6, 2, 2009, 516),
(6, 2, 2010, 516),
(6, 2, 2011, 516),
(6, 2, 2012, 516),
(6, 2, 2013, 516),
(6, 2, 2014, 516),
(6, 3, 1993, 1014),
(6, 3, 1994, 1014),
(6, 3, 1995, 1014),
(6, 3, 1996, 1014),
(6, 3, 1997, 1014),
(6, 3, 1998, 1014),
(6, 3, 1999, 1014),
(6, 3, 2000, 1014),
(6, 3, 2001, 1014),
(6, 3, 2002, 1014),
(6, 3, 2003, 1014),
(6, 3, 2004, 1014),
(6, 3, 2005, 1014),
(6, 3, 2006, 1014),
(6, 3, 2007, 1014),
(6, 3, 2008, 1014),
(6, 3, 2009, 1014),
(6, 3, 2010, 1014),
(6, 3, 2011, 1014),
(6, 3, 2012, 1014),
(6, 3, 2013, 1014),
(6, 3, 2014, 1014),
(7, 1, 1993, 869.49),
(7, 1, 1994, 869.49),
(7, 1, 1995, 869.49),
(7, 1, 1996, 869.49),
(7, 1, 1997, 869.49),
(7, 1, 1998, 869.49),
(7, 1, 1999, 869.49),
(7, 1, 2000, 869.49),
(7, 1, 2001, 869.49),
(7, 1, 2002, 869.49),
(7, 1, 2003, 670.04),
(7, 1, 2004, 670.04),
(7, 1, 2005, 670.04),
(7, 1, 2006, 670.04),
(7, 1, 2007, 670.04),
(7, 1, 2008, 670.04),
(7, 1, 2009, 670.04),
(7, 1, 2010, 670.04),
(7, 1, 2011, 670.04),
(7, 1, 2012, 670.04),
(7, 1, 2013, 670.04),
(7, 1, 2014, 670.04),
(7, 2, 1993, 869.49),
(7, 2, 1994, 869.49),
(7, 2, 1995, 869.49),
(7, 2, 1996, 869.49),
(7, 2, 1997, 869.49),
(7, 2, 1998, 869.49),
(7, 2, 1999, 869.49),
(7, 2, 2000, 869.49),
(7, 2, 2001, 869.49),
(7, 2, 2002, 869.49),
(7, 2, 2003, 670.04),
(7, 2, 2004, 670.04),
(7, 2, 2005, 670.04),
(7, 2, 2006, 670.04),
(7, 2, 2007, 670.04),
(7, 2, 2008, 670.04),
(7, 2, 2009, 670.04),
(7, 2, 2010, 670.04),
(7, 2, 2011, 670.04),
(7, 2, 2012, 670.04),
(7, 2, 2013, 670.04),
(7, 2, 2014, 670.04),
(7, 3, 1993, 869.49),
(7, 3, 1994, 869.49),
(7, 3, 1995, 869.49),
(7, 3, 1996, 869.49),
(7, 3, 1997, 869.49),
(7, 3, 1998, 869.49),
(7, 3, 1999, 869.49),
(7, 3, 2000, 869.49),
(7, 3, 2001, 869.49),
(7, 3, 2002, 869.49),
(7, 3, 2003, 670.04),
(7, 3, 2004, 670.04),
(7, 3, 2005, 670.04),
(7, 3, 2006, 670.04),
(7, 3, 2007, 670.04),
(7, 3, 2008, 670.04),
(7, 3, 2009, 670.04),
(7, 3, 2010, 670.04),
(7, 3, 2011, 670.04),
(7, 3, 2012, 670.04),
(7, 3, 2013, 670.04),
(7, 3, 2014, 670.04),
(8, 1, 1993, 516),
(8, 1, 1994, 516),
(8, 1, 1995, 516),
(8, 1, 1996, 516),
(8, 1, 1997, 516),
(8, 1, 1998, 516),
(8, 1, 1999, 516),
(8, 1, 2000, 516),
(8, 1, 2001, 516),
(8, 1, 2002, 516),
(8, 1, 2003, 516),
(8, 1, 2004, 516),
(8, 1, 2005, 516),
(8, 1, 2006, 516),
(8, 1, 2007, 516),
(8, 1, 2008, 516),
(8, 1, 2009, 516),
(8, 1, 2010, 516),
(8, 1, 2011, 516),
(8, 1, 2012, 516),
(8, 1, 2013, 516),
(8, 1, 2014, 516),
(8, 2, 1993, 516),
(8, 2, 1994, 516),
(8, 2, 1995, 516),
(8, 2, 1996, 516),
(8, 2, 1997, 516),
(8, 2, 1998, 516),
(8, 2, 1999, 516),
(8, 2, 2000, 516),
(8, 2, 2001, 516),
(8, 2, 2002, 516),
(8, 2, 2003, 516),
(8, 2, 2004, 516),
(8, 2, 2005, 516),
(8, 2, 2006, 516),
(8, 2, 2007, 516),
(8, 2, 2008, 516),
(8, 2, 2009, 516),
(8, 2, 2010, 516),
(8, 2, 2011, 516),
(8, 2, 2012, 516),
(8, 2, 2013, 516),
(8, 2, 2014, 516),
(8, 3, 1993, 1014),
(8, 3, 1994, 1014),
(8, 3, 1995, 1014),
(8, 3, 1996, 1014),
(8, 3, 1997, 1014),
(8, 3, 1998, 1014),
(8, 3, 1999, 1014),
(8, 3, 2000, 1014),
(8, 3, 2001, 1014),
(8, 3, 2002, 1014),
(8, 3, 2003, 1014),
(8, 3, 2004, 1014),
(8, 3, 2005, 1014),
(8, 3, 2006, 1014),
(8, 3, 2007, 1014),
(8, 3, 2008, 1014),
(8, 3, 2009, 1014),
(8, 3, 2010, 1014),
(8, 3, 2011, 1014),
(8, 3, 2012, 1014),
(8, 3, 2013, 1014),
(8, 3, 2014, 1014),
(9, 1, 1993, 516),
(9, 1, 1994, 516),
(9, 1, 1995, 516),
(9, 1, 1996, 516),
(9, 1, 1997, 516),
(9, 1, 1998, 516),
(9, 1, 1999, 516),
(9, 1, 2000, 516),
(9, 1, 2001, 516),
(9, 1, 2002, 516),
(9, 1, 2003, 516),
(9, 1, 2004, 516),
(9, 1, 2005, 516),
(9, 1, 2006, 516),
(9, 1, 2007, 516),
(9, 1, 2008, 516),
(9, 1, 2009, 516),
(9, 1, 2010, 516),
(9, 1, 2011, 516),
(9, 1, 2012, 516),
(9, 1, 2013, 516),
(9, 1, 2014, 516),
(9, 2, 1993, 516),
(9, 2, 1994, 516),
(9, 2, 1995, 516),
(9, 2, 1996, 516),
(9, 2, 1997, 516),
(9, 2, 1998, 516),
(9, 2, 1999, 516),
(9, 2, 2000, 516),
(9, 2, 2001, 516),
(9, 2, 2002, 516),
(9, 2, 2003, 516),
(9, 2, 2004, 516),
(9, 2, 2005, 516),
(9, 2, 2006, 516),
(9, 2, 2007, 516),
(9, 2, 2008, 516),
(9, 2, 2009, 516),
(9, 2, 2010, 516),
(9, 2, 2011, 516),
(9, 2, 2012, 516),
(9, 2, 2013, 516),
(9, 2, 2014, 516),
(9, 3, 1993, 1014),
(9, 3, 1994, 1014),
(9, 3, 1995, 1014),
(9, 3, 1996, 1014),
(9, 3, 1997, 1014),
(9, 3, 1998, 1014),
(9, 3, 1999, 1014),
(9, 3, 2000, 1014),
(9, 3, 2001, 1014),
(9, 3, 2002, 1014),
(9, 3, 2003, 1014),
(9, 3, 2004, 1014),
(9, 3, 2005, 1014),
(9, 3, 2006, 1014),
(9, 3, 2007, 1014),
(9, 3, 2008, 1014),
(9, 3, 2009, 1014),
(9, 3, 2010, 1014),
(9, 3, 2011, 1014),
(9, 3, 2012, 1014),
(9, 3, 2013, 1014),
(9, 3, 2014, 1014),
(10, 1, 1993, 456),
(10, 1, 1994, 456),
(10, 1, 1995, 456),
(10, 1, 1996, 456),
(10, 1, 1997, 456),
(10, 1, 1998, 456),
(10, 1, 1999, 456),
(10, 1, 2000, 456),
(10, 1, 2001, 456),
(10, 1, 2002, 456),
(10, 1, 2003, 456),
(10, 1, 2004, 456),
(10, 1, 2005, 456),
(10, 1, 2006, 456),
(10, 1, 2007, 456),
(10, 1, 2008, 456),
(10, 1, 2009, 456),
(10, 1, 2010, 456),
(10, 1, 2011, 456),
(10, 1, 2012, 456),
(10, 1, 2013, 456),
(10, 1, 2014, 456),
(10, 2, 1993, 456),
(10, 2, 1994, 456),
(10, 2, 1995, 456),
(10, 2, 1996, 456),
(10, 2, 1997, 456),
(10, 2, 1998, 456),
(10, 2, 1999, 456),
(10, 2, 2000, 456),
(10, 2, 2001, 456),
(10, 2, 2002, 456),
(10, 2, 2003, 456),
(10, 2, 2004, 456),
(10, 2, 2005, 456),
(10, 2, 2006, 456),
(10, 2, 2007, 456),
(10, 2, 2008, 456),
(10, 2, 2009, 456),
(10, 2, 2010, 456),
(10, 2, 2011, 456),
(10, 2, 2012, 456),
(10, 2, 2013, 456),
(10, 2, 2014, 456),
(10, 3, 1993, 456),
(10, 3, 1994, 456),
(10, 3, 1995, 456),
(10, 3, 1996, 456),
(10, 3, 1997, 456),
(10, 3, 1998, 456),
(10, 3, 1999, 456),
(10, 3, 2000, 456),
(10, 3, 2001, 456),
(10, 3, 2002, 456),
(10, 3, 2003, 456),
(10, 3, 2004, 456),
(10, 3, 2005, 456),
(10, 3, 2006, 456),
(10, 3, 2007, 456),
(10, 3, 2008, 456),
(10, 3, 2009, 456),
(10, 3, 2010, 456),
(10, 3, 2011, 456),
(10, 3, 2012, 456),
(10, 3, 2013, 456),
(10, 3, 2014, 456),
(12, 1, 1993, 516),
(12, 1, 1994, 516),
(12, 1, 1995, 516),
(12, 1, 1996, 516),
(12, 1, 1997, 516),
(12, 1, 1998, 516),
(12, 1, 1999, 516),
(12, 1, 2000, 516),
(12, 1, 2001, 516),
(12, 1, 2002, 516),
(12, 1, 2003, 516),
(12, 1, 2004, 516),
(12, 1, 2005, 516),
(12, 1, 2006, 516),
(12, 1, 2007, 516),
(12, 1, 2008, 516),
(12, 1, 2009, 516),
(12, 1, 2010, 516),
(12, 1, 2011, 516),
(12, 1, 2012, 516),
(12, 1, 2013, 516),
(12, 1, 2014, 516),
(12, 2, 1993, 516),
(12, 2, 1994, 516),
(12, 2, 1995, 516),
(12, 2, 1996, 516),
(12, 2, 1997, 516),
(12, 2, 1998, 516),
(12, 2, 1999, 516),
(12, 2, 2000, 516),
(12, 2, 2001, 516),
(12, 2, 2002, 516),
(12, 2, 2003, 516),
(12, 2, 2004, 516),
(12, 2, 2005, 516),
(12, 2, 2006, 516),
(12, 2, 2007, 516),
(12, 2, 2008, 516),
(12, 2, 2009, 516),
(12, 2, 2010, 516),
(12, 2, 2011, 516),
(12, 2, 2012, 516),
(12, 2, 2013, 516),
(12, 2, 2014, 516),
(12, 3, 1993, 1014),
(12, 3, 1994, 1014),
(12, 3, 1995, 1014),
(12, 3, 1996, 1014),
(12, 3, 1997, 1014),
(12, 3, 1998, 1014),
(12, 3, 1999, 1014),
(12, 3, 2000, 1014),
(12, 3, 2001, 1014),
(12, 3, 2002, 1014),
(12, 3, 2003, 1014),
(12, 3, 2004, 1014),
(12, 3, 2005, 1014),
(12, 3, 2006, 1014),
(12, 3, 2007, 1014),
(12, 3, 2008, 1014),
(12, 3, 2009, 1014),
(12, 3, 2010, 1014),
(12, 3, 2011, 1014),
(12, 3, 2012, 1014),
(12, 3, 2013, 1014),
(12, 3, 2014, 1014);

-- --------------------------------------------------------

--
-- Table structure for table `tbl_grupo`
--

CREATE TABLE IF NOT EXISTS `tbl_grupo` (
  `id` bigint(20) NOT NULL AUTO_INCREMENT,
  `descripcion` varchar(100) NOT NULL,
  PRIMARY KEY (`id`)
) ENGINE=InnoDB  DEFAULT CHARSET=latin1 AUTO_INCREMENT=5 ;

--
-- Dumping data for table `tbl_grupo`
--

INSERT INTO `tbl_grupo` (`id`, `descripcion`) VALUES
(1, 'CASCO'),
(2, 'RESPONSABILIDAD CIVIL DE VEH&Iacute;CULOS'),
(3, 'ACCIDENTES PERSOANLES A OCUPANTES DE VEH&Iacute;CULO'),
(4, 'COBERTURAS ADICIONALES');

-- --------------------------------------------------------

--
-- Table structure for table `tbl_parametros`
--

CREATE TABLE IF NOT EXISTS `tbl_parametros` (
  `id` int(11) NOT NULL AUTO_INCREMENT,
  `descripcion` varchar(100) NOT NULL,
  `valor` varchar(60) NOT NULL,
  PRIMARY KEY (`id`)
) ENGINE=InnoDB  DEFAULT CHARSET=latin1 AUTO_INCREMENT=3 ;

--
-- Dumping data for table `tbl_parametros`
--

INSERT INTO `tbl_parametros` (`id`, `descripcion`, `valor`) VALUES
(1, 'Unidad Tributaria', '107'),
(2, 'Ao modelos nuevos', '2014');

-- --------------------------------------------------------

--
-- Table structure for table `tbl_plantilla`
--

CREATE TABLE IF NOT EXISTS `tbl_plantilla` (
  `id` bigint(20) NOT NULL AUTO_INCREMENT,
  `descripcion` varchar(100) NOT NULL,
  PRIMARY KEY (`id`)
) ENGINE=InnoDB  DEFAULT CHARSET=latin1 AUTO_INCREMENT=4 ;

--
-- Dumping data for table `tbl_plantilla`
--

INSERT INTO `tbl_plantilla` (`id`, `descripcion`) VALUES
(1, 'Cobertura Amplia 01-32-34-8819 01-07-2013/2014'),
(2, 'Perdida Total 01-32-34-8819 01-07-2013/2014'),
(3, 'RCV 01-32-34-8819 01-07-2013/2014');

-- --------------------------------------------------------

--
-- Table structure for table `tbl_plantilla_detalle`
--

CREATE TABLE IF NOT EXISTS `tbl_plantilla_detalle` (
  `id_plantilla` bigint(20) NOT NULL,
  `id_grupo` bigint(20) NOT NULL,
  `id_cobertura` bigint(20) NOT NULL,
  PRIMARY KEY (`id_plantilla`,`id_grupo`,`id_cobertura`),
  KEY `id_grupo` (`id_grupo`),
  KEY `id_cobertura` (`id_cobertura`)
) ENGINE=InnoDB DEFAULT CHARSET=latin1;

--
-- Dumping data for table `tbl_plantilla_detalle`
--

INSERT INTO `tbl_plantilla_detalle` (`id_plantilla`, `id_grupo`, `id_cobertura`) VALUES
(1, 1, 1),
(1, 1, 3),
(1, 1, 4),
(2, 1, 2),
(2, 1, 3),
(2, 1, 4),
(1, 2, 5),
(1, 2, 6),
(1, 2, 7),
(1, 2, 8),
(2, 2, 5),
(2, 2, 6),
(2, 2, 7),
(2, 2, 8),
(3, 2, 5),
(3, 2, 6),
(3, 2, 7),
(3, 2, 8),
(1, 3, 9),
(1, 3, 10),
(1, 3, 11),
(2, 3, 9),
(2, 3, 10),
(2, 3, 11),
(3, 3, 9),
(3, 3, 10),
(3, 3, 11),
(1, 4, 12),
(1, 4, 13),
(1, 4, 14),
(1, 4, 15),
(1, 4, 17),
(1, 4, 18),
(1, 4, 19),
(2, 4, 12),
(2, 4, 13),
(2, 4, 14),
(2, 4, 15),
(2, 4, 17),
(2, 4, 18),
(2, 4, 19),
(3, 4, 12),
(3, 4, 13),
(3, 4, 14),
(3, 4, 15),
(3, 4, 17),
(3, 4, 18),
(3, 4, 19);

-- --------------------------------------------------------

--
-- Table structure for table `tbl_prima`
--

CREATE TABLE IF NOT EXISTS `tbl_prima` (
  `id_cotizacion` bigint(20) NOT NULL,
  `id_aseguradora` bigint(20) NOT NULL,
  `id_cob_as` bigint(20) NOT NULL,
  `prima` double NOT NULL,
  PRIMARY KEY (`id_cotizacion`,`id_aseguradora`,`id_cob_as`),
  KEY `id_aseguradora` (`id_aseguradora`),
  KEY `id_cob_as` (`id_cob_as`)
) ENGINE=InnoDB DEFAULT CHARSET=latin1;

-- --------------------------------------------------------

--
-- Table structure for table `tbl_re_cot_ase`
--

CREATE TABLE IF NOT EXISTS `tbl_re_cot_ase` (
  `id_cotizacion` bigint(20) NOT NULL,
  `id_aseguradora` bigint(20) NOT NULL,
  `id_convenio` bigint(20) NOT NULL,
  `cr_time` datetime NOT NULL,
  `ut_time` timestamp NOT NULL DEFAULT CURRENT_TIMESTAMP ON UPDATE CURRENT_TIMESTAMP,
  PRIMARY KEY (`id_cotizacion`,`id_aseguradora`,`id_convenio`),
  KEY `id_aseguradora` (`id_aseguradora`),
  KEY `id_convenio` (`id_convenio`)
) ENGINE=InnoDB DEFAULT CHARSET=latin1;

-- --------------------------------------------------------

--
-- Table structure for table `tbl_re_flota_co_as`
--

CREATE TABLE IF NOT EXISTS `tbl_re_flota_co_as` (
  `id_flota` bigint(20) NOT NULL,
  `id_aseguradora` bigint(20) NOT NULL,
  `id_convenio_as` bigint(20) NOT NULL,
  PRIMARY KEY (`id_flota`,`id_aseguradora`),
  KEY `id_convenio_as` (`id_convenio_as`),
  KEY `id_aseguradora` (`id_aseguradora`)
) ENGINE=InnoDB DEFAULT CHARSET=latin1;

--
-- Dumping data for table `tbl_re_flota_co_as`
--

INSERT INTO `tbl_re_flota_co_as` (`id_flota`, `id_aseguradora`, `id_convenio_as`) VALUES
(1, 1, 1),
(1, 2, 2),
(1, 3, 3),
(1, 4, 4),
(1, 5, 5),
(1, 6, 6),
(1, 7, 7),
(1, 8, 8),
(1, 9, 9),
(2, 10, 10),
(2, 1, 11),
(2, 6, 12);

-- --------------------------------------------------------

--
-- Table structure for table `tbl_re_plantilla_flota`
--

CREATE TABLE IF NOT EXISTS `tbl_re_plantilla_flota` (
  `id_plantilla` bigint(20) NOT NULL,
  `id_flota` bigint(20) NOT NULL,
  `id_tipo_seguro` tinyint(20) NOT NULL,
  PRIMARY KEY (`id_plantilla`,`id_flota`,`id_tipo_seguro`),
  KEY `id_flota` (`id_flota`),
  KEY `id_tipo_seguro` (`id_tipo_seguro`)
) ENGINE=InnoDB DEFAULT CHARSET=latin1;

--
-- Dumping data for table `tbl_re_plantilla_flota`
--

INSERT INTO `tbl_re_plantilla_flota` (`id_plantilla`, `id_flota`, `id_tipo_seguro`) VALUES
(1, 1, 1),
(1, 2, 1),
(2, 1, 2),
(2, 2, 2),
(3, 1, 3),
(3, 2, 3);

-- --------------------------------------------------------

--
-- Table structure for table `tbl_re_tipo_cob_as`
--

CREATE TABLE IF NOT EXISTS `tbl_re_tipo_cob_as` (
  `id_convenio_as` bigint(20) NOT NULL,
  `id_tipo_cob` tinyint(4) NOT NULL,
  `id_cob_as` bigint(20) NOT NULL,
  `id_tipo_carro` tinyint(4) NOT NULL,
  `tipo_calculo` tinyint(4) NOT NULL,
  `valor` double NOT NULL,
  `limite` double NOT NULL,
  `tasa` double NOT NULL,
  `incluida` tinyint(4) NOT NULL,
  PRIMARY KEY (`id_convenio_as`,`id_tipo_cob`,`id_cob_as`,`id_tipo_carro`),
  KEY `id_cob_as` (`id_cob_as`),
  KEY `id_tipo_cob` (`id_tipo_cob`),
  KEY `tipo_calculo` (`tipo_calculo`),
  KEY `id_tipo_carro` (`id_tipo_carro`)
) ENGINE=InnoDB DEFAULT CHARSET=latin1;

--
-- Dumping data for table `tbl_re_tipo_cob_as`
--

INSERT INTO `tbl_re_tipo_cob_as` (`id_convenio_as`, `id_tipo_cob`, `id_cob_as`, `id_tipo_carro`, `tipo_calculo`, `valor`, `limite`, `tasa`, `incluida`) VALUES
(1, 1, 1, 1, 1, 0, 0, 0, 0),
(1, 1, 1, 2, 1, 0, 0, 0, 0),
(1, 1, 1, 3, 1, 0, 0, 0, 0),
(1, 1, 3, 1, 4, 0.0144, 0, 1.44, 0),
(1, 1, 3, 2, 4, 0.0144, 0, 1.44, 0),
(1, 1, 3, 3, 4, 0.0144, 0, 1.44, 0),
(1, 1, 4, 1, 8, 207.3, 4280, 0, 0),
(1, 1, 4, 2, 8, 207.3, 4280, 0, 0),
(1, 1, 4, 3, 8, 207.3, 4280, 0, 0),
(1, 1, 5, 1, 3, 6.5, 44619, 0, 0),
(1, 1, 5, 2, 3, 6.5, 44619, 0, 0),
(1, 1, 5, 3, 3, 7.5, 44619, 0, 0),
(1, 1, 6, 1, 8, 0, 35631, 0, 1),
(1, 1, 6, 2, 8, 0, 35631, 0, 1),
(1, 1, 6, 3, 8, 0, 35631, 0, 1),
(1, 1, 7, 1, 8, 443.38, 100000, 63.75, 0),
(1, 1, 7, 2, 8, 443.38, 100000, 63.75, 0),
(1, 1, 7, 3, 8, 511.59, 100000, 63.75, 0),
(1, 1, 8, 1, 8, 218.87, 40000, 0, 0),
(1, 1, 8, 2, 8, 218.87, 40000, 0, 0),
(1, 1, 8, 3, 8, 218.87, 40000, 0, 0),
(1, 1, 9, 1, 6, 45, 50000, 0, 0),
(1, 1, 9, 2, 6, 45, 50000, 0, 0),
(1, 1, 9, 3, 6, 52.5, 50000, 0, 0),
(1, 1, 10, 1, 8, 0, 5000, 0, 1),
(1, 1, 10, 2, 8, 0, 5000, 0, 1),
(1, 1, 10, 3, 8, 0, 5000, 0, 1),
(1, 1, 12, 1, 8, 0, 0, 0, 1),
(1, 1, 12, 2, 8, 0, 0, 0, 1),
(1, 1, 12, 3, 8, 0, 0, 0, 1),
(1, 1, 13, 1, 8, 153.01, 0, 0, 0),
(1, 1, 13, 2, 8, 153.01, 0, 0, 0),
(1, 1, 13, 3, 8, 153.01, 0, 0, 0),
(1, 1, 17, 1, 8, 500, 0, 0, 0),
(1, 1, 17, 2, 8, 500, 0, 0, 0),
(1, 1, 17, 3, 8, 1050, 0, 0, 0),
(1, 2, 2, 1, 1, 0, 0, 0, 0),
(1, 2, 2, 2, 1, 0, 0, 0, 0),
(1, 2, 2, 3, 1, 0, 0, 0, 0),
(1, 2, 3, 1, 4, 0.0144, 0, 1.44, 0),
(1, 2, 3, 2, 4, 0.0144, 0, 1.44, 0),
(1, 2, 3, 3, 4, 0.0144, 0, 1.44, 0),
(1, 2, 4, 1, 8, 207.3, 4280, 0, 0),
(1, 2, 4, 2, 8, 207.3, 4280, 0, 0),
(1, 2, 4, 3, 8, 207.3, 4280, 0, 0),
(1, 2, 5, 1, 3, 6.5, 44619, 0, 0),
(1, 2, 5, 2, 3, 6.5, 44619, 0, 0),
(1, 2, 5, 3, 3, 7.5, 44619, 0, 0),
(1, 2, 6, 1, 8, 0, 35631, 0, 1),
(1, 2, 6, 2, 8, 0, 35631, 0, 1),
(1, 2, 6, 3, 8, 0, 35631, 0, 1),
(1, 2, 7, 1, 8, 443.38, 100000, 63.75, 0),
(1, 2, 7, 2, 8, 443.38, 100000, 63.75, 0),
(1, 2, 7, 3, 8, 511.59, 100000, 63.75, 0),
(1, 2, 8, 1, 8, 218.87, 40000, 0, 0),
(1, 2, 8, 2, 8, 218.87, 40000, 0, 0),
(1, 2, 8, 3, 8, 218.87, 40000, 0, 0),
(1, 2, 9, 1, 6, 45, 50000, 0, 0),
(1, 2, 9, 2, 6, 45, 50000, 0, 0),
(1, 2, 9, 3, 6, 52.5, 50000, 0, 0),
(1, 2, 10, 1, 8, 0, 5000, 0, 1),
(1, 2, 10, 2, 8, 0, 5000, 0, 1),
(1, 2, 10, 3, 8, 0, 5000, 0, 1),
(1, 2, 12, 1, 8, 0, 0, 0, 1),
(1, 2, 12, 2, 8, 0, 0, 0, 1),
(1, 2, 12, 3, 8, 0, 0, 0, 1),
(1, 2, 13, 1, 8, 153.01, 0, 0, 0),
(1, 2, 13, 2, 8, 153.01, 0, 0, 0),
(1, 2, 13, 3, 8, 153.01, 0, 0, 0),
(1, 2, 17, 1, 8, 500, 0, 0, 0),
(1, 2, 17, 2, 8, 500, 0, 0, 0),
(1, 2, 17, 3, 8, 1050, 0, 0, 0),
(1, 3, 5, 1, 3, 6.5, 44619, 0, 0),
(1, 3, 5, 2, 3, 6.5, 44619, 0, 0),
(1, 3, 5, 3, 3, 7.5, 44619, 0, 0),
(1, 3, 6, 1, 8, 0, 35631, 0, 1),
(1, 3, 6, 2, 8, 0, 35631, 0, 1),
(1, 3, 6, 3, 8, 0, 35631, 0, 1),
(1, 3, 7, 1, 8, 443.38, 100000, 63.75, 0),
(1, 3, 7, 2, 8, 443.38, 100000, 63.75, 0),
(1, 3, 7, 3, 8, 511.59, 100000, 63.75, 0),
(1, 3, 8, 1, 8, 218.87, 40000, 0, 0),
(1, 3, 8, 2, 8, 218.87, 40000, 0, 0),
(1, 3, 8, 3, 8, 218.87, 40000, 0, 0),
(1, 3, 9, 1, 6, 45, 50000, 0, 0),
(1, 3, 9, 2, 6, 45, 50000, 0, 0),
(1, 3, 9, 3, 6, 52.5, 50000, 0, 0),
(1, 3, 10, 1, 8, 0, 5000, 0, 1),
(1, 3, 10, 2, 8, 0, 5000, 0, 1),
(1, 3, 10, 3, 8, 0, 5000, 0, 1),
(1, 3, 12, 1, 8, 0, 0, 0, 1),
(1, 3, 12, 2, 8, 0, 0, 0, 1),
(1, 3, 12, 3, 8, 0, 0, 0, 1),
(1, 3, 13, 1, 8, 153.01, 0, 0, 0),
(1, 3, 13, 2, 8, 153.01, 0, 0, 0),
(1, 3, 13, 3, 8, 153.01, 0, 0, 0),
(1, 3, 17, 1, 8, 500, 0, 0, 0),
(1, 3, 17, 2, 8, 500, 0, 0, 0),
(1, 3, 17, 3, 8, 1050, 0, 0, 0),
(2, 1, 1, 1, 1, 0, 0, 0, 0),
(2, 1, 1, 2, 1, 0, 0, 0, 0),
(2, 1, 1, 3, 1, 0, 0, 0, 0),
(2, 1, 3, 1, 8, 0, 0, 0, 1),
(2, 1, 3, 2, 8, 0, 0, 0, 1),
(2, 1, 3, 3, 8, 0, 0, 0, 1),
(2, 1, 4, 1, 8, 105, 2100, 0, 0),
(2, 1, 4, 2, 8, 105, 2100, 0, 0),
(2, 1, 4, 3, 8, 105, 2100, 0, 0),
(2, 1, 5, 1, 3, 6.5, 44619, 0, 0),
(2, 1, 5, 2, 3, 6.5, 44619, 0, 0),
(2, 1, 5, 3, 3, 7.5, 44619, 0, 0),
(2, 1, 6, 1, 8, 0, 35631, 0, 1),
(2, 1, 6, 2, 8, 0, 35631, 0, 1),
(2, 1, 6, 3, 8, 0, 35631, 0, 1),
(2, 1, 7, 1, 8, 226.96, 100000, 0, 0),
(2, 1, 7, 2, 8, 226.96, 100000, 0, 0),
(2, 1, 7, 3, 8, 226.96, 100000, 0, 0),
(2, 1, 8, 1, 8, 249.6, 40000, 0, 0),
(2, 1, 8, 2, 8, 249.6, 40000, 0, 0),
(2, 1, 8, 3, 8, 249.6, 40000, 0, 0),
(2, 1, 9, 1, 6, 115.44, 40000, 0, 0),
(2, 1, 9, 2, 6, 115.44, 40000, 0, 0),
(2, 1, 9, 3, 6, 115.44, 40000, 0, 0),
(2, 1, 10, 1, 8, 0, 4000, 0, 1),
(2, 1, 10, 2, 8, 0, 4000, 0, 1),
(2, 1, 10, 3, 8, 0, 4000, 0, 1),
(2, 1, 17, 1, 9, 0, 0, 0, 0),
(2, 1, 17, 2, 9, 0, 0, 0, 0),
(2, 1, 17, 3, 9, 0, 0, 0, 0),
(2, 2, 2, 1, 1, 0, 0, 0, 0),
(2, 2, 2, 2, 1, 0, 0, 0, 0),
(2, 2, 2, 3, 1, 0, 0, 0, 0),
(2, 2, 3, 1, 8, 0, 0, 0, 1),
(2, 2, 3, 2, 8, 0, 0, 0, 1),
(2, 2, 3, 3, 8, 0, 0, 0, 1),
(2, 2, 4, 1, 8, 105, 2100, 0, 0),
(2, 2, 4, 2, 8, 105, 2100, 0, 0),
(2, 2, 4, 3, 8, 105, 2100, 0, 0),
(2, 2, 5, 1, 3, 6.5, 44619, 0, 0),
(2, 2, 5, 2, 3, 6.5, 44619, 0, 0),
(2, 2, 5, 3, 3, 7.5, 44619, 0, 0),
(2, 2, 6, 1, 8, 0, 35631, 0, 1),
(2, 2, 6, 2, 8, 0, 35631, 0, 1),
(2, 2, 6, 3, 8, 0, 35631, 0, 1),
(2, 2, 7, 1, 8, 226.96, 100000, 0, 0),
(2, 2, 7, 2, 8, 226.96, 100000, 0, 0),
(2, 2, 7, 3, 8, 226.96, 100000, 0, 0),
(2, 2, 8, 1, 8, 249.6, 40000, 0, 0),
(2, 2, 8, 2, 8, 249.6, 40000, 0, 0),
(2, 2, 8, 3, 8, 249.6, 40000, 0, 0),
(2, 2, 9, 1, 6, 115.44, 40000, 0, 0),
(2, 2, 9, 2, 6, 115.44, 40000, 0, 0),
(2, 2, 9, 3, 6, 115.44, 40000, 0, 0),
(2, 2, 10, 1, 8, 0, 4000, 0, 1),
(2, 2, 10, 2, 8, 0, 4000, 0, 1),
(2, 2, 10, 3, 8, 0, 4000, 0, 1),
(2, 2, 17, 1, 9, 0, 0, 0, 0),
(2, 2, 17, 2, 9, 0, 0, 0, 0),
(2, 2, 17, 3, 9, 0, 0, 0, 0),
(2, 3, 5, 1, 3, 6.5, 44619, 0, 0),
(2, 3, 5, 2, 3, 6.5, 44619, 0, 0),
(2, 3, 5, 3, 3, 7.5, 44619, 0, 0),
(2, 3, 6, 1, 8, 0, 35631, 0, 1),
(2, 3, 6, 2, 8, 0, 35631, 0, 1),
(2, 3, 6, 3, 8, 0, 35631, 0, 1),
(2, 3, 7, 1, 8, 226.96, 100000, 0, 0),
(2, 3, 7, 2, 8, 226.96, 100000, 0, 0),
(2, 3, 7, 3, 8, 226.96, 100000, 0, 0),
(2, 3, 8, 1, 8, 249.6, 40000, 0, 0),
(2, 3, 8, 2, 8, 249.6, 40000, 0, 0),
(2, 3, 8, 3, 8, 249.6, 40000, 0, 0),
(2, 3, 9, 1, 6, 115.44, 40000, 0, 0),
(2, 3, 9, 2, 6, 115.44, 40000, 0, 0),
(2, 3, 9, 3, 6, 115.44, 40000, 0, 0),
(2, 3, 10, 1, 8, 0, 4000, 0, 1),
(2, 3, 10, 2, 8, 0, 4000, 0, 1),
(2, 3, 10, 3, 8, 0, 4000, 0, 1),
(2, 3, 17, 1, 9, 0, 0, 0, 0),
(2, 3, 17, 2, 9, 0, 0, 0, 0),
(2, 3, 17, 3, 9, 0, 0, 0, 0),
(3, 1, 1, 1, 1, 0, 0, 0, 0),
(3, 1, 1, 2, 1, 0, 0, 0, 0),
(3, 1, 1, 3, 1, 0, 0, 0, 0),
(3, 1, 3, 1, 4, 0.0184, 0, 0, 0),
(3, 1, 3, 2, 4, 0.0184, 0, 0, 0),
(3, 1, 3, 3, 4, 0.0184, 0, 0, 0),
(3, 1, 4, 1, 8, 40.65, 0, 0, 0),
(3, 1, 4, 2, 8, 43.28, 0, 0, 0),
(3, 1, 4, 3, 8, 56.39, 0, 0, 0),
(3, 1, 5, 1, 3, 6.5, 44619, 0, 0),
(3, 1, 5, 2, 3, 7.5, 44619, 0, 0),
(3, 1, 5, 3, 3, 7.5, 44619, 0, 0),
(3, 1, 6, 1, 8, 0, 35631, 0, 1),
(3, 1, 6, 2, 8, 0, 35631, 0, 1),
(3, 1, 6, 3, 8, 0, 35631, 0, 1),
(3, 1, 7, 1, 8, 156.48, 40000, 0, 0),
(3, 1, 7, 2, 8, 156.48, 40000, 0, 0),
(3, 1, 7, 3, 8, 203.43, 40000, 0, 0),
(3, 1, 8, 1, 8, 104, 20000, 0.52, 0),
(3, 1, 8, 2, 8, 104, 20000, 0.52, 0),
(3, 1, 8, 3, 8, 104, 20000, 0.52, 0),
(3, 1, 9, 1, 6, 92, 50000, 0, 0),
(3, 1, 9, 2, 6, 92, 50000, 0, 0),
(3, 1, 9, 3, 6, 124, 50000, 0, 0),
(3, 1, 10, 1, 8, 0, 5000, 0, 1),
(3, 1, 10, 2, 8, 0, 5000, 0, 1),
(3, 1, 10, 3, 8, 0, 5000, 0, 1),
(3, 1, 17, 1, 9, 0, 0, 0, 0),
(3, 1, 17, 2, 9, 0, 0, 0, 0),
(3, 1, 17, 3, 9, 0, 0, 0, 0),
(3, 2, 2, 1, 1, 0, 0, 0, 0),
(3, 2, 2, 2, 1, 0, 0, 0, 0),
(3, 2, 2, 3, 1, 0, 0, 0, 0),
(3, 2, 3, 1, 4, 0.0184, 0, 0, 0),
(3, 2, 3, 2, 4, 0.0184, 0, 0, 0),
(3, 2, 3, 3, 4, 0.0184, 0, 0, 0),
(3, 2, 4, 1, 8, 40.65, 0, 0, 0),
(3, 2, 4, 2, 8, 43.28, 0, 0, 0),
(3, 2, 4, 3, 8, 56.39, 0, 0, 0),
(3, 2, 5, 1, 3, 6.5, 44619, 0, 0),
(3, 2, 5, 2, 3, 7.5, 44619, 0, 0),
(3, 2, 5, 3, 3, 7.5, 44619, 0, 0),
(3, 2, 6, 1, 8, 0, 35631, 0, 1),
(3, 2, 6, 2, 8, 0, 35631, 0, 1),
(3, 2, 6, 3, 8, 0, 35631, 0, 1),
(3, 2, 7, 1, 8, 156.48, 40000, 0, 0),
(3, 2, 7, 2, 8, 156.48, 40000, 0, 0),
(3, 2, 7, 3, 8, 203.43, 40000, 0, 0),
(3, 2, 8, 1, 8, 104, 20000, 0.52, 0),
(3, 2, 8, 2, 8, 104, 20000, 0.52, 0),
(3, 2, 8, 3, 8, 104, 20000, 0.52, 0),
(3, 2, 9, 1, 6, 92, 50000, 0, 0),
(3, 2, 9, 2, 6, 92, 50000, 0, 0),
(3, 2, 9, 3, 6, 124, 50000, 0, 0),
(3, 2, 10, 1, 8, 0, 5000, 0, 1),
(3, 2, 10, 2, 8, 0, 5000, 0, 1),
(3, 2, 10, 3, 8, 0, 5000, 0, 1),
(3, 2, 17, 1, 9, 0, 0, 0, 0),
(3, 2, 17, 2, 9, 0, 0, 0, 0),
(3, 2, 17, 3, 9, 0, 0, 0, 0),
(3, 3, 5, 2, 3, 7.5, 44619, 0, 0),
(3, 3, 5, 3, 3, 7.5, 44619, 0, 0),
(3, 3, 6, 1, 8, 0, 35631, 0, 1),
(3, 3, 6, 2, 8, 0, 35631, 0, 1),
(3, 3, 6, 3, 8, 0, 35631, 0, 1),
(3, 3, 7, 1, 8, 156.48, 40000, 0, 0),
(3, 3, 7, 2, 8, 156.48, 40000, 0, 0),
(3, 3, 7, 3, 8, 203.43, 40000, 0, 0),
(3, 3, 8, 1, 8, 104, 20000, 0.52, 0),
(3, 3, 8, 2, 8, 104, 20000, 0.52, 0),
(3, 3, 8, 3, 8, 104, 20000, 0.52, 0),
(3, 3, 9, 1, 6, 92, 50000, 0, 0),
(3, 3, 9, 2, 6, 92, 50000, 0, 0),
(3, 3, 9, 3, 6, 124, 50000, 0, 0),
(3, 3, 10, 1, 8, 0, 5000, 0, 1),
(3, 3, 10, 2, 8, 0, 5000, 0, 1),
(3, 3, 10, 3, 8, 0, 5000, 0, 1),
(3, 3, 17, 1, 9, 0, 0, 0, 0),
(3, 3, 17, 2, 9, 0, 0, 0, 0),
(3, 3, 17, 3, 9, 0, 0, 0, 0),
(4, 1, 1, 1, 1, 0, 0, 0, 0),
(4, 1, 1, 2, 1, 0, 0, 0, 0),
(4, 1, 1, 3, 1, 0, 0, 0, 0),
(4, 1, 3, 1, 8, 0, 0, 0, 1),
(4, 1, 3, 2, 8, 0, 0, 0, 1),
(4, 1, 3, 3, 8, 0, 0, 0, 1),
(4, 1, 4, 1, 8, 151.2, 2800, 0, 0),
(4, 1, 4, 2, 8, 151.2, 2800, 0, 0),
(4, 1, 4, 3, 8, 151.2, 2800, 0, 0),
(4, 1, 5, 1, 3, 6.5, 44619, 0, 0),
(4, 1, 5, 2, 3, 7.5, 44619, 0, 0),
(4, 1, 5, 3, 3, 7.5, 44619, 0, 0),
(4, 1, 6, 1, 8, 0, 35631, 0, 1),
(4, 1, 6, 2, 8, 0, 35631, 0, 1),
(4, 1, 6, 3, 8, 0, 35631, 0, 1),
(4, 1, 7, 1, 8, 452.08, 100000, 0, 0),
(4, 1, 7, 2, 8, 452.08, 100000, 0, 0),
(4, 1, 7, 3, 8, 521.63, 100000, 0, 0),
(4, 1, 8, 1, 8, 216, 40000, 0, 0),
(4, 1, 8, 2, 8, 216, 40000, 0, 0),
(4, 1, 8, 3, 8, 216, 40000, 0, 0),
(4, 1, 9, 1, 6, 88, 40000, 0, 0),
(4, 1, 9, 2, 6, 88, 40000, 0, 0),
(4, 1, 9, 3, 6, 88, 40000, 0, 0),
(4, 1, 10, 1, 8, 0, 4000, 0, 1),
(4, 1, 10, 2, 8, 0, 4000, 0, 1),
(4, 1, 10, 3, 8, 0, 4000, 0, 1),
(4, 1, 17, 1, 8, 517.73, 0, 0, 0),
(4, 1, 17, 2, 8, 517.73, 0, 0, 0),
(4, 1, 17, 3, 8, 910.85, 0, 0, 0),
(4, 2, 2, 1, 1, 0, 0, 0, 0),
(4, 2, 2, 2, 1, 0, 0, 0, 0),
(4, 2, 2, 3, 1, 0, 0, 0, 0),
(4, 2, 3, 1, 8, 0, 0, 0, 1),
(4, 2, 3, 2, 8, 0, 0, 0, 1),
(4, 2, 3, 3, 8, 0, 0, 0, 1),
(4, 2, 4, 1, 8, 151.2, 2800, 0, 0),
(4, 2, 4, 2, 8, 151.2, 2800, 0, 0),
(4, 2, 4, 3, 8, 151.2, 2800, 0, 0),
(4, 2, 5, 1, 3, 6.5, 44619, 0, 0),
(4, 2, 5, 2, 3, 7.5, 44619, 0, 0),
(4, 2, 5, 3, 3, 7.5, 44619, 0, 0),
(4, 2, 6, 1, 8, 0, 35631, 0, 1),
(4, 2, 6, 2, 8, 0, 35631, 0, 1),
(4, 2, 6, 3, 8, 0, 35631, 0, 1),
(4, 2, 7, 1, 8, 452.08, 100000, 0, 0),
(4, 2, 7, 2, 8, 452.08, 100000, 0, 0),
(4, 2, 7, 3, 8, 521.63, 100000, 0, 0),
(4, 2, 8, 1, 8, 216, 40000, 0, 0),
(4, 2, 8, 2, 8, 216, 40000, 0, 0),
(4, 2, 8, 3, 8, 216, 40000, 0, 0),
(4, 2, 9, 1, 6, 88, 40000, 0, 0),
(4, 2, 9, 2, 6, 88, 40000, 0, 0),
(4, 2, 9, 3, 6, 88, 40000, 0, 0),
(4, 2, 10, 1, 8, 0, 4000, 0, 1),
(4, 2, 10, 2, 8, 0, 4000, 0, 1),
(4, 2, 10, 3, 8, 0, 4000, 0, 1),
(4, 2, 17, 1, 8, 517.73, 0, 0, 0),
(4, 2, 17, 2, 8, 517.73, 0, 0, 0),
(4, 2, 17, 3, 8, 910.85, 0, 0, 0),
(4, 3, 5, 1, 3, 6.5, 44619, 0, 0),
(4, 3, 5, 2, 3, 7.5, 44619, 0, 0),
(4, 3, 5, 3, 3, 7.5, 44619, 0, 0),
(4, 3, 6, 1, 8, 0, 35631, 0, 1),
(4, 3, 6, 2, 8, 0, 35631, 0, 1),
(4, 3, 6, 3, 8, 0, 35631, 0, 1),
(4, 3, 7, 1, 8, 452.08, 100000, 0, 0),
(4, 3, 7, 2, 8, 452.08, 100000, 0, 0),
(4, 3, 7, 3, 8, 521.63, 100000, 0, 0),
(4, 3, 8, 1, 8, 216, 40000, 0, 0),
(4, 3, 8, 2, 8, 216, 40000, 0, 0),
(4, 3, 8, 3, 8, 216, 40000, 0, 0),
(4, 3, 9, 1, 6, 88, 40000, 0, 0),
(4, 3, 9, 2, 6, 88, 40000, 0, 0),
(4, 3, 9, 3, 6, 88, 40000, 0, 0),
(4, 3, 10, 1, 8, 0, 4000, 0, 1),
(4, 3, 10, 2, 8, 0, 4000, 0, 1),
(4, 3, 10, 3, 8, 0, 4000, 0, 1),
(4, 3, 17, 1, 8, 517.73, 0, 0, 0),
(4, 3, 17, 2, 8, 517.73, 0, 0, 0),
(4, 3, 17, 3, 8, 910.85, 0, 0, 0),
(5, 1, 1, 1, 1, 0, 0, 0, 0),
(5, 1, 1, 2, 1, 0, 0, 0, 0),
(5, 1, 1, 3, 1, 0, 0, 0, 0),
(5, 1, 3, 1, 8, 0.0144, 0, 0, 0),
(5, 1, 3, 2, 8, 0.0144, 0, 0, 0),
(5, 1, 3, 3, 8, 0.0144, 0, 0, 0),
(5, 1, 4, 1, 8, 314, 3000, 0, 0),
(5, 1, 4, 2, 8, 335, 3000, 0, 0),
(5, 1, 4, 3, 8, 426, 3000, 0, 0),
(5, 1, 5, 1, 3, 6.5, 44619, 0, 0),
(5, 1, 5, 2, 3, 7.5, 44619, 0, 0),
(5, 1, 5, 3, 3, 7.5, 44619, 0, 0),
(5, 1, 6, 1, 8, 0, 35631, 0, 1),
(5, 1, 6, 2, 8, 0, 35631, 0, 1),
(5, 1, 6, 3, 8, 0, 35631, 0, 1),
(5, 1, 7, 1, 8, 218.94, 100000, 0, 0),
(5, 1, 7, 2, 8, 218.94, 100000, 0, 0),
(5, 1, 7, 3, 8, 252.62, 100000, 0, 0),
(5, 1, 8, 1, 8, 260, 50000, 0, 0),
(5, 1, 8, 2, 8, 260, 50000, 0, 0),
(5, 1, 8, 3, 8, 260, 50000, 0, 0),
(5, 1, 9, 1, 8, 45.26, 50000, 0, 0),
(5, 1, 9, 2, 8, 45.26, 50000, 0, 0),
(5, 1, 9, 3, 8, 54.25, 50000, 0, 0),
(5, 1, 10, 1, 8, 0, 5000, 0, 1),
(5, 1, 10, 2, 8, 0, 5000, 0, 1),
(5, 1, 10, 3, 8, 0, 5000, 0, 1),
(5, 1, 12, 1, 8, 60, 0, 0, 0),
(5, 1, 12, 2, 8, 60, 0, 0, 0),
(5, 1, 12, 3, 8, 60, 0, 0, 0),
(5, 1, 13, 1, 8, 60, 0, 0, 0),
(5, 1, 13, 2, 8, 60, 0, 0, 0),
(5, 1, 13, 3, 8, 60, 0, 0, 0),
(5, 1, 17, 1, 8, 504, 0, 0, 0),
(5, 1, 17, 2, 8, 504, 0, 0, 0),
(5, 1, 17, 3, 8, 504, 0, 0, 0),
(5, 2, 2, 1, 1, 0, 0, 0, 0),
(5, 2, 2, 2, 1, 0, 0, 0, 0),
(5, 2, 2, 3, 1, 0, 0, 0, 0),
(5, 2, 3, 1, 8, 0.0144, 0, 0, 0),
(5, 2, 3, 2, 8, 0.0144, 0, 0, 0),
(5, 2, 3, 3, 8, 0.0144, 0, 0, 0),
(5, 2, 4, 1, 8, 314, 3000, 0, 0),
(5, 2, 4, 2, 8, 335, 3000, 0, 0),
(5, 2, 4, 3, 8, 426, 3000, 0, 0),
(5, 2, 5, 1, 3, 6.5, 44619, 0, 0),
(5, 2, 5, 2, 3, 7.5, 44619, 0, 0),
(5, 2, 5, 3, 3, 7.5, 44619, 0, 0),
(5, 2, 6, 1, 8, 0, 35631, 0, 1),
(5, 2, 6, 2, 8, 0, 35631, 0, 1),
(5, 2, 6, 3, 8, 0, 35631, 0, 1),
(5, 2, 7, 1, 8, 218.94, 100000, 0, 0),
(5, 2, 7, 2, 8, 218.94, 100000, 0, 0),
(5, 2, 7, 3, 8, 252.62, 100000, 0, 0),
(5, 2, 8, 1, 8, 260, 50000, 0, 0),
(5, 2, 8, 2, 8, 260, 50000, 0, 0),
(5, 2, 8, 3, 8, 260, 50000, 0, 0),
(5, 2, 9, 1, 8, 45.26, 50000, 0, 0),
(5, 2, 9, 2, 8, 45.26, 50000, 0, 0),
(5, 2, 9, 3, 8, 54.25, 50000, 0, 0),
(5, 2, 10, 1, 8, 0, 5000, 0, 1),
(5, 2, 10, 2, 8, 0, 5000, 0, 1),
(5, 2, 10, 3, 8, 0, 5000, 0, 1),
(5, 2, 12, 1, 8, 60, 0, 0, 0),
(5, 2, 12, 2, 8, 60, 0, 0, 0),
(5, 2, 12, 3, 8, 60, 0, 0, 0),
(5, 2, 13, 1, 8, 60, 0, 0, 0),
(5, 2, 13, 2, 8, 60, 0, 0, 0),
(5, 2, 13, 3, 8, 60, 0, 0, 0),
(5, 2, 17, 1, 8, 504, 0, 0, 0),
(5, 2, 17, 2, 8, 504, 0, 0, 0),
(5, 2, 17, 3, 8, 504, 0, 0, 0),
(5, 3, 5, 1, 3, 6.5, 44619, 0, 0),
(5, 3, 5, 2, 3, 7.5, 44619, 0, 0),
(5, 3, 5, 3, 3, 7.5, 44619, 0, 0),
(5, 3, 6, 1, 8, 0, 35631, 0, 1),
(5, 3, 6, 2, 8, 0, 35631, 0, 1),
(5, 3, 6, 3, 8, 0, 35631, 0, 1),
(5, 3, 7, 1, 8, 218.94, 100000, 0, 0),
(5, 3, 7, 2, 8, 218.94, 100000, 0, 0),
(5, 3, 7, 3, 8, 252.62, 100000, 0, 0),
(5, 3, 8, 1, 8, 260, 50000, 0, 0),
(5, 3, 8, 2, 8, 260, 50000, 0, 0),
(5, 3, 8, 3, 8, 260, 50000, 0, 0),
(5, 3, 9, 1, 8, 45.26, 50000, 0, 0),
(5, 3, 9, 2, 8, 45.26, 50000, 0, 0),
(5, 3, 9, 3, 8, 54.25, 50000, 0, 0),
(5, 3, 10, 1, 8, 0, 5000, 0, 1),
(5, 3, 10, 2, 8, 0, 5000, 0, 1),
(5, 3, 10, 3, 8, 0, 5000, 0, 1),
(5, 3, 12, 1, 8, 60, 0, 0, 0),
(5, 3, 12, 2, 8, 60, 0, 0, 0),
(5, 3, 12, 3, 8, 60, 0, 0, 0),
(5, 3, 13, 1, 8, 60, 0, 0, 0),
(5, 3, 13, 2, 8, 60, 0, 0, 0),
(5, 3, 13, 3, 8, 60, 0, 0, 0),
(5, 3, 17, 1, 8, 504, 0, 0, 0),
(5, 3, 17, 2, 8, 504, 0, 0, 0),
(5, 3, 17, 3, 8, 504, 0, 0, 0),
(6, 1, 1, 1, 1, 0, 0, 0, 0),
(6, 1, 1, 2, 1, 0, 0, 0, 0),
(6, 1, 1, 3, 1, 0, 0, 0, 0),
(6, 1, 3, 1, 8, 0, 0, 0, 1),
(6, 1, 3, 2, 8, 0, 0, 0, 1),
(6, 1, 3, 3, 8, 0, 0, 0, 1),
(6, 1, 4, 1, 8, 628.8, 0, 0, 1),
(6, 1, 4, 2, 8, 670, 0, 0, 1),
(6, 1, 4, 3, 8, 853.4, 0, 0, 1),
(6, 1, 5, 1, 3, 6.5, 44619, 0, 0),
(6, 1, 5, 2, 3, 7.5, 44619, 0, 0),
(6, 1, 5, 3, 3, 7.5, 44619, 0, 0),
(6, 1, 6, 1, 8, 0, 35631, 0, 1),
(6, 1, 6, 2, 8, 0, 35631, 0, 1),
(6, 1, 6, 3, 8, 0, 35631, 0, 1),
(6, 1, 7, 1, 8, 70.11, 100000, 0, 0),
(6, 1, 7, 2, 8, 70.11, 100000, 0, 0),
(6, 1, 7, 3, 8, 80.89, 100000, 0, 0),
(6, 1, 8, 1, 8, 150, 30000, 0, 0),
(6, 1, 8, 2, 8, 150, 50000, 0, 0),
(6, 1, 8, 3, 8, 150, 50000, 0, 0),
(6, 1, 9, 1, 8, 548.25, 50000, 0, 0),
(6, 1, 9, 2, 8, 548.25, 50000, 0, 0),
(6, 1, 9, 3, 8, 492.15, 50000, 0, 0),
(6, 1, 10, 1, 8, 0, 15000, 0, 1),
(6, 1, 10, 2, 8, 0, 15000, 0, 1),
(6, 1, 10, 3, 8, 0, 15000, 0, 1),
(6, 1, 11, 1, 8, 0, 15000, 0, 1),
(6, 1, 11, 2, 8, 0, 15000, 0, 1),
(6, 1, 11, 3, 8, 0, 15000, 0, 1),
(6, 1, 17, 1, 9, 570, 0, 0, 0),
(6, 1, 17, 2, 9, 570, 0, 0, 0),
(6, 1, 17, 3, 9, 570, 0, 0, 0),
(6, 2, 2, 1, 1, 0, 0, 0, 0),
(6, 2, 2, 2, 1, 0, 0, 0, 0),
(6, 2, 2, 3, 1, 0, 0, 0, 0),
(6, 2, 3, 1, 8, 0, 0, 0, 1),
(6, 2, 3, 2, 8, 0, 0, 0, 1),
(6, 2, 3, 3, 8, 0, 0, 0, 1),
(6, 2, 4, 1, 8, 628.8, 0, 0, 1),
(6, 2, 4, 2, 8, 670, 0, 0, 1),
(6, 2, 4, 3, 8, 853.4, 0, 0, 1),
(6, 2, 5, 1, 3, 6.5, 44619, 0, 0),
(6, 2, 5, 2, 3, 7.5, 44619, 0, 0),
(6, 2, 5, 3, 3, 7.5, 44619, 0, 0),
(6, 2, 6, 1, 8, 0, 35631, 0, 1),
(6, 2, 6, 2, 8, 0, 35631, 0, 1),
(6, 2, 6, 3, 8, 0, 35631, 0, 1),
(6, 2, 7, 1, 8, 67.22, 100000, 0, 0),
(6, 2, 7, 2, 8, 67.22, 100000, 0, 0),
(6, 2, 7, 3, 8, 77.56, 100000, 0, 0),
(6, 2, 8, 1, 8, 150, 30000, 0, 0),
(6, 2, 8, 2, 8, 150, 50000, 0, 0),
(6, 2, 8, 3, 8, 150, 50000, 0, 0),
(6, 2, 9, 1, 8, 548.25, 50000, 0, 0),
(6, 2, 9, 2, 8, 548.25, 50000, 0, 0),
(6, 2, 9, 3, 8, 492.15, 50000, 0, 0),
(6, 2, 10, 1, 8, 0, 15000, 0, 1),
(6, 2, 10, 2, 8, 0, 15000, 0, 1),
(6, 2, 10, 3, 8, 0, 15000, 0, 1),
(6, 2, 11, 1, 8, 0, 15000, 0, 1),
(6, 2, 11, 2, 8, 0, 15000, 0, 1),
(6, 2, 11, 3, 8, 0, 15000, 0, 1),
(6, 2, 17, 1, 9, 570, 0, 0, 0),
(6, 2, 17, 2, 9, 570, 0, 0, 0),
(6, 2, 17, 3, 9, 570, 0, 0, 0),
(6, 3, 5, 1, 3, 6.5, 44619, 0, 0),
(6, 3, 5, 2, 3, 7.5, 44619, 0, 0),
(6, 3, 5, 3, 3, 7.5, 44619, 0, 0),
(6, 3, 6, 1, 8, 0, 35631, 0, 1),
(6, 3, 6, 2, 8, 0, 35631, 0, 1),
(6, 3, 6, 3, 8, 0, 35631, 0, 1),
(6, 3, 7, 1, 8, 67.22, 100000, 0, 0),
(6, 3, 7, 2, 8, 67.22, 100000, 0, 0),
(6, 3, 7, 3, 8, 77.56, 100000, 0, 0),
(6, 3, 8, 1, 8, 150, 30000, 0, 0),
(6, 3, 8, 2, 8, 150, 50000, 0, 0),
(6, 3, 8, 3, 8, 150, 50000, 0, 0),
(6, 3, 9, 1, 8, 548.25, 50000, 0, 0),
(6, 3, 9, 2, 8, 548.25, 50000, 0, 0),
(6, 3, 9, 3, 8, 492.15, 50000, 0, 0),
(6, 3, 10, 1, 8, 0, 15000, 0, 1),
(6, 3, 10, 2, 8, 0, 15000, 0, 1),
(6, 3, 10, 3, 8, 0, 15000, 0, 1),
(6, 3, 11, 1, 8, 0, 15000, 0, 1),
(6, 3, 11, 2, 8, 0, 15000, 0, 1),
(6, 3, 11, 3, 8, 0, 15000, 0, 1),
(6, 3, 17, 1, 9, 570, 0, 0, 0),
(6, 3, 17, 2, 9, 570, 0, 0, 0),
(6, 3, 17, 3, 9, 570, 0, 0, 0),
(7, 1, 1, 1, 1, 0, 0, 0, 0),
(7, 1, 1, 2, 1, 0, 0, 0, 0),
(7, 1, 1, 3, 1, 0, 0, 0, 0),
(7, 1, 3, 1, 4, 0.0131, 0, 1.31, 0),
(7, 1, 3, 2, 4, 0.0131, 0, 1.31, 0),
(7, 1, 3, 3, 4, 0.0131, 0, 1.31, 0),
(7, 1, 4, 1, 8, 120, 3000, 0, 1),
(7, 1, 4, 2, 8, 120, 3000, 0, 1),
(7, 1, 4, 3, 8, 120, 3000, 0, 1),
(7, 1, 5, 1, 3, 6.5, 44619, 0, 0),
(7, 1, 5, 2, 3, 7.5, 44619, 0, 0),
(7, 1, 5, 3, 3, 7.5, 44619, 0, 0),
(7, 1, 6, 1, 8, 0, 35631, 0, 1),
(7, 1, 6, 2, 8, 0, 35631, 0, 1),
(7, 1, 6, 3, 8, 0, 35631, 0, 1),
(7, 1, 7, 1, 8, 122.98, 100000, 0, 0),
(7, 1, 7, 2, 8, 122.98, 100000, 0, 0),
(7, 1, 7, 3, 8, 141.9, 100000, 0, 0),
(7, 1, 8, 1, 8, 208, 40000, 0, 0),
(7, 1, 8, 2, 8, 208, 40000, 0, 0),
(7, 1, 8, 3, 8, 208, 40000, 0, 0),
(7, 1, 9, 1, 6, 39.45, 30000, 0, 0),
(7, 1, 9, 2, 6, 39.45, 30000, 0, 0),
(7, 1, 9, 3, 6, 51.15, 30000, 0, 0),
(7, 1, 10, 1, 8, 0, 3000, 0, 1),
(7, 1, 10, 2, 8, 0, 3000, 0, 1),
(7, 1, 10, 3, 8, 0, 3000, 0, 1),
(7, 1, 11, 1, 8, 112.5, 10000, 0, 0),
(7, 1, 11, 2, 8, 112.5, 10000, 0, 0),
(7, 1, 11, 3, 8, 112.5, 10000, 0, 0),
(7, 1, 12, 1, 8, 60, 0, 0, 0),
(7, 1, 12, 2, 8, 60, 0, 0, 0),
(7, 1, 12, 3, 8, 60, 0, 0, 0),
(7, 1, 13, 1, 8, 60, 0, 0, 0),
(7, 1, 13, 2, 8, 60, 0, 0, 0),
(7, 1, 13, 3, 8, 60, 0, 0, 0),
(7, 1, 14, 1, 8, 60, 0, 0, 0),
(7, 1, 14, 2, 8, 60, 0, 0, 0),
(7, 1, 14, 3, 8, 60, 0, 0, 0),
(7, 1, 17, 1, 9, 0, 0, 0, 0),
(7, 1, 17, 2, 9, 0, 0, 0, 0),
(7, 1, 17, 3, 9, 0, 0, 0, 0),
(7, 2, 2, 1, 1, 0, 0, 0, 0),
(7, 2, 2, 2, 1, 0, 0, 0, 0),
(7, 2, 2, 3, 1, 0, 0, 0, 0),
(7, 2, 3, 1, 4, 0.0131, 0, 1.31, 0),
(7, 2, 3, 2, 4, 0.0131, 0, 1.31, 0),
(7, 2, 3, 3, 4, 0.0131, 0, 1.31, 0),
(7, 2, 4, 1, 8, 120, 3000, 0, 1),
(7, 2, 4, 2, 8, 120, 3000, 0, 1),
(7, 2, 4, 3, 8, 120, 3000, 0, 1),
(7, 2, 5, 1, 3, 6.5, 44619, 0, 0),
(7, 2, 5, 2, 3, 7.5, 44619, 0, 0),
(7, 2, 5, 3, 3, 7.5, 44619, 0, 0),
(7, 2, 6, 1, 8, 0, 35631, 0, 1),
(7, 2, 6, 2, 8, 0, 35631, 0, 1),
(7, 2, 6, 3, 8, 0, 35631, 0, 1),
(7, 2, 7, 1, 8, 122.98, 100000, 0, 0),
(7, 2, 7, 2, 8, 122.98, 100000, 0, 0),
(7, 2, 7, 3, 8, 141.9, 100000, 0, 0),
(7, 2, 8, 1, 8, 208, 40000, 0, 0),
(7, 2, 8, 2, 8, 208, 40000, 0, 0),
(7, 2, 8, 3, 8, 208, 40000, 0, 0),
(7, 2, 9, 1, 6, 39.45, 30000, 0, 0),
(7, 2, 9, 2, 6, 39.45, 30000, 0, 0),
(7, 2, 9, 3, 6, 51.15, 30000, 0, 0),
(7, 2, 10, 1, 8, 0, 3000, 0, 1),
(7, 2, 10, 2, 8, 0, 3000, 0, 1),
(7, 2, 10, 3, 8, 0, 3000, 0, 1),
(7, 2, 11, 1, 8, 112.5, 10000, 0, 0),
(7, 2, 11, 2, 8, 112.5, 10000, 0, 0),
(7, 2, 11, 3, 8, 112.5, 10000, 0, 0),
(7, 2, 12, 1, 8, 60, 0, 0, 0),
(7, 2, 12, 2, 8, 60, 0, 0, 0),
(7, 2, 12, 3, 8, 60, 0, 0, 0),
(7, 2, 13, 1, 8, 60, 0, 0, 0),
(7, 2, 13, 2, 8, 60, 0, 0, 0),
(7, 2, 13, 3, 8, 60, 0, 0, 0),
(7, 2, 14, 1, 8, 60, 0, 0, 0),
(7, 2, 14, 2, 8, 60, 0, 0, 0),
(7, 2, 14, 3, 8, 60, 0, 0, 0),
(7, 2, 17, 1, 9, 0, 0, 0, 0),
(7, 2, 17, 2, 9, 0, 0, 0, 0),
(7, 2, 17, 3, 9, 0, 0, 0, 0),
(7, 3, 5, 1, 3, 6.5, 44619, 0, 0),
(7, 3, 5, 2, 3, 7.5, 44619, 0, 0),
(7, 3, 5, 3, 3, 7.5, 44619, 0, 0),
(7, 3, 6, 1, 8, 0, 35631, 0, 1),
(7, 3, 6, 2, 8, 0, 35631, 0, 1),
(7, 3, 6, 3, 8, 0, 35631, 0, 1),
(7, 3, 7, 1, 8, 122.98, 100000, 0, 0),
(7, 3, 7, 2, 8, 122.98, 100000, 0, 0),
(7, 3, 7, 3, 8, 141.9, 100000, 0, 0),
(7, 3, 8, 1, 8, 208, 40000, 0, 0),
(7, 3, 8, 2, 8, 208, 40000, 0, 0),
(7, 3, 8, 3, 8, 208, 40000, 0, 0),
(7, 3, 9, 1, 6, 39.45, 30000, 0, 0),
(7, 3, 9, 2, 6, 39.45, 30000, 0, 0),
(7, 3, 9, 3, 6, 51.15, 30000, 0, 0),
(7, 3, 10, 1, 8, 0, 3000, 0, 1),
(7, 3, 10, 2, 8, 0, 3000, 0, 1),
(7, 3, 10, 3, 8, 0, 3000, 0, 1),
(7, 3, 11, 1, 8, 112.5, 10000, 0, 0),
(7, 3, 11, 2, 8, 112.5, 10000, 0, 0),
(7, 3, 11, 3, 8, 112.5, 10000, 0, 0),
(7, 3, 12, 1, 8, 60, 0, 0, 0),
(7, 3, 12, 2, 8, 60, 0, 0, 0),
(7, 3, 12, 3, 8, 60, 0, 0, 0),
(7, 3, 13, 1, 8, 60, 0, 0, 0),
(7, 3, 13, 2, 8, 60, 0, 0, 0),
(7, 3, 13, 3, 8, 60, 0, 0, 0),
(7, 3, 14, 1, 8, 60, 0, 0, 0),
(7, 3, 14, 2, 8, 60, 0, 0, 0),
(7, 3, 14, 3, 8, 60, 0, 0, 0),
(7, 3, 17, 1, 9, 0, 0, 0, 0),
(7, 3, 17, 2, 9, 0, 0, 0, 0),
(7, 3, 17, 3, 9, 0, 0, 0, 0),
(8, 1, 1, 1, 1, 0, 0, 0, 0),
(8, 1, 1, 2, 1, 0, 0, 0, 0),
(8, 1, 1, 3, 1, 0, 0, 0, 0),
(8, 1, 3, 1, 5, 0.001, 0, 0.1, 0),
(8, 1, 3, 2, 5, 0.001, 0, 0.1, 0),
(8, 1, 3, 3, 5, 0.001, 0, 0.1, 0),
(8, 1, 4, 1, 8, 244, 4280, 0, 0),
(8, 1, 4, 2, 8, 244, 4280, 0, 0),
(8, 1, 4, 3, 8, 244, 4280, 0, 0),
(8, 1, 5, 1, 3, 6.5, 44619, 0, 0),
(8, 1, 5, 2, 3, 7.5, 44619, 0, 0),
(8, 1, 5, 3, 3, 7.5, 44619, 0, 0),
(8, 1, 6, 1, 8, 0, 35631, 0, 1),
(8, 1, 6, 2, 8, 0, 35631, 0, 1),
(8, 1, 6, 3, 8, 0, 35631, 0, 1),
(8, 1, 7, 1, 8, 200, 100000, 0, 0),
(8, 1, 7, 2, 8, 200, 100000, 0, 0),
(8, 1, 7, 3, 8, 200, 100000, 0, 0),
(8, 1, 8, 1, 8, 324, 60000, 0, 0),
(8, 1, 8, 2, 8, 324, 60000, 0, 0),
(8, 1, 8, 3, 8, 324, 60000, 0, 0),
(8, 1, 9, 1, 6, 115.5, 100000, 0, 0),
(8, 1, 9, 2, 6, 115.5, 100000, 0, 0),
(8, 1, 9, 3, 6, 115.5, 100000, 0, 0),
(8, 1, 10, 1, 8, 0, 10000, 0, 1),
(8, 1, 10, 2, 8, 0, 10000, 0, 1),
(8, 1, 10, 3, 8, 0, 10000, 0, 1),
(8, 1, 11, 1, 8, 0, 15000, 0, 1),
(8, 1, 11, 2, 8, 0, 15000, 0, 1),
(8, 1, 11, 3, 8, 0, 15000, 0, 1),
(8, 1, 17, 1, 9, 0, 0, 0, 0),
(8, 1, 17, 2, 9, 0, 0, 0, 0),
(8, 1, 17, 3, 9, 0, 0, 0, 0),
(8, 2, 2, 1, 1, 0, 0, 0, 0),
(8, 2, 2, 2, 1, 0, 0, 0, 0),
(8, 2, 2, 3, 1, 0, 0, 0, 0),
(8, 2, 3, 1, 5, 0.001, 0, 0.1, 0),
(8, 2, 3, 2, 5, 0.001, 0, 0.1, 0),
(8, 2, 3, 3, 5, 0.001, 0, 0.1, 0),
(8, 2, 4, 1, 8, 244, 4280, 0, 0),
(8, 2, 4, 2, 8, 244, 4280, 0, 0),
(8, 2, 4, 3, 8, 244, 4280, 0, 0),
(8, 2, 5, 1, 3, 6.5, 44619, 0, 0),
(8, 2, 5, 2, 3, 7.5, 44619, 0, 0),
(8, 2, 5, 3, 3, 7.5, 44619, 0, 0),
(8, 2, 6, 1, 8, 0, 35631, 0, 1),
(8, 2, 6, 2, 8, 0, 35631, 0, 1),
(8, 2, 6, 3, 8, 0, 35631, 0, 1),
(8, 2, 7, 1, 8, 200, 100000, 0, 0),
(8, 2, 7, 2, 8, 200, 100000, 0, 0),
(8, 2, 7, 3, 8, 200, 100000, 0, 0),
(8, 2, 8, 1, 8, 324, 60000, 0, 0),
(8, 2, 8, 2, 8, 324, 60000, 0, 0),
(8, 2, 8, 3, 8, 324, 60000, 0, 0),
(8, 2, 9, 1, 6, 115.5, 100000, 0, 0),
(8, 2, 9, 2, 6, 115.5, 100000, 0, 0),
(8, 2, 9, 3, 6, 115.5, 100000, 0, 0),
(8, 2, 10, 1, 8, 0, 10000, 0, 1),
(8, 2, 10, 2, 8, 0, 10000, 0, 1),
(8, 2, 10, 3, 8, 0, 10000, 0, 1),
(8, 2, 11, 1, 8, 0, 15000, 0, 1),
(8, 2, 11, 2, 8, 0, 15000, 0, 1),
(8, 2, 11, 3, 8, 0, 15000, 0, 1),
(8, 2, 17, 1, 9, 0, 0, 0, 0),
(8, 2, 17, 2, 9, 0, 0, 0, 0),
(8, 2, 17, 3, 9, 0, 0, 0, 0),
(8, 3, 5, 1, 3, 6.5, 44619, 0, 0),
(8, 3, 5, 2, 3, 7.5, 44619, 0, 0),
(8, 3, 5, 3, 3, 7.5, 44619, 0, 0),
(8, 3, 6, 1, 8, 0, 35631, 0, 1),
(8, 3, 6, 2, 8, 0, 35631, 0, 1),
(8, 3, 6, 3, 8, 0, 35631, 0, 1),
(8, 3, 7, 1, 8, 200, 100000, 0, 0),
(8, 3, 7, 2, 8, 200, 100000, 0, 0),
(8, 3, 7, 3, 8, 200, 100000, 0, 0),
(8, 3, 8, 1, 8, 324, 60000, 0, 0),
(8, 3, 8, 2, 8, 324, 60000, 0, 0),
(8, 3, 8, 3, 8, 324, 60000, 0, 0),
(8, 3, 9, 1, 6, 115.5, 100000, 0, 0),
(8, 3, 9, 2, 6, 115.5, 100000, 0, 0),
(8, 3, 9, 3, 6, 115.5, 100000, 0, 0),
(8, 3, 10, 1, 8, 0, 10000, 0, 1),
(8, 3, 10, 2, 8, 0, 10000, 0, 1),
(8, 3, 10, 3, 8, 0, 10000, 0, 1),
(8, 3, 11, 1, 8, 0, 15000, 0, 1),
(8, 3, 11, 2, 8, 0, 15000, 0, 1),
(8, 3, 11, 3, 8, 0, 15000, 0, 1),
(8, 3, 17, 1, 9, 0, 0, 0, 0),
(8, 3, 17, 2, 9, 0, 0, 0, 0),
(8, 3, 17, 3, 9, 0, 0, 0, 0),
(9, 1, 1, 1, 1, 0, 0, 0, 0),
(9, 1, 1, 2, 1, 0, 0, 0, 0),
(9, 1, 1, 3, 1, 0, 0, 0, 0),
(9, 1, 3, 1, 8, 0, 0, 0, 1),
(9, 1, 3, 2, 8, 0, 0, 0, 1),
(9, 1, 3, 3, 8, 0, 0, 0, 1),
(9, 1, 5, 1, 3, 6.5, 44619, 0, 0),
(9, 1, 5, 2, 3, 7.5, 44619, 0, 0),
(9, 1, 5, 3, 3, 7.5, 44619, 0, 0),
(9, 1, 6, 1, 8, 0, 35631, 0, 1),
(9, 1, 6, 2, 8, 0, 35631, 0, 1),
(9, 1, 6, 3, 8, 0, 35631, 0, 1),
(9, 1, 7, 1, 8, 347.75, 50000, 0, 0),
(9, 1, 7, 2, 8, 347.75, 50000, 0, 0),
(9, 1, 7, 3, 8, 401.25, 50000, 0, 0),
(9, 1, 8, 1, 8, 200, 40000, 0, 0),
(9, 1, 8, 2, 8, 200, 40000, 0, 0),
(9, 1, 8, 3, 8, 200, 40000, 0, 0),
(9, 1, 9, 1, 6, 160, 20000, 0, 0),
(9, 1, 9, 2, 6, 160, 20000, 0, 0),
(9, 1, 9, 3, 6, 240, 20000, 0, 0),
(9, 1, 10, 1, 8, 0, 2000, 0, 1),
(9, 1, 10, 2, 8, 0, 2000, 0, 1),
(9, 1, 10, 3, 8, 0, 2000, 0, 1),
(9, 1, 11, 1, 8, 200, 10000, 0, 0),
(9, 1, 11, 2, 8, 200, 10000, 0, 0),
(9, 1, 11, 3, 8, 120, 10000, 0, 0),
(9, 1, 17, 1, 9, 0, 0, 0, 0),
(9, 1, 17, 2, 9, 0, 0, 0, 0),
(9, 1, 17, 3, 9, 0, 0, 0, 0),
(9, 2, 2, 1, 1, 0, 0, 0, 0),
(9, 2, 2, 2, 1, 0, 0, 0, 0),
(9, 2, 2, 3, 1, 0, 0, 0, 0),
(9, 2, 3, 1, 8, 0, 0, 0, 1),
(9, 2, 3, 2, 8, 0, 0, 0, 1),
(9, 2, 3, 3, 8, 0, 0, 0, 1),
(9, 2, 5, 1, 3, 6.5, 44619, 0, 0),
(9, 2, 5, 2, 3, 7.5, 44619, 0, 0),
(9, 2, 5, 3, 3, 7.5, 44619, 0, 0),
(9, 2, 6, 1, 8, 0, 35631, 0, 1),
(9, 2, 6, 2, 8, 0, 35631, 0, 1),
(9, 2, 6, 3, 8, 0, 35631, 0, 1),
(9, 2, 7, 1, 8, 347.75, 50000, 0, 0),
(9, 2, 7, 2, 8, 347.75, 50000, 0, 0),
(9, 2, 7, 3, 8, 401.25, 50000, 0, 0),
(9, 2, 8, 1, 8, 200, 40000, 0, 0),
(9, 2, 8, 2, 8, 200, 40000, 0, 0),
(9, 2, 8, 3, 8, 200, 40000, 0, 0),
(9, 2, 9, 1, 6, 160, 20000, 0, 0),
(9, 2, 9, 2, 6, 160, 20000, 0, 0),
(9, 2, 9, 3, 6, 240, 20000, 0, 0),
(9, 2, 10, 1, 8, 0, 2000, 0, 1),
(9, 2, 10, 2, 8, 0, 2000, 0, 1),
(9, 2, 10, 3, 8, 0, 2000, 0, 1),
(9, 2, 11, 1, 8, 200, 10000, 0, 0),
(9, 2, 11, 2, 8, 200, 10000, 0, 0),
(9, 2, 11, 3, 8, 120, 10000, 0, 0),
(9, 2, 17, 1, 9, 0, 0, 0, 0),
(9, 2, 17, 2, 9, 0, 0, 0, 0),
(9, 2, 17, 3, 9, 0, 0, 0, 0),
(9, 3, 5, 1, 3, 6.5, 44619, 0, 0),
(9, 3, 5, 2, 3, 7.5, 44619, 0, 0),
(9, 3, 5, 3, 3, 7.5, 44619, 0, 0),
(9, 3, 6, 1, 8, 0, 35631, 0, 1),
(9, 3, 6, 2, 8, 0, 35631, 0, 1),
(9, 3, 6, 3, 8, 0, 35631, 0, 1),
(9, 3, 7, 1, 8, 347.75, 50000, 0, 0),
(9, 3, 7, 2, 8, 347.75, 50000, 0, 0),
(9, 3, 7, 3, 8, 401.25, 50000, 0, 0),
(9, 3, 8, 1, 8, 200, 40000, 0, 0),
(9, 3, 8, 2, 8, 200, 40000, 0, 0),
(9, 3, 8, 3, 8, 200, 40000, 0, 0),
(9, 3, 9, 1, 6, 160, 20000, 0, 0),
(9, 3, 9, 2, 6, 160, 20000, 0, 0),
(9, 3, 9, 3, 6, 240, 20000, 0, 0),
(9, 3, 10, 1, 8, 0, 2000, 0, 1),
(9, 3, 10, 2, 8, 0, 2000, 0, 1),
(9, 3, 10, 3, 8, 0, 2000, 0, 1),
(9, 3, 11, 1, 8, 200, 10000, 0, 0),
(9, 3, 11, 2, 8, 200, 10000, 0, 0),
(9, 3, 11, 3, 8, 120, 10000, 0, 0),
(9, 3, 17, 1, 9, 0, 0, 0, 0),
(9, 3, 17, 2, 9, 0, 0, 0, 0),
(9, 3, 17, 3, 9, 0, 0, 0, 0),
(10, 1, 1, 1, 1, 0, 0, 0, 0),
(10, 1, 1, 2, 1, 0, 0, 0, 0),
(10, 1, 1, 3, 1, 0, 0, 0, 0),
(10, 1, 3, 1, 8, 0, 0, 0, 1),
(10, 1, 3, 2, 8, 0, 0, 0, 1),
(10, 1, 3, 3, 8, 0, 0, 0, 1),
(10, 1, 4, 1, 8, 199, 3000, 0, 0),
(10, 1, 4, 2, 8, 243, 3000, 0, 0),
(10, 1, 4, 3, 8, 221, 3000, 0, 0),
(10, 1, 5, 1, 3, 6.5, 44619, 0, 0),
(10, 1, 5, 2, 3, 6.5, 44619, 0, 0),
(10, 1, 5, 3, 3, 7.5, 44619, 0, 0),
(10, 1, 6, 1, 8, 0, 35631, 0, 1),
(10, 1, 6, 2, 8, 0, 35631, 0, 1),
(10, 1, 6, 3, 8, 0, 35631, 0, 1),
(10, 1, 7, 1, 8, 756, 250000, 0, 0),
(10, 1, 7, 2, 8, 756, 250000, 0, 0),
(10, 1, 7, 3, 8, 1071, 250000, 0, 0),
(10, 1, 8, 1, 8, 350, 70000, 0, 0),
(10, 1, 8, 2, 8, 350, 70000, 0, 0),
(10, 1, 8, 3, 8, 350, 70000, 0, 0),
(10, 1, 9, 1, 6, 160, 100000, 0, 0),
(10, 1, 9, 2, 6, 160, 100000, 0, 0),
(10, 1, 9, 3, 6, 433.33, 100000, 0, 0),
(10, 1, 10, 1, 8, 0, 10000, 0, 1),
(10, 1, 10, 2, 8, 0, 10000, 0, 1),
(10, 1, 10, 3, 8, 0, 10000, 0, 1),
(10, 1, 17, 1, 9, 0, 0, 0, 0),
(10, 1, 17, 2, 9, 0, 0, 0, 0),
(10, 1, 17, 3, 9, 0, 0, 0, 0),
(10, 2, 2, 1, 1, 0, 0, 0, 0),
(10, 2, 2, 2, 1, 0, 0, 0, 0),
(10, 2, 2, 3, 1, 0, 0, 0, 0),
(10, 2, 3, 1, 8, 0, 0, 0, 1),
(10, 2, 3, 2, 8, 0, 0, 0, 1),
(10, 2, 3, 3, 8, 0, 0, 0, 1),
(10, 2, 4, 1, 8, 199, 3000, 0, 0),
(10, 2, 4, 2, 8, 243, 3000, 0, 0),
(10, 2, 4, 3, 8, 221, 3000, 0, 0),
(10, 2, 5, 1, 3, 6.5, 44619, 0, 0),
(10, 2, 5, 2, 3, 6.5, 44619, 0, 0),
(10, 2, 5, 3, 3, 7.5, 44619, 0, 0),
(10, 2, 6, 1, 8, 0, 35631, 0, 1),
(10, 2, 6, 2, 8, 0, 35631, 0, 1),
(10, 2, 6, 3, 8, 0, 35631, 0, 1),
(10, 2, 7, 1, 8, 756, 250000, 0, 0),
(10, 2, 7, 2, 8, 756, 250000, 0, 0),
(10, 2, 7, 3, 8, 1071, 250000, 0, 0),
(10, 2, 8, 1, 8, 350, 70000, 0, 0),
(10, 2, 8, 2, 8, 350, 70000, 0, 0),
(10, 2, 8, 3, 8, 350, 70000, 0, 0),
(10, 2, 9, 1, 6, 160, 100000, 0, 0),
(10, 2, 9, 2, 6, 160, 100000, 0, 0),
(10, 2, 9, 3, 6, 433.33, 100000, 0, 0),
(10, 2, 10, 1, 8, 0, 10000, 0, 1),
(10, 2, 10, 2, 8, 0, 10000, 0, 1),
(10, 2, 10, 3, 8, 0, 10000, 0, 1),
(10, 2, 17, 1, 9, 0, 0, 0, 0),
(10, 2, 17, 2, 9, 0, 0, 0, 0),
(10, 2, 17, 3, 9, 0, 0, 0, 0),
(10, 3, 3, 1, 8, 0, 0, 0, 1),
(10, 3, 3, 2, 8, 0, 0, 0, 1),
(10, 3, 3, 3, 8, 0, 0, 0, 1),
(10, 3, 4, 1, 8, 199, 3000, 0, 0),
(10, 3, 4, 2, 8, 243, 3000, 0, 0),
(10, 3, 4, 3, 8, 221, 3000, 0, 0),
(10, 3, 5, 1, 3, 6.5, 44619, 0, 0),
(10, 3, 5, 2, 3, 6.5, 44619, 0, 0),
(10, 3, 5, 3, 3, 7.5, 44619, 0, 0),
(10, 3, 6, 1, 8, 0, 35631, 0, 1),
(10, 3, 6, 2, 8, 0, 35631, 0, 1),
(10, 3, 6, 3, 8, 0, 35631, 0, 1),
(10, 3, 7, 1, 8, 756, 250000, 0, 0),
(10, 3, 7, 2, 8, 756, 250000, 0, 0),
(10, 3, 7, 3, 8, 1071, 250000, 0, 0),
(10, 3, 8, 1, 8, 350, 70000, 0, 0),
(10, 3, 8, 2, 8, 350, 70000, 0, 0),
(10, 3, 8, 3, 8, 350, 70000, 0, 0),
(10, 3, 9, 1, 6, 160, 100000, 0, 0),
(10, 3, 9, 2, 6, 160, 100000, 0, 0),
(10, 3, 9, 3, 6, 433.33, 100000, 0, 0),
(10, 3, 10, 1, 8, 0, 10000, 0, 1),
(10, 3, 10, 2, 8, 0, 10000, 0, 1),
(10, 3, 10, 3, 8, 0, 10000, 0, 1),
(10, 3, 17, 1, 9, 0, 0, 0, 0),
(10, 3, 17, 2, 9, 0, 0, 0, 0),
(10, 3, 17, 3, 9, 0, 0, 0, 0),
(11, 1, 1, 1, 1, 0, 0, 0, 0),
(11, 1, 1, 2, 1, 0, 0, 0, 0),
(11, 1, 1, 3, 1, 0, 0, 0, 0),
(11, 1, 3, 1, 4, 0.0144, 0, 1.44, 0),
(11, 1, 3, 2, 4, 0.0144, 0, 1.44, 0),
(11, 1, 3, 3, 4, 0.0144, 0, 1.44, 0),
(11, 1, 4, 1, 8, 207.3, 4280, 0, 0),
(11, 1, 4, 2, 8, 207.3, 4280, 0, 0),
(11, 1, 4, 3, 8, 207.3, 4280, 0, 0),
(11, 1, 5, 1, 3, 6.5, 44619, 0, 0),
(11, 1, 5, 2, 3, 6.5, 44619, 0, 0),
(11, 1, 5, 3, 3, 7.5, 44619, 0, 0),
(11, 1, 6, 1, 8, 0, 35631, 0, 1),
(11, 1, 6, 2, 8, 0, 35631, 0, 1),
(11, 1, 6, 3, 8, 0, 33437, 0, 1),
(11, 1, 7, 1, 8, 443.38, 100000, 63.75, 0),
(11, 1, 7, 2, 8, 443.38, 100000, 63.75, 0),
(11, 1, 7, 3, 8, 511.59, 100000, 63.75, 0),
(11, 1, 8, 1, 8, 218.87, 40000, 0, 0),
(11, 1, 8, 2, 8, 218.87, 40000, 0, 0),
(11, 1, 8, 3, 8, 218.87, 40000, 0, 0),
(11, 1, 9, 1, 6, 45, 50000, 0, 0),
(11, 1, 9, 2, 6, 45, 50000, 0, 0),
(11, 1, 9, 3, 6, 42.5, 50000, 0, 0),
(11, 1, 10, 1, 8, 0, 5000, 0, 1),
(11, 1, 10, 2, 8, 0, 5000, 0, 1),
(11, 1, 10, 3, 8, 0, 5000, 0, 1),
(11, 1, 12, 1, 8, 0, 0, 0, 1),
(11, 1, 12, 2, 8, 0, 0, 0, 1),
(11, 1, 12, 3, 8, 0, 0, 0, 1),
(11, 1, 13, 1, 8, 153.01, 0, 0, 0),
(11, 1, 13, 2, 8, 153.01, 0, 0, 0),
(11, 1, 13, 3, 8, 153.01, 0, 0, 0),
(11, 1, 17, 1, 8, 500, 0, 0, 0),
(11, 1, 17, 2, 8, 500, 0, 0, 0),
(11, 1, 17, 3, 8, 1050, 0, 0, 0),
(11, 2, 2, 1, 1, 0, 0, 0, 0),
(11, 2, 2, 2, 1, 0, 0, 0, 0),
(11, 2, 2, 3, 1, 0, 0, 0, 0),
(11, 2, 3, 1, 4, 0.0144, 0, 1.44, 0),
(11, 2, 3, 2, 4, 0.0144, 0, 1.44, 0),
(11, 2, 3, 3, 4, 0.0144, 0, 1.44, 0),
(11, 2, 4, 1, 8, 207.3, 4280, 0, 0),
(11, 2, 4, 2, 8, 207.3, 4280, 0, 0),
(11, 2, 4, 3, 8, 207.3, 4280, 0, 0),
(11, 2, 5, 1, 3, 6.5, 44619, 0, 0),
(11, 2, 5, 2, 3, 6.5, 44619, 0, 0),
(11, 2, 5, 3, 3, 7.5, 44619, 0, 0),
(11, 2, 6, 1, 8, 0, 35631, 0, 1),
(11, 2, 6, 2, 8, 0, 35631, 0, 1),
(11, 2, 6, 3, 8, 0, 33437, 0, 1),
(11, 2, 7, 1, 8, 443.38, 100000, 63.75, 0),
(11, 2, 7, 2, 8, 443.38, 100000, 63.75, 0),
(11, 2, 7, 3, 8, 511.59, 100000, 63.75, 0),
(11, 2, 8, 1, 8, 218.87, 40000, 0, 0),
(11, 2, 8, 2, 8, 218.87, 40000, 0, 0),
(11, 2, 8, 3, 8, 218.87, 40000, 0, 0),
(11, 2, 9, 1, 6, 45, 50000, 0, 0),
(11, 2, 9, 2, 6, 45, 50000, 0, 0),
(11, 2, 9, 3, 6, 42.5, 50000, 0, 0),
(11, 2, 10, 1, 8, 0, 5000, 0, 1),
(11, 2, 10, 2, 8, 0, 5000, 0, 1),
(11, 2, 10, 3, 8, 0, 5000, 0, 1),
(11, 2, 12, 1, 8, 0, 0, 0, 1),
(11, 2, 12, 2, 8, 0, 0, 0, 1),
(11, 2, 12, 3, 8, 0, 0, 0, 1),
(11, 2, 13, 1, 8, 153.01, 0, 0, 0),
(11, 2, 13, 2, 8, 153.01, 0, 0, 0),
(11, 2, 13, 3, 8, 153.01, 0, 0, 0),
(11, 2, 17, 1, 8, 500, 0, 0, 0),
(11, 2, 17, 2, 8, 500, 0, 0, 0),
(11, 2, 17, 3, 8, 1050, 0, 0, 0),
(11, 3, 6, 1, 8, 0, 35631, 0, 1),
(11, 3, 6, 2, 8, 0, 35631, 0, 1),
(11, 3, 6, 3, 8, 0, 33437, 0, 1),
(11, 3, 7, 1, 8, 443.38, 100000, 63.75, 0),
(11, 3, 7, 2, 8, 443.38, 100000, 63.75, 0),
(11, 3, 7, 3, 8, 511.59, 100000, 63.75, 0),
(11, 3, 8, 1, 8, 218.87, 40000, 0, 0),
(11, 3, 8, 2, 8, 218.87, 40000, 0, 0),
(11, 3, 8, 3, 8, 218.87, 40000, 0, 0),
(11, 3, 9, 1, 6, 45, 50000, 0, 0),
(11, 3, 9, 2, 6, 45, 50000, 0, 0),
(11, 3, 9, 3, 6, 42.5, 50000, 0, 0),
(11, 3, 10, 1, 8, 0, 5000, 0, 1),
(11, 3, 10, 2, 8, 0, 5000, 0, 1),
(11, 3, 10, 3, 8, 0, 5000, 0, 1),
(11, 3, 12, 1, 8, 0, 0, 0, 1),
(11, 3, 12, 2, 8, 0, 0, 0, 1),
(11, 3, 12, 3, 8, 0, 0, 0, 1),
(11, 3, 13, 1, 8, 153.01, 0, 0, 0),
(11, 3, 13, 2, 8, 153.01, 0, 0, 0),
(11, 3, 13, 3, 8, 153.01, 0, 0, 0),
(11, 3, 17, 1, 8, 500, 0, 0, 0),
(11, 3, 17, 2, 8, 500, 0, 0, 0),
(11, 3, 17, 3, 8, 1050, 0, 0, 0),
(12, 1, 1, 1, 1, 0, 0, 0, 0),
(12, 1, 1, 2, 1, 0, 0, 0, 0),
(12, 1, 1, 3, 1, 0, 0, 0, 0),
(12, 1, 3, 1, 8, 0, 0, 0, 1),
(12, 1, 3, 2, 8, 0, 0, 0, 1),
(12, 1, 3, 3, 8, 0, 0, 0, 1),
(12, 1, 4, 1, 8, 628.8, 12000, 0, 1),
(12, 1, 4, 2, 8, 670, 12000, 0, 1),
(12, 1, 4, 3, 8, 853.4, 12000, 0, 1),
(12, 1, 5, 1, 3, 6.5, 44619, 0, 0),
(12, 1, 5, 2, 3, 7.5, 44619, 0, 0),
(12, 1, 5, 3, 3, 7.5, 44619, 0, 0),
(12, 1, 6, 1, 8, 0, 35631, 0, 1),
(12, 1, 6, 2, 8, 0, 35631, 0, 1),
(12, 1, 6, 3, 8, 0, 35631, 0, 1),
(12, 1, 7, 1, 8, 122.06, 200000, 0, 0),
(12, 1, 7, 2, 8, 122.06, 200000, 0, 0),
(12, 1, 7, 3, 8, 140.84, 200000, 0, 0),
(12, 1, 8, 1, 8, 150, 30000, 0, 0),
(12, 1, 8, 2, 8, 150, 30000, 0, 0),
(12, 1, 8, 3, 8, 150, 30000, 0, 0),
(12, 1, 9, 1, 8, 548.25, 50000, 0, 0),
(12, 1, 9, 2, 8, 548.25, 50000, 0, 0),
(12, 1, 9, 3, 8, 492.15, 50000, 0, 0),
(12, 1, 10, 1, 8, 0, 15000, 0, 1),
(12, 1, 10, 2, 8, 0, 15000, 0, 1),
(12, 1, 10, 3, 8, 0, 15000, 0, 1),
(12, 1, 11, 1, 8, 0, 15000, 0, 1),
(12, 1, 11, 2, 8, 0, 15000, 0, 1),
(12, 1, 11, 3, 8, 0, 15000, 0, 1),
(12, 1, 17, 1, 9, 570, 0, 0, 0),
(12, 1, 17, 2, 9, 570, 0, 0, 0),
(12, 1, 17, 3, 9, 570, 0, 0, 0),
(12, 2, 2, 1, 1, 0, 0, 0, 0),
(12, 2, 2, 2, 1, 0, 0, 0, 0),
(12, 2, 2, 3, 1, 0, 0, 0, 0),
(12, 2, 3, 1, 8, 0, 0, 0, 1),
(12, 2, 3, 2, 8, 0, 0, 0, 1),
(12, 2, 3, 3, 8, 0, 0, 0, 1),
(12, 2, 4, 1, 8, 628.8, 0, 0, 1),
(12, 2, 4, 2, 8, 670, 0, 0, 1),
(12, 2, 4, 3, 8, 853.4, 0, 0, 1),
(12, 2, 5, 1, 3, 6.5, 44619, 0, 0),
(12, 2, 5, 2, 3, 7.5, 44619, 0, 0),
(12, 2, 5, 3, 3, 7.5, 44619, 0, 0),
(12, 2, 6, 1, 8, 0, 35631, 0, 1),
(12, 2, 6, 2, 8, 0, 35631, 0, 1),
(12, 2, 6, 3, 8, 0, 35631, 0, 1),
(12, 2, 7, 1, 8, 67.22, 100000, 0, 0),
(12, 2, 7, 2, 8, 67.22, 100000, 0, 0),
(12, 2, 7, 3, 8, 77.56, 100000, 0, 0),
(12, 2, 8, 1, 8, 150, 30000, 0, 0),
(12, 2, 8, 2, 8, 150, 30000, 0, 0),
(12, 2, 8, 3, 8, 150, 30000, 0, 0),
(12, 2, 9, 1, 8, 548.25, 50000, 0, 0),
(12, 2, 9, 2, 8, 548.25, 50000, 0, 0),
(12, 2, 9, 3, 8, 492.15, 50000, 0, 0),
(12, 2, 10, 1, 8, 0, 15000, 0, 1),
(12, 2, 10, 2, 8, 0, 15000, 0, 1),
(12, 2, 10, 3, 8, 0, 15000, 0, 1),
(12, 2, 11, 1, 8, 0, 15000, 0, 1),
(12, 2, 11, 2, 8, 0, 15000, 0, 1),
(12, 2, 11, 3, 8, 0, 15000, 0, 1),
(12, 2, 17, 1, 9, 570, 0, 0, 0),
(12, 2, 17, 2, 9, 570, 0, 0, 0),
(12, 2, 17, 3, 9, 570, 0, 0, 0),
(12, 3, 5, 1, 3, 6.5, 44619, 0, 0),
(12, 3, 5, 2, 3, 7.5, 44619, 0, 0),
(12, 3, 5, 3, 3, 7.5, 44619, 0, 0),
(12, 3, 6, 1, 8, 0, 35631, 0, 1),
(12, 3, 6, 2, 8, 0, 35631, 0, 1),
(12, 3, 6, 3, 8, 0, 35631, 0, 1),
(12, 3, 7, 1, 8, 67.22, 100000, 0, 0),
(12, 3, 7, 2, 8, 67.22, 100000, 0, 0),
(12, 3, 7, 3, 8, 77.56, 100000, 0, 0),
(12, 3, 8, 1, 8, 150, 30000, 0, 0),
(12, 3, 8, 2, 8, 150, 30000, 0, 0),
(12, 3, 8, 3, 8, 150, 30000, 0, 0),
(12, 3, 9, 1, 8, 548.25, 50000, 0, 0),
(12, 3, 9, 2, 8, 548.25, 50000, 0, 0),
(12, 3, 9, 3, 8, 492.15, 50000, 0, 0),
(12, 3, 10, 1, 8, 0, 15000, 0, 1),
(12, 3, 10, 2, 8, 0, 15000, 0, 1),
(12, 3, 10, 3, 8, 0, 15000, 0, 1),
(12, 3, 11, 1, 8, 0, 15000, 0, 1),
(12, 3, 11, 2, 8, 0, 15000, 0, 1),
(12, 3, 11, 3, 8, 0, 15000, 0, 1),
(12, 3, 17, 1, 9, 570, 0, 0, 0),
(12, 3, 17, 2, 9, 570, 0, 0, 0),
(12, 3, 17, 3, 9, 570, 0, 0, 0);

-- --------------------------------------------------------

--
-- Table structure for table `tbl_segmentacion`
--

CREATE TABLE IF NOT EXISTS `tbl_segmentacion` (
  `id_convenio_as` bigint(20) NOT NULL,
  `id_estado_civil` tinyint(4) NOT NULL,
  `id_sexo` tinyint(4) NOT NULL,
  `edad` int(11) NOT NULL,
  `tasa` double NOT NULL,
  PRIMARY KEY (`id_convenio_as`,`id_estado_civil`,`id_sexo`,`edad`),
  KEY `id_estado_civil` (`id_estado_civil`),
  KEY `id_sexo` (`id_sexo`)
) ENGINE=InnoDB DEFAULT CHARSET=latin1;

--
-- Dumping data for table `tbl_segmentacion`
--

INSERT INTO `tbl_segmentacion` (`id_convenio_as`, `id_estado_civil`, `id_sexo`, `edad`, `tasa`) VALUES
(2, 1, 1, 18, 7),
(2, 1, 1, 19, 7),
(2, 1, 1, 20, 7),
(2, 1, 1, 21, 7),
(2, 1, 1, 22, 7),
(2, 1, 1, 23, 7),
(2, 1, 1, 24, 7),
(2, 1, 1, 25, 7),
(2, 1, 1, 26, 0),
(2, 1, 1, 27, 0),
(2, 1, 1, 28, 0),
(2, 1, 1, 29, 0),
(2, 1, 1, 30, 0),
(2, 1, 1, 31, -10),
(2, 1, 1, 32, -10),
(2, 1, 1, 33, -10),
(2, 1, 1, 34, -10),
(2, 1, 1, 35, -10),
(2, 1, 1, 36, -10),
(2, 1, 1, 37, -10),
(2, 1, 1, 38, -10),
(2, 1, 1, 39, -10),
(2, 1, 1, 40, -10),
(2, 1, 1, 41, -12),
(2, 1, 1, 42, -12),
(2, 1, 1, 43, -12),
(2, 1, 1, 44, -12),
(2, 1, 1, 45, -12),
(2, 1, 1, 46, -12),
(2, 1, 1, 47, -12),
(2, 1, 1, 48, -12),
(2, 1, 1, 49, -12),
(2, 1, 1, 50, -12),
(2, 1, 1, 51, -15),
(2, 1, 1, 52, -15),
(2, 1, 1, 53, -15),
(2, 1, 1, 54, -15),
(2, 1, 1, 55, -15),
(2, 1, 1, 56, -15),
(2, 1, 1, 57, -15),
(2, 1, 1, 58, -15),
(2, 1, 1, 59, -15),
(2, 1, 1, 60, -15),
(2, 1, 1, 61, -15),
(2, 1, 1, 62, -15),
(2, 1, 1, 63, -15),
(2, 1, 1, 64, -15),
(2, 1, 1, 65, -15),
(2, 1, 1, 66, -15),
(2, 1, 1, 67, -15),
(2, 1, 1, 68, -15),
(2, 1, 1, 69, -15),
(2, 1, 1, 70, -15),
(2, 1, 1, 71, -15),
(2, 1, 1, 72, -15),
(2, 1, 1, 73, -15),
(2, 1, 1, 74, -15),
(2, 1, 1, 75, -15),
(2, 1, 1, 76, -15),
(2, 1, 1, 77, -15),
(2, 1, 1, 78, -15),
(2, 1, 1, 79, -15),
(2, 1, 1, 80, -15),
(2, 1, 1, 81, -15),
(2, 1, 1, 82, -15),
(2, 1, 1, 83, -15),
(2, 1, 1, 84, -15),
(2, 1, 1, 85, -15),
(2, 1, 1, 86, -15),
(2, 1, 1, 87, -15),
(2, 1, 1, 88, -15),
(2, 1, 1, 89, -15),
(2, 1, 1, 90, -15),
(2, 1, 1, 91, -15),
(2, 1, 1, 92, -15),
(2, 1, 1, 93, -15),
(2, 1, 1, 94, -15),
(2, 1, 1, 95, -15),
(2, 1, 2, 18, 12),
(2, 1, 2, 19, 12),
(2, 1, 2, 20, 12),
(2, 1, 2, 21, 12),
(2, 1, 2, 22, 12),
(2, 1, 2, 23, 12),
(2, 1, 2, 24, 12),
(2, 1, 2, 25, 12),
(2, 1, 2, 26, 7),
(2, 1, 2, 27, 7),
(2, 1, 2, 28, 7),
(2, 1, 2, 29, 7),
(2, 1, 2, 30, 7),
(2, 1, 2, 31, 0),
(2, 1, 2, 32, 0),
(2, 1, 2, 33, 0),
(2, 1, 2, 34, 0),
(2, 1, 2, 35, 0),
(2, 1, 2, 36, 0),
(2, 1, 2, 37, 0),
(2, 1, 2, 38, 0),
(2, 1, 2, 39, 0),
(2, 1, 2, 40, 0),
(2, 1, 2, 41, -10),
(2, 1, 2, 42, -10),
(2, 1, 2, 43, -10),
(2, 1, 2, 44, -10),
(2, 1, 2, 45, -10),
(2, 1, 2, 46, -10),
(2, 1, 2, 47, -10),
(2, 1, 2, 48, -10),
(2, 1, 2, 49, -10),
(2, 1, 2, 50, -10),
(2, 1, 2, 51, -12),
(2, 1, 2, 52, -12),
(2, 1, 2, 53, -12),
(2, 1, 2, 54, -12),
(2, 1, 2, 55, -12),
(2, 1, 2, 56, -12),
(2, 1, 2, 57, -12),
(2, 1, 2, 58, -12),
(2, 1, 2, 59, -12),
(2, 1, 2, 60, -12),
(2, 1, 2, 61, -15),
(2, 1, 2, 62, -15),
(2, 1, 2, 63, -15),
(2, 1, 2, 64, -15),
(2, 1, 2, 65, -15),
(2, 1, 2, 66, -15),
(2, 1, 2, 67, -15),
(2, 1, 2, 68, -15),
(2, 1, 2, 69, -15),
(2, 1, 2, 70, -15),
(2, 1, 2, 71, -15),
(2, 1, 2, 72, -15),
(2, 1, 2, 73, -15),
(2, 1, 2, 74, -15),
(2, 1, 2, 75, -15),
(2, 1, 2, 76, -15),
(2, 1, 2, 77, -15),
(2, 1, 2, 78, -15),
(2, 1, 2, 79, -15),
(2, 1, 2, 80, -15),
(2, 1, 2, 81, -15),
(2, 1, 2, 82, -15),
(2, 1, 2, 83, -15),
(2, 1, 2, 84, -15),
(2, 1, 2, 85, -15),
(2, 1, 2, 86, -15),
(2, 1, 2, 87, -15),
(2, 1, 2, 88, -15),
(2, 1, 2, 89, -15),
(2, 1, 2, 90, -15),
(2, 1, 2, 91, -15),
(2, 1, 2, 92, -15),
(2, 1, 2, 93, -15),
(2, 1, 2, 94, -15),
(2, 1, 2, 95, -15),
(2, 2, 1, 18, 10),
(2, 2, 1, 19, 10),
(2, 2, 1, 20, 10),
(2, 2, 1, 21, 10),
(2, 2, 1, 22, 10),
(2, 2, 1, 23, 10),
(2, 2, 1, 24, 10),
(2, 2, 1, 25, 10),
(2, 2, 1, 26, 7),
(2, 2, 1, 27, 7),
(2, 2, 1, 28, 7),
(2, 2, 1, 29, 7),
(2, 2, 1, 30, 7),
(2, 2, 1, 31, -5),
(2, 2, 1, 32, -5),
(2, 2, 1, 33, -5),
(2, 2, 1, 34, -5),
(2, 2, 1, 35, -5),
(2, 2, 1, 36, -5),
(2, 2, 1, 37, -5),
(2, 2, 1, 38, -5),
(2, 2, 1, 39, -5),
(2, 2, 1, 40, -5),
(2, 2, 1, 41, -7),
(2, 2, 1, 42, -7),
(2, 2, 1, 43, -7),
(2, 2, 1, 44, -7),
(2, 2, 1, 45, -7),
(2, 2, 1, 46, -7),
(2, 2, 1, 47, -7),
(2, 2, 1, 48, -7),
(2, 2, 1, 49, -7),
(2, 2, 1, 50, -7),
(2, 2, 1, 51, -10),
(2, 2, 1, 52, -10),
(2, 2, 1, 53, -10),
(2, 2, 1, 54, -10),
(2, 2, 1, 55, -10),
(2, 2, 1, 56, -10),
(2, 2, 1, 57, -10),
(2, 2, 1, 58, -10),
(2, 2, 1, 59, -10),
(2, 2, 1, 60, -10),
(2, 2, 1, 61, -10),
(2, 2, 1, 62, -10),
(2, 2, 1, 63, -10),
(2, 2, 1, 64, -10),
(2, 2, 1, 65, -10),
(2, 2, 1, 66, -10),
(2, 2, 1, 67, -10),
(2, 2, 1, 68, -10),
(2, 2, 1, 69, -10),
(2, 2, 1, 70, -10),
(2, 2, 1, 71, -10),
(2, 2, 1, 72, -10),
(2, 2, 1, 73, -10),
(2, 2, 1, 74, -10),
(2, 2, 1, 75, -10),
(2, 2, 1, 76, -10),
(2, 2, 1, 77, -10),
(2, 2, 1, 78, -10),
(2, 2, 1, 79, -10),
(2, 2, 1, 80, -10),
(2, 2, 1, 81, -10),
(2, 2, 1, 82, -10),
(2, 2, 1, 83, -10),
(2, 2, 1, 84, -10),
(2, 2, 1, 85, -10),
(2, 2, 1, 86, -10),
(2, 2, 1, 87, -10),
(2, 2, 1, 88, -10),
(2, 2, 1, 89, -10),
(2, 2, 1, 90, -10),
(2, 2, 1, 91, -10),
(2, 2, 1, 92, -10),
(2, 2, 1, 93, -10),
(2, 2, 1, 94, -10),
(2, 2, 1, 95, -10),
(2, 2, 2, 18, 17),
(2, 2, 2, 19, 17),
(2, 2, 2, 20, 17),
(2, 2, 2, 21, 17),
(2, 2, 2, 22, 17),
(2, 2, 2, 23, 17),
(2, 2, 2, 24, 17),
(2, 2, 2, 25, 17),
(2, 2, 2, 26, 12),
(2, 2, 2, 27, 12),
(2, 2, 2, 28, 12),
(2, 2, 2, 29, 12),
(2, 2, 2, 30, 12),
(2, 2, 2, 31, 7),
(2, 2, 2, 32, 7),
(2, 2, 2, 33, 7),
(2, 2, 2, 34, 7),
(2, 2, 2, 35, 7),
(2, 2, 2, 36, 7),
(2, 2, 2, 37, 7),
(2, 2, 2, 38, 7),
(2, 2, 2, 39, 7),
(2, 2, 2, 40, 7),
(2, 2, 2, 41, 0),
(2, 2, 2, 42, 0),
(2, 2, 2, 43, 0),
(2, 2, 2, 44, 0),
(2, 2, 2, 45, 0),
(2, 2, 2, 46, 0),
(2, 2, 2, 47, 0),
(2, 2, 2, 48, 0),
(2, 2, 2, 49, 0),
(2, 2, 2, 50, 0),
(2, 2, 2, 51, 0),
(2, 2, 2, 52, 0),
(2, 2, 2, 53, 0),
(2, 2, 2, 54, 0),
(2, 2, 2, 55, 0),
(2, 2, 2, 56, 0),
(2, 2, 2, 57, 0),
(2, 2, 2, 58, 0),
(2, 2, 2, 59, 0),
(2, 2, 2, 60, 0),
(2, 2, 2, 61, 0),
(2, 2, 2, 62, 0),
(2, 2, 2, 63, 0),
(2, 2, 2, 64, 0),
(2, 2, 2, 65, 0),
(2, 2, 2, 66, 0),
(2, 2, 2, 67, 0),
(2, 2, 2, 68, 0),
(2, 2, 2, 69, 0),
(2, 2, 2, 70, 0),
(2, 2, 2, 71, 0),
(2, 2, 2, 72, 0),
(2, 2, 2, 73, 0),
(2, 2, 2, 74, 0),
(2, 2, 2, 75, 0),
(2, 2, 2, 76, 0),
(2, 2, 2, 77, 0),
(2, 2, 2, 78, 0),
(2, 2, 2, 79, 0),
(2, 2, 2, 80, 0),
(2, 2, 2, 81, 0),
(2, 2, 2, 82, 0),
(2, 2, 2, 83, 0),
(2, 2, 2, 84, 0),
(2, 2, 2, 85, 0),
(2, 2, 2, 86, 0),
(2, 2, 2, 87, 0),
(2, 2, 2, 88, 0),
(2, 2, 2, 89, 0),
(2, 2, 2, 90, 0),
(2, 2, 2, 91, 0),
(2, 2, 2, 92, 0),
(2, 2, 2, 93, 0),
(2, 2, 2, 94, 0),
(2, 2, 2, 95, 0),
(3, 1, 1, 18, 13),
(3, 1, 1, 19, 10),
(3, 1, 1, 20, 10),
(3, 1, 1, 21, 10),
(3, 1, 1, 22, 8),
(3, 1, 1, 23, 8),
(3, 1, 1, 24, 8),
(3, 1, 1, 25, 6),
(3, 1, 1, 26, 6),
(3, 1, 1, 27, 6),
(3, 1, 1, 28, 3),
(3, 1, 1, 29, 3),
(3, 1, 1, 30, 3),
(3, 1, 1, 31, 1),
(3, 1, 1, 32, 1),
(3, 1, 1, 33, 1),
(3, 1, 1, 34, -1),
(3, 1, 1, 35, -1),
(3, 1, 1, 36, -1),
(3, 1, 1, 37, -3),
(3, 1, 1, 38, -3),
(3, 1, 1, 39, -3),
(3, 1, 1, 40, -5),
(3, 1, 1, 41, -5),
(3, 1, 1, 42, -5),
(3, 1, 1, 43, -7),
(3, 1, 1, 44, -7),
(3, 1, 1, 45, -7),
(3, 1, 1, 46, -9),
(3, 1, 1, 47, -9),
(3, 1, 1, 48, -9),
(3, 1, 1, 49, -12),
(3, 1, 1, 50, -12),
(3, 1, 1, 51, -12),
(3, 1, 1, 52, -12),
(3, 1, 1, 53, -12),
(3, 1, 1, 54, -12),
(3, 1, 1, 55, -15),
(3, 1, 1, 56, -15),
(3, 1, 1, 57, -15),
(3, 1, 1, 58, -16),
(3, 1, 1, 59, -16),
(3, 1, 1, 60, -16),
(3, 1, 1, 61, -17),
(3, 1, 1, 62, -17),
(3, 1, 1, 63, -17),
(3, 1, 1, 64, -15),
(3, 1, 1, 65, -15),
(3, 1, 1, 66, -15),
(3, 1, 1, 67, -13),
(3, 1, 1, 68, -13),
(3, 1, 1, 69, -13),
(3, 1, 2, 18, 16),
(3, 1, 2, 19, 13),
(3, 1, 2, 20, 13),
(3, 1, 2, 21, 13),
(3, 1, 2, 22, 11),
(3, 1, 2, 23, 11),
(3, 1, 2, 24, 11),
(3, 1, 2, 25, 9),
(3, 1, 2, 26, 9),
(3, 1, 2, 27, 9),
(3, 1, 2, 28, 6),
(3, 1, 2, 29, 6),
(3, 1, 2, 30, 6),
(3, 1, 2, 31, 4),
(3, 1, 2, 32, 4),
(3, 1, 2, 33, 4),
(3, 1, 2, 34, 2),
(3, 1, 2, 35, 2),
(3, 1, 2, 36, 2),
(3, 1, 2, 37, -1),
(3, 1, 2, 38, -1),
(3, 1, 2, 39, -1),
(3, 1, 2, 40, -3),
(3, 1, 2, 41, -3),
(3, 1, 2, 42, -3),
(3, 1, 2, 43, -4),
(3, 1, 2, 44, -4),
(3, 1, 2, 45, -4),
(3, 1, 2, 46, -6),
(3, 1, 2, 47, -6),
(3, 1, 2, 48, -6),
(3, 1, 2, 49, -9),
(3, 1, 2, 50, -9),
(3, 1, 2, 51, -9),
(3, 1, 2, 52, -10),
(3, 1, 2, 53, -10),
(3, 1, 2, 54, -10),
(3, 1, 2, 55, -12),
(3, 1, 2, 56, -12),
(3, 1, 2, 57, -12),
(3, 1, 2, 58, -14),
(3, 1, 2, 59, -14),
(3, 1, 2, 60, -14),
(3, 1, 2, 61, -15),
(3, 1, 2, 62, -15),
(3, 1, 2, 63, -15),
(3, 1, 2, 64, -12),
(3, 1, 2, 65, -12),
(3, 1, 2, 66, -12),
(3, 1, 2, 67, -10),
(3, 1, 2, 68, -10),
(3, 1, 2, 69, -10),
(3, 2, 1, 18, 27),
(3, 2, 1, 19, 24),
(3, 2, 1, 20, 24),
(3, 2, 1, 21, 24),
(3, 2, 1, 22, 21),
(3, 2, 1, 23, 21),
(3, 2, 1, 24, 21),
(3, 2, 1, 25, 19),
(3, 2, 1, 26, 19),
(3, 2, 1, 27, 19),
(3, 2, 1, 28, 16),
(3, 2, 1, 29, 16),
(3, 2, 1, 30, 16),
(3, 2, 1, 31, 14),
(3, 2, 1, 32, 14),
(3, 2, 1, 33, 14),
(3, 2, 1, 34, 11),
(3, 2, 1, 35, 11),
(3, 2, 1, 36, 11),
(3, 2, 1, 37, 8),
(3, 2, 1, 38, 8),
(3, 2, 1, 39, 8),
(3, 2, 1, 40, 6),
(3, 2, 1, 41, 6),
(3, 2, 1, 42, 6),
(3, 2, 1, 43, 4),
(3, 2, 1, 44, 4),
(3, 2, 1, 45, 4),
(3, 2, 1, 46, 2),
(3, 2, 1, 47, 2),
(3, 2, 1, 48, 2),
(3, 2, 1, 49, -1),
(3, 2, 1, 50, -1),
(3, 2, 1, 51, -1),
(3, 2, 1, 52, -2),
(3, 2, 1, 53, -2),
(3, 2, 1, 54, -2),
(3, 2, 1, 55, -4),
(3, 2, 1, 56, -4),
(3, 2, 1, 57, -4),
(3, 2, 1, 58, -6),
(3, 2, 1, 59, -6),
(3, 2, 1, 60, -6),
(3, 2, 1, 61, -7),
(3, 2, 1, 62, -7),
(3, 2, 1, 63, -7),
(3, 2, 1, 64, -4),
(3, 2, 1, 65, -4),
(3, 2, 1, 66, -4),
(3, 2, 1, 67, -2),
(3, 2, 1, 68, -2),
(3, 2, 1, 69, -2),
(3, 2, 2, 18, 30),
(3, 2, 2, 19, 27),
(3, 2, 2, 20, 27),
(3, 2, 2, 21, 27),
(3, 2, 2, 22, 25),
(3, 2, 2, 23, 25),
(3, 2, 2, 24, 25),
(3, 2, 2, 25, 22),
(3, 2, 2, 26, 22),
(3, 2, 2, 27, 22),
(3, 2, 2, 28, 19),
(3, 2, 2, 29, 19),
(3, 2, 2, 30, 19),
(3, 2, 2, 31, 17),
(3, 2, 2, 32, 17),
(3, 2, 2, 33, 17),
(3, 2, 2, 34, 14),
(3, 2, 2, 35, 14),
(3, 2, 2, 36, 14),
(3, 2, 2, 37, 11),
(3, 2, 2, 38, 11),
(3, 2, 2, 39, 11),
(3, 2, 2, 40, 9),
(3, 2, 2, 41, 9),
(3, 2, 2, 42, 9),
(3, 2, 2, 43, 7),
(3, 2, 2, 44, 7),
(3, 2, 2, 45, 7),
(3, 2, 2, 46, 5),
(3, 2, 2, 47, 5),
(3, 2, 2, 48, 5),
(3, 2, 2, 49, 2),
(3, 2, 2, 50, 2),
(3, 2, 2, 51, 2),
(3, 2, 2, 52, 1),
(3, 2, 2, 53, 1),
(3, 2, 2, 54, 1),
(3, 2, 2, 55, -2),
(3, 2, 2, 56, -2),
(3, 2, 2, 57, -2),
(3, 2, 2, 58, -4),
(3, 2, 2, 59, -4),
(3, 2, 2, 60, -4),
(3, 2, 2, 61, -4),
(3, 2, 2, 62, -4),
(3, 2, 2, 63, -4),
(3, 2, 2, 64, -2),
(3, 2, 2, 65, -2),
(3, 2, 2, 66, -2),
(3, 2, 2, 67, 0),
(3, 2, 2, 68, 0),
(3, 2, 2, 69, 0);

-- --------------------------------------------------------

--
-- Table structure for table `tbl_sexo`
--

CREATE TABLE IF NOT EXISTS `tbl_sexo` (
  `id` tinyint(4) NOT NULL AUTO_INCREMENT,
  `descripcion` varchar(50) NOT NULL,
  PRIMARY KEY (`id`)
) ENGINE=InnoDB  DEFAULT CHARSET=latin1 AUTO_INCREMENT=3 ;

--
-- Dumping data for table `tbl_sexo`
--

INSERT INTO `tbl_sexo` (`id`, `descripcion`) VALUES
(1, 'FEMENINO'),
(2, 'MASCULINO');

-- --------------------------------------------------------

--
-- Table structure for table `tbl_tasa_casco`
--

CREATE TABLE IF NOT EXISTS `tbl_tasa_casco` (
  `id_convenio_as` bigint(20) NOT NULL,
  `id_tipo_co` tinyint(4) NOT NULL,
  `clasificacion` varchar(10) NOT NULL,
  `tipo_carro` tinyint(4) NOT NULL,
  `ano` int(11) NOT NULL,
  `tasa` double NOT NULL,
  PRIMARY KEY (`id_convenio_as`,`id_tipo_co`,`clasificacion`,`tipo_carro`,`ano`),
  KEY `id_tipo_co` (`id_tipo_co`),
  KEY `tipo_carro` (`tipo_carro`)
) ENGINE=InnoDB DEFAULT CHARSET=latin1;

--
-- Dumping data for table `tbl_tasa_casco`
--

INSERT INTO `tbl_tasa_casco` (`id_convenio_as`, `id_tipo_co`, `clasificacion`, `tipo_carro`, `ano`, `tasa`) VALUES
(1, 1, 'A', 1, 1991, 11.9),
(1, 1, 'A', 1, 1992, 11.9),
(1, 1, 'A', 1, 1993, 11.9),
(1, 1, 'A', 1, 1994, 11.9),
(1, 1, 'A', 1, 1995, 10.53),
(1, 1, 'A', 1, 1996, 10.53),
(1, 1, 'A', 1, 1997, 10.53),
(1, 1, 'A', 1, 1998, 9.1),
(1, 1, 'A', 1, 1999, 9.1),
(1, 1, 'A', 1, 2000, 9.1),
(1, 1, 'A', 1, 2001, 8.02),
(1, 1, 'A', 1, 2002, 8.02),
(1, 1, 'A', 1, 2003, 8.02),
(1, 1, 'A', 1, 2004, 5.61),
(1, 1, 'A', 1, 2005, 5.61),
(1, 1, 'A', 1, 2006, 5.61),
(1, 1, 'A', 1, 2007, 4.69),
(1, 1, 'A', 1, 2008, 4.69),
(1, 1, 'A', 1, 2009, 4.27),
(1, 1, 'A', 1, 2010, 4.27),
(1, 1, 'A', 1, 2011, 4.27),
(1, 1, 'A', 1, 2012, 4.27),
(1, 1, 'A', 1, 2013, 4.27),
(1, 1, 'A', 1, 2014, 4.27),
(1, 1, 'A', 2, 1991, 11.47),
(1, 1, 'A', 2, 1992, 11.47),
(1, 1, 'A', 2, 1993, 11.47),
(1, 1, 'A', 2, 1994, 11.47),
(1, 1, 'A', 2, 1995, 10.14),
(1, 1, 'A', 2, 1996, 10.14),
(1, 1, 'A', 2, 1997, 10.14),
(1, 1, 'A', 2, 1998, 8.81),
(1, 1, 'A', 2, 1999, 8.81),
(1, 1, 'A', 2, 2000, 8.81),
(1, 1, 'A', 2, 2001, 7.68),
(1, 1, 'A', 2, 2002, 7.68),
(1, 1, 'A', 2, 2003, 7.68),
(1, 1, 'A', 2, 2004, 5.95),
(1, 1, 'A', 2, 2005, 5.95),
(1, 1, 'A', 2, 2006, 5.95),
(1, 1, 'A', 2, 2007, 4.89),
(1, 1, 'A', 2, 2008, 4.89),
(1, 1, 'A', 2, 2009, 4.12),
(1, 1, 'A', 2, 2010, 4.12),
(1, 1, 'A', 2, 2011, 4.12),
(1, 1, 'A', 2, 2012, 4.12),
(1, 1, 'A', 2, 2013, 4.12),
(1, 1, 'A', 2, 2014, 4.12),
(1, 1, 'A', 3, 2006, 4.56),
(1, 1, 'B', 1, 1991, 11.93),
(1, 1, 'B', 1, 1992, 11.93),
(1, 1, 'B', 1, 1993, 11.93),
(1, 1, 'B', 1, 1994, 11.93),
(1, 1, 'B', 1, 1995, 10.63),
(1, 1, 'B', 1, 1996, 10.63),
(1, 1, 'B', 1, 1997, 10.63),
(1, 1, 'B', 1, 1998, 8.63),
(1, 1, 'B', 1, 1999, 8.63),
(1, 1, 'B', 1, 2000, 8.63),
(1, 1, 'B', 1, 2001, 8.4),
(1, 1, 'B', 1, 2002, 8.4),
(1, 1, 'B', 1, 2003, 8.4),
(1, 1, 'B', 1, 2004, 7.25),
(1, 1, 'B', 1, 2005, 7.25),
(1, 1, 'B', 1, 2006, 7.25),
(1, 1, 'B', 1, 2007, 6.72),
(1, 1, 'B', 1, 2008, 6.72),
(1, 1, 'B', 1, 2009, 6.05),
(1, 1, 'B', 1, 2010, 6.05),
(1, 1, 'B', 1, 2011, 6.05),
(1, 1, 'B', 1, 2012, 6.05),
(1, 1, 'B', 1, 2013, 6.05),
(1, 1, 'B', 1, 2014, 6.05),
(1, 1, 'B', 2, 1991, 14.74),
(1, 1, 'B', 2, 1992, 14.74),
(1, 1, 'B', 2, 1993, 14.74),
(1, 1, 'B', 2, 1994, 14.74),
(1, 1, 'B', 2, 1995, 12.67),
(1, 1, 'B', 2, 1996, 12.67),
(1, 1, 'B', 2, 1997, 12.67),
(1, 1, 'B', 2, 1998, 11.02),
(1, 1, 'B', 2, 1999, 11.02),
(1, 1, 'B', 2, 2000, 11.02),
(1, 1, 'B', 2, 2001, 9.2),
(1, 1, 'B', 2, 2002, 9.2),
(1, 1, 'B', 2, 2003, 9.2),
(1, 1, 'B', 2, 2004, 7.62),
(1, 1, 'B', 2, 2005, 7.62),
(1, 1, 'B', 2, 2006, 7.62),
(1, 1, 'B', 2, 2007, 6.61),
(1, 1, 'B', 2, 2008, 6.61),
(1, 1, 'B', 2, 2009, 5.96),
(1, 1, 'B', 2, 2010, 5.96),
(1, 1, 'B', 2, 2011, 5.96),
(1, 1, 'B', 2, 2012, 5.96),
(1, 1, 'B', 2, 2013, 5.96),
(1, 1, 'B', 2, 2014, 5.96),
(1, 1, 'C', 1, 2001, 10.5),
(1, 1, 'C', 1, 2002, 10.5),
(1, 1, 'C', 1, 2003, 10.5),
(1, 1, 'C', 1, 2004, 10.2),
(1, 1, 'C', 1, 2005, 10.2),
(1, 1, 'C', 1, 2006, 10.2),
(1, 1, 'C', 1, 2007, 9.41),
(1, 1, 'C', 1, 2008, 9.41),
(1, 1, 'C', 1, 2009, 8.46),
(1, 1, 'C', 1, 2010, 8.46),
(1, 1, 'C', 1, 2011, 8.46),
(1, 1, 'C', 1, 2012, 8.46),
(1, 1, 'C', 1, 2013, 8.46),
(1, 1, 'C', 1, 2014, 8.46),
(1, 1, 'TODOS', 3, 1991, 14.86),
(1, 1, 'TODOS', 3, 1992, 14.86),
(1, 1, 'TODOS', 3, 1993, 14.86),
(1, 1, 'TODOS', 3, 1994, 14.86),
(1, 1, 'TODOS', 3, 1995, 12.83),
(1, 1, 'TODOS', 3, 1996, 12.83),
(1, 1, 'TODOS', 3, 1997, 12.83),
(1, 1, 'TODOS', 3, 1998, 9.89),
(1, 1, 'TODOS', 3, 1999, 9.89),
(1, 1, 'TODOS', 3, 2000, 9.89),
(1, 1, 'TODOS', 3, 2001, 8.97),
(1, 1, 'TODOS', 3, 2002, 8.97),
(1, 1, 'TODOS', 3, 2003, 8.97),
(1, 1, 'TODOS', 3, 2004, 7.43),
(1, 1, 'TODOS', 3, 2005, 7.43),
(1, 1, 'TODOS', 3, 2006, 7.43),
(1, 1, 'TODOS', 3, 2007, 6.95),
(1, 1, 'TODOS', 3, 2008, 6.95),
(1, 1, 'TODOS', 3, 2009, 6.26),
(1, 1, 'TODOS', 3, 2010, 6.26),
(1, 1, 'TODOS', 3, 2011, 6.26),
(1, 1, 'TODOS', 3, 2012, 6.26),
(1, 1, 'TODOS', 3, 2013, 6.26),
(1, 1, 'TODOS', 3, 2014, 6.26),
(1, 2, 'A', 1, 2006, 3.93),
(1, 2, 'A', 1, 2007, 3.28),
(1, 2, 'A', 1, 2008, 3.28),
(1, 2, 'A', 1, 2009, 2.99),
(1, 2, 'A', 1, 2010, 2.99),
(1, 2, 'A', 1, 2011, 2.99),
(1, 2, 'A', 1, 2012, 2.99),
(1, 2, 'A', 1, 2013, 2.99),
(1, 2, 'A', 1, 2014, 2.99),
(2, 1, 'A', 1, 1998, 10.87),
(2, 1, 'A', 1, 1999, 10.35),
(2, 1, 'A', 1, 2000, 9.86),
(2, 1, 'A', 1, 2001, 9.39),
(2, 1, 'A', 1, 2002, 8.94),
(2, 1, 'A', 1, 2003, 8.51),
(2, 1, 'A', 1, 2004, 7.63),
(2, 1, 'A', 1, 2005, 7.09),
(2, 1, 'A', 1, 2006, 6.2),
(2, 1, 'A', 1, 2007, 5.41),
(2, 1, 'A', 1, 2008, 4.73),
(2, 1, 'A', 1, 2009, 4.53),
(2, 1, 'A', 1, 2010, 4.43),
(2, 1, 'A', 1, 2011, 4.33),
(2, 1, 'A', 1, 2012, 4.28),
(2, 1, 'A', 1, 2013, 3.99),
(2, 1, 'A', 2, 1998, 13.3),
(2, 1, 'A', 2, 1999, 12.67),
(2, 1, 'A', 2, 2000, 12.07),
(2, 1, 'A', 2, 2001, 11.49),
(2, 1, 'A', 2, 2002, 10.94),
(2, 1, 'A', 2, 2003, 10.42),
(2, 1, 'A', 2, 2004, 9.66),
(2, 1, 'A', 2, 2005, 9.08),
(2, 1, 'A', 2, 2006, 6.73),
(2, 1, 'A', 2, 2007, 6.04),
(2, 1, 'A', 2, 2008, 5.36),
(2, 1, 'A', 2, 2009, 5.13),
(2, 1, 'A', 2, 2010, 4.82),
(2, 1, 'A', 2, 2011, 4.51),
(2, 1, 'A', 2, 2012, 3.85),
(2, 1, 'A', 2, 2013, 3.63),
(2, 1, 'A', 3, 1998, 17.19),
(2, 1, 'A', 3, 1999, 16.37),
(2, 1, 'A', 3, 2000, 15.59),
(2, 1, 'A', 3, 2001, 14.85),
(2, 1, 'A', 3, 2002, 14.14),
(2, 1, 'A', 3, 2003, 13.47),
(2, 1, 'A', 3, 2004, 12.44),
(2, 1, 'A', 3, 2005, 11.66),
(2, 1, 'A', 3, 2006, 10.95),
(2, 1, 'A', 3, 2007, 10.24),
(2, 1, 'A', 3, 2008, 9.45),
(2, 1, 'A', 3, 2009, 8.18),
(2, 1, 'A', 3, 2010, 7.68),
(2, 1, 'A', 3, 2011, 7.09),
(2, 1, 'A', 3, 2012, 6.51),
(2, 1, 'A', 3, 2013, 6.51),
(2, 1, 'B', 1, 1998, 13.95),
(2, 1, 'B', 1, 1999, 13.28),
(2, 1, 'B', 1, 2000, 12.65),
(2, 1, 'B', 1, 2001, 12.05),
(2, 1, 'B', 1, 2002, 11.47),
(2, 1, 'B', 1, 2003, 10.93),
(2, 1, 'B', 1, 2004, 10.19),
(2, 1, 'B', 1, 2005, 8.56),
(2, 1, 'B', 1, 2006, 7.38),
(2, 1, 'B', 1, 2007, 6.94),
(2, 1, 'B', 1, 2008, 6.5),
(2, 1, 'B', 1, 2009, 5.86),
(2, 1, 'B', 1, 2010, 5.56),
(2, 1, 'B', 1, 2011, 5.36),
(2, 1, 'B', 1, 2012, 5.22),
(2, 1, 'B', 1, 2013, 4.92),
(2, 1, 'B', 2, 1998, 15.01),
(2, 1, 'B', 2, 1999, 14.3),
(2, 1, 'B', 2, 2000, 13.62),
(2, 1, 'B', 2, 2001, 12.97),
(2, 1, 'B', 2, 2002, 12.35),
(2, 1, 'B', 2, 2003, 11.76),
(2, 1, 'B', 2, 2004, 10.81),
(2, 1, 'B', 2, 2005, 9.85),
(2, 1, 'B', 2, 2006, 7.19),
(2, 1, 'B', 2, 2007, 6.5),
(2, 1, 'B', 2, 2008, 5.97),
(2, 1, 'B', 2, 2009, 5.51),
(2, 1, 'B', 2, 2010, 5.2),
(2, 1, 'B', 2, 2011, 4.67),
(2, 1, 'B', 2, 2012, 4.22),
(2, 1, 'B', 2, 2013, 4),
(2, 1, 'B', 3, 1998, 18.98),
(2, 1, 'B', 3, 1999, 18.07),
(2, 1, 'B', 3, 2000, 17.21),
(2, 1, 'B', 3, 2001, 16.39),
(2, 1, 'B', 3, 2002, 15.61),
(2, 1, 'B', 3, 2003, 14.87),
(2, 1, 'B', 3, 2004, 14.11),
(2, 1, 'B', 3, 2005, 13.52),
(2, 1, 'B', 3, 2006, 12.85),
(2, 1, 'B', 3, 2007, 12.26),
(2, 1, 'B', 3, 2008, 11.68),
(2, 1, 'B', 3, 2009, 9.36),
(2, 1, 'B', 3, 2010, 8.63),
(2, 1, 'B', 3, 2011, 7.73),
(2, 1, 'B', 3, 2012, 7.32),
(2, 1, 'B', 3, 2013, 7),
(2, 1, 'C', 1, 1998, 16.46),
(2, 1, 'C', 1, 1999, 15.67),
(2, 1, 'C', 1, 2000, 14.93),
(2, 1, 'C', 1, 2001, 14.22),
(2, 1, 'C', 1, 2002, 13.54),
(2, 1, 'C', 1, 2003, 12.9),
(2, 1, 'C', 1, 2004, 12.16),
(2, 1, 'C', 1, 2005, 11.22),
(2, 1, 'C', 1, 2006, 10.04),
(2, 1, 'C', 1, 2007, 8.71),
(2, 1, 'C', 1, 2008, 8.32),
(2, 1, 'C', 1, 2009, 7.48),
(2, 1, 'C', 1, 2010, 6.64),
(2, 1, 'C', 1, 2011, 6),
(2, 1, 'C', 1, 2012, 5.51),
(2, 1, 'C', 1, 2013, 5.22),
(2, 1, 'C', 2, 1998, 16.48),
(2, 1, 'C', 2, 1999, 15.69),
(2, 1, 'C', 2, 2000, 14.94),
(2, 1, 'C', 2, 2001, 14.23),
(2, 1, 'C', 2, 2002, 13.55),
(2, 1, 'C', 2, 2003, 12.91),
(2, 1, 'C', 2, 2004, 11.95),
(2, 1, 'C', 2, 2005, 11.28),
(2, 1, 'C', 2, 2006, 8.64),
(2, 1, 'C', 2, 2007, 8.49),
(2, 1, 'C', 2, 2008, 7.88),
(2, 1, 'C', 2, 2009, 7.34),
(2, 1, 'C', 2, 2010, 6.89),
(2, 1, 'C', 2, 2011, 6.43),
(2, 1, 'C', 2, 2012, 5.45),
(2, 1, 'C', 2, 2013, 4.94),
(2, 1, 'D', 1, 1998, 17.27),
(2, 1, 'D', 1, 1999, 16.45),
(2, 1, 'D', 1, 2000, 15.67),
(2, 1, 'D', 1, 2001, 14.92),
(2, 1, 'D', 1, 2002, 14.21),
(2, 1, 'D', 1, 2003, 13.53),
(2, 1, 'D', 1, 2004, 12.9),
(2, 1, 'D', 1, 2005, 12.3),
(2, 1, 'D', 1, 2006, 10.73),
(2, 1, 'D', 1, 2007, 9.6),
(2, 1, 'D', 1, 2008, 9.2),
(2, 1, 'D', 1, 2009, 8.37),
(2, 1, 'D', 1, 2010, 7.97),
(2, 1, 'D', 1, 2011, 7.38),
(2, 1, 'D', 1, 2012, 6.99),
(2, 1, 'D', 1, 2013, 6.74),
(2, 1, 'D', 2, 1998, 19.75),
(2, 1, 'D', 2, 1999, 18.81),
(2, 1, 'D', 2, 2000, 17.91),
(2, 1, 'D', 2, 2001, 17.06),
(2, 1, 'D', 2, 2002, 16.25),
(2, 1, 'D', 2, 2003, 15.47),
(2, 1, 'D', 2, 2004, 14.32),
(2, 1, 'D', 2, 2005, 13.91),
(2, 1, 'D', 2, 2006, 10.71),
(2, 1, 'D', 2, 2007, 10.12),
(2, 1, 'D', 2, 2008, 9.62),
(2, 1, 'D', 2, 2009, 8.61),
(2, 1, 'D', 2, 2010, 8.2),
(2, 1, 'D', 2, 2011, 7.61),
(2, 1, 'D', 2, 2012, 6.99),
(2, 1, 'D', 2, 2013, 6.83),
(2, 1, 'E', 1, 1998, 19.1),
(2, 1, 'E', 1, 1999, 18.19),
(2, 1, 'E', 1, 2000, 17.32),
(2, 1, 'E', 1, 2001, 16.5),
(2, 1, 'E', 1, 2002, 15.71),
(2, 1, 'E', 1, 2003, 14.96),
(2, 1, 'E', 1, 2004, 13.83),
(2, 1, 'E', 1, 2005, 13.44),
(2, 1, 'E', 1, 2006, 12.9),
(2, 1, 'E', 1, 2007, 12.21),
(2, 1, 'E', 1, 2008, 11.62),
(2, 1, 'E', 1, 2009, 10.39),
(2, 1, 'E', 1, 2010, 9.89),
(2, 1, 'E', 1, 2011, 9.2),
(2, 1, 'E', 1, 2012, 8.86),
(2, 1, 'E', 1, 2013, 8.66),
(2, 1, 'F', 1, 1998, 21.48),
(2, 1, 'F', 1, 1999, 20.46),
(2, 1, 'F', 1, 2000, 19.49),
(2, 1, 'F', 1, 2001, 18.56),
(2, 1, 'F', 1, 2002, 17.67),
(2, 1, 'F', 1, 2003, 16.83),
(2, 1, 'F', 1, 2004, 15.6),
(2, 1, 'F', 1, 2005, 15.06),
(2, 1, 'F', 1, 2006, 14.57),
(2, 1, 'F', 1, 2007, 13.73),
(2, 1, 'F', 1, 2008, 13.04),
(2, 1, 'F', 1, 2009, 12.3),
(2, 1, 'F', 1, 2010, 11.71),
(2, 1, 'F', 1, 2011, 10.88),
(2, 1, 'F', 1, 2012, 10.04),
(2, 1, 'F', 1, 2013, 9.65),
(2, 1, 'G', 1, 2003, 21.61),
(2, 1, 'G', 1, 2004, 19.59),
(2, 1, 'G', 1, 2005, 18.31),
(2, 1, 'G', 1, 2006, 16.83),
(2, 1, 'G', 1, 2007, 15.75),
(2, 1, 'G', 1, 2008, 15.36),
(2, 1, 'G', 1, 2009, 14.81),
(2, 1, 'G', 1, 2010, 14.37),
(2, 1, 'G', 1, 2011, 13.98),
(2, 1, 'G', 1, 2012, 13.54),
(2, 1, 'G', 1, 2013, 13.09),
(2, 1, 'H', 1, 2003, 22.74),
(2, 1, 'H', 1, 2004, 21.9),
(2, 1, 'H', 1, 2005, 21.11),
(2, 1, 'H', 1, 2006, 20.92),
(2, 1, 'H', 1, 2007, 20.48),
(2, 1, 'H', 1, 2008, 18.95),
(2, 1, 'H', 1, 2009, 17.42),
(2, 1, 'H', 1, 2010, 16.78),
(2, 1, 'H', 1, 2011, 16.24),
(2, 1, 'H', 1, 2012, 15.7),
(2, 1, 'H', 1, 2013, 15.16),
(2, 2, 'A', 1, 1998, 5.98),
(2, 2, 'A', 1, 1999, 5.69),
(2, 2, 'A', 1, 2000, 5.42),
(2, 2, 'A', 1, 2001, 5.16),
(2, 2, 'A', 1, 2002, 4.92),
(2, 2, 'A', 1, 2003, 4.68),
(2, 2, 'A', 1, 2004, 4.2),
(2, 2, 'A', 1, 2005, 3.9),
(2, 2, 'A', 1, 2006, 3.41),
(2, 2, 'A', 1, 2007, 2.98),
(2, 2, 'A', 1, 2008, 2.6),
(2, 2, 'A', 1, 2009, 2.49),
(2, 2, 'A', 1, 2010, 2.44),
(2, 2, 'A', 1, 2011, 2.38),
(2, 2, 'A', 1, 2012, 2.36),
(2, 2, 'A', 1, 2013, 2.19),
(2, 2, 'B', 1, 1998, 7.67),
(2, 2, 'B', 1, 1999, 7.3),
(2, 2, 'B', 1, 2000, 6.96),
(2, 2, 'B', 1, 2001, 6.63),
(2, 2, 'B', 1, 2002, 6.31),
(2, 2, 'B', 1, 2003, 6.01),
(2, 2, 'B', 1, 2004, 5.6),
(2, 2, 'B', 1, 2005, 4.71),
(2, 2, 'B', 1, 2006, 4.06),
(2, 2, 'B', 1, 2007, 3.82),
(2, 2, 'B', 1, 2008, 3.57),
(2, 2, 'B', 1, 2009, 3.22),
(2, 2, 'B', 1, 2010, 3.06),
(2, 2, 'B', 1, 2011, 2.95),
(2, 2, 'B', 1, 2012, 2.87),
(2, 2, 'B', 1, 2013, 2.7),
(2, 2, 'C', 1, 1998, 9.05),
(2, 2, 'C', 1, 1999, 8.62),
(2, 2, 'C', 1, 2000, 8.21),
(2, 2, 'C', 1, 2001, 7.82),
(2, 2, 'C', 1, 2002, 7.45),
(2, 2, 'C', 1, 2003, 7.09),
(2, 2, 'C', 1, 2004, 6.69),
(2, 2, 'C', 1, 2005, 6.17),
(2, 2, 'C', 1, 2006, 5.52),
(2, 2, 'C', 1, 2007, 4.79),
(2, 2, 'C', 1, 2008, 4.57),
(2, 2, 'C', 1, 2009, 4.11),
(2, 2, 'C', 1, 2010, 3.65),
(2, 2, 'C', 1, 2011, 3.3),
(2, 2, 'C', 1, 2012, 3.03),
(2, 2, 'C', 1, 2013, 2.87),
(2, 2, 'D', 1, 1998, 9.5),
(2, 2, 'D', 1, 1999, 9.05),
(2, 2, 'D', 1, 2000, 8.62),
(2, 2, 'D', 1, 2001, 8.21),
(2, 2, 'D', 1, 2002, 7.82),
(2, 2, 'D', 1, 2003, 7.44),
(2, 2, 'D', 1, 2004, 7.09),
(2, 2, 'D', 1, 2005, 6.77),
(2, 2, 'D', 1, 2006, 5.9),
(2, 2, 'D', 1, 2007, 5.28),
(2, 2, 'D', 1, 2008, 5.06),
(2, 2, 'D', 1, 2009, 4.6),
(2, 2, 'D', 1, 2010, 4.39),
(2, 2, 'D', 1, 2011, 4.06),
(2, 2, 'D', 1, 2012, 3.84),
(2, 2, 'D', 1, 2013, 3.71),
(2, 2, 'E', 1, 1998, 10.5),
(2, 2, 'E', 1, 1999, 10),
(2, 2, 'E', 1, 2000, 9.53),
(2, 2, 'E', 1, 2001, 9.07),
(2, 2, 'E', 1, 2002, 8.64),
(2, 2, 'E', 1, 2003, 8.23),
(2, 2, 'E', 1, 2004, 7.61),
(2, 2, 'E', 1, 2005, 7.39),
(2, 2, 'E', 1, 2006, 7.09),
(2, 2, 'E', 1, 2007, 6.71),
(2, 2, 'E', 1, 2008, 6.39),
(2, 2, 'E', 1, 2009, 5.71),
(2, 2, 'E', 1, 2010, 5.44),
(2, 2, 'E', 1, 2011, 5.06),
(2, 2, 'E', 1, 2012, 4.87),
(2, 2, 'E', 1, 2013, 4.76),
(2, 2, 'F', 1, 1998, 11.82),
(2, 2, 'F', 1, 1999, 11.25),
(2, 2, 'F', 1, 2000, 10.72),
(2, 2, 'F', 1, 2001, 10.21),
(2, 2, 'F', 1, 2002, 9.72),
(2, 2, 'F', 1, 2003, 9.26),
(2, 2, 'F', 1, 2004, 8.58),
(2, 2, 'F', 1, 2005, 8.28),
(2, 2, 'F', 1, 2006, 8.01),
(2, 2, 'F', 1, 2007, 7.55),
(2, 2, 'F', 1, 2008, 7.17),
(2, 2, 'F', 1, 2009, 6.76),
(2, 2, 'F', 1, 2010, 6.44),
(2, 2, 'F', 1, 2011, 5.98),
(2, 2, 'F', 1, 2012, 5.52),
(2, 2, 'F', 1, 2013, 5.31),
(2, 2, 'G', 1, 2003, 11.88),
(2, 2, 'G', 1, 2004, 10.77),
(2, 2, 'G', 1, 2005, 10.07),
(2, 2, 'G', 1, 2006, 9.26),
(2, 2, 'G', 1, 2007, 8.66),
(2, 2, 'G', 1, 2008, 8.45),
(2, 2, 'G', 1, 2009, 8.15),
(2, 2, 'G', 1, 2010, 7.9),
(2, 2, 'G', 1, 2011, 7.69),
(2, 2, 'G', 1, 2012, 7.44),
(2, 2, 'G', 1, 2013, 7.2),
(2, 2, 'H', 1, 2003, 12.51),
(2, 2, 'H', 1, 2004, 12.05),
(2, 2, 'H', 1, 2005, 11.61),
(2, 2, 'H', 1, 2006, 11.5),
(2, 2, 'H', 1, 2007, 11.26),
(2, 2, 'H', 1, 2008, 10.42),
(2, 2, 'H', 1, 2009, 9.58),
(2, 2, 'H', 1, 2010, 9.23),
(2, 2, 'H', 1, 2011, 8.93),
(2, 2, 'H', 1, 2012, 8.64),
(2, 2, 'H', 1, 2013, 8.34),
(3, 1, 'A', 1, 2001, 6.62),
(3, 1, 'A', 1, 2002, 6.49),
(3, 1, 'A', 1, 2003, 6.36),
(3, 1, 'A', 1, 2004, 6.05),
(3, 1, 'A', 1, 2005, 5.74),
(3, 1, 'A', 1, 2006, 5.44),
(3, 1, 'A', 1, 2007, 5.16),
(3, 1, 'A', 1, 2008, 4.88),
(3, 1, 'A', 1, 2009, 4.68),
(3, 1, 'A', 1, 2010, 4.48),
(3, 1, 'A', 1, 2011, 4.28),
(3, 1, 'A', 1, 2012, 4.09),
(3, 1, 'A', 1, 2013, 3.89),
(3, 1, 'B', 1, 2001, 7.41),
(3, 1, 'B', 1, 2002, 7.27),
(3, 1, 'B', 1, 2003, 7.12),
(3, 1, 'B', 1, 2004, 6.77),
(3, 1, 'B', 1, 2005, 6.43),
(3, 1, 'B', 1, 2006, 6.09),
(3, 1, 'B', 1, 2007, 5.77),
(3, 1, 'B', 1, 2008, 5.46),
(3, 1, 'B', 1, 2009, 5.24),
(3, 1, 'B', 1, 2010, 5.01),
(3, 1, 'B', 1, 2011, 4.79),
(3, 1, 'B', 1, 2012, 4.57),
(3, 1, 'B', 1, 2013, 4.36),
(3, 1, 'C', 1, 2001, 10.46),
(3, 1, 'C', 1, 2002, 10.25),
(3, 1, 'C', 1, 2003, 10.05),
(3, 1, 'C', 1, 2004, 9.55),
(3, 1, 'C', 1, 2005, 9.07),
(3, 1, 'C', 1, 2006, 8.6),
(3, 1, 'C', 1, 2007, 8.15),
(3, 1, 'C', 1, 2008, 7.71),
(3, 1, 'C', 1, 2009, 7.39),
(3, 1, 'C', 1, 2010, 7.07),
(3, 1, 'C', 1, 2011, 6.76),
(3, 1, 'C', 1, 2012, 6.45),
(3, 1, 'C', 1, 2013, 6.15),
(3, 1, 'D', 1, 2001, 11.26),
(3, 1, 'D', 1, 2002, 11.04),
(3, 1, 'D', 1, 2003, 10.82),
(3, 1, 'D', 1, 2004, 10.28),
(3, 1, 'D', 1, 2005, 9.76),
(3, 1, 'D', 1, 2006, 9.26),
(3, 1, 'D', 1, 2007, 8.77),
(3, 1, 'D', 1, 2008, 8.3),
(3, 1, 'D', 1, 2009, 7.95),
(3, 1, 'D', 1, 2010, 7.62),
(3, 1, 'D', 1, 2011, 7.28),
(3, 1, 'D', 1, 2012, 6.95),
(3, 1, 'D', 1, 2013, 6.62),
(3, 1, 'E', 1, 2001, 13.26),
(3, 1, 'E', 1, 2002, 13),
(3, 1, 'E', 1, 2003, 12.74),
(3, 1, 'E', 1, 2004, 12.1),
(3, 1, 'E', 1, 2005, 11.49),
(3, 1, 'E', 1, 2006, 10.9),
(3, 1, 'E', 1, 2007, 10.32),
(3, 1, 'E', 1, 2008, 9.77),
(3, 1, 'E', 1, 2009, 9.37),
(3, 1, 'E', 1, 2010, 8.97),
(3, 1, 'E', 1, 2011, 8.57),
(3, 1, 'E', 1, 2012, 8.18),
(3, 1, 'E', 1, 2013, 7.79),
(3, 1, 'F', 1, 2001, 15.71),
(3, 1, 'F', 1, 2002, 15.4),
(3, 1, 'F', 1, 2003, 15.1),
(3, 1, 'F', 1, 2004, 14.34),
(3, 1, 'F', 1, 2005, 13.61),
(3, 1, 'F', 1, 2006, 12.91),
(3, 1, 'F', 1, 2007, 12.23),
(3, 1, 'F', 1, 2008, 11.58),
(3, 1, 'F', 1, 2009, 11.1),
(3, 1, 'F', 1, 2010, 10.62),
(3, 1, 'F', 1, 2011, 10.15),
(3, 1, 'F', 1, 2012, 9.69),
(3, 1, 'F', 1, 2013, 9.24),
(3, 1, 'G', 1, 2001, 15.71),
(3, 1, 'G', 1, 2002, 15.4),
(3, 1, 'G', 1, 2003, 15.1),
(3, 1, 'G', 1, 2004, 14.34),
(3, 1, 'G', 1, 2005, 13.61),
(3, 1, 'G', 1, 2006, 12.91),
(3, 1, 'G', 1, 2007, 12.23),
(3, 1, 'G', 1, 2008, 11.58),
(3, 1, 'G', 1, 2009, 11.1),
(3, 1, 'G', 1, 2010, 10.62),
(3, 1, 'G', 1, 2011, 10.15),
(3, 1, 'G', 1, 2012, 9.69),
(3, 1, 'G', 1, 2013, 9.24),
(3, 1, 'H', 1, 2001, 15.71),
(3, 1, 'H', 1, 2002, 15.4),
(3, 1, 'H', 1, 2003, 15.1),
(3, 1, 'H', 1, 2004, 14.34),
(3, 1, 'H', 1, 2005, 13.61),
(3, 1, 'H', 1, 2006, 12.91),
(3, 1, 'H', 1, 2007, 12.23),
(3, 1, 'H', 1, 2008, 11.58),
(3, 1, 'H', 1, 2009, 11.1),
(3, 1, 'H', 1, 2010, 10.62),
(3, 1, 'H', 1, 2011, 10.15),
(3, 1, 'H', 1, 2012, 9.69),
(3, 1, 'H', 1, 2013, 9.24),
(3, 1, 'I', 1, 2001, 15.71),
(3, 1, 'I', 1, 2002, 15.4),
(3, 1, 'I', 1, 2003, 15.1),
(3, 1, 'I', 1, 2004, 14.34),
(3, 1, 'I', 1, 2005, 13.61),
(3, 1, 'I', 1, 2006, 12.91),
(3, 1, 'I', 1, 2007, 12.23),
(3, 1, 'I', 1, 2008, 11.58),
(3, 1, 'I', 1, 2009, 11.1),
(3, 1, 'I', 1, 2010, 10.62),
(3, 1, 'I', 1, 2011, 10.15),
(3, 1, 'I', 1, 2012, 9.69),
(3, 1, 'I', 1, 2013, 9.24),
(3, 1, 'J', 2, 2001, 5.68),
(3, 1, 'J', 2, 2002, 5.57),
(3, 1, 'J', 2, 2003, 5.46),
(3, 1, 'J', 2, 2004, 5.19),
(3, 1, 'J', 2, 2005, 4.92),
(3, 1, 'J', 2, 2006, 4.67),
(3, 1, 'J', 2, 2007, 4.42),
(3, 1, 'J', 2, 2008, 4.19),
(3, 1, 'J', 2, 2009, 4.01),
(3, 1, 'J', 2, 2010, 3.84),
(3, 1, 'J', 2, 2011, 3.67),
(3, 1, 'J', 2, 2012, 3.5),
(3, 1, 'J', 2, 2013, 3.34),
(3, 1, 'K', 2, 2001, 7.73),
(3, 1, 'K', 2, 2002, 7.58),
(3, 1, 'K', 2, 2003, 7.43),
(3, 1, 'K', 2, 2004, 7.06),
(3, 1, 'K', 2, 2005, 6.7),
(3, 1, 'K', 2, 2006, 6.36),
(3, 1, 'K', 2, 2007, 6.02),
(3, 1, 'K', 2, 2008, 5.7),
(3, 1, 'K', 2, 2009, 5.46),
(3, 1, 'K', 2, 2010, 5.23),
(3, 1, 'K', 2, 2011, 5),
(3, 1, 'K', 2, 2012, 4.77),
(3, 1, 'K', 2, 2013, 4.55),
(3, 1, 'L', 2, 2001, 9.29),
(3, 1, 'L', 2, 2002, 9.11),
(3, 1, 'L', 2, 2003, 8.93),
(3, 1, 'L', 2, 2004, 8.48),
(3, 1, 'L', 2, 2005, 8.05),
(3, 1, 'L', 2, 2006, 7.64),
(3, 1, 'L', 2, 2007, 7.23),
(3, 1, 'L', 2, 2008, 6.85),
(3, 1, 'L', 2, 2009, 6.56),
(3, 1, 'L', 2, 2010, 6.28),
(3, 1, 'L', 2, 2011, 6.01),
(3, 1, 'L', 2, 2012, 5.73),
(3, 1, 'L', 2, 2013, 5.46),
(3, 1, 'M', 3, 2001, 10.09),
(3, 1, 'M', 3, 2002, 9.9),
(3, 1, 'M', 3, 2003, 9.7),
(3, 1, 'M', 3, 2004, 9.22),
(3, 1, 'M', 3, 2005, 8.75),
(3, 1, 'M', 3, 2006, 8.3),
(3, 1, 'M', 3, 2007, 7.86),
(3, 1, 'M', 3, 2008, 7.44),
(3, 1, 'M', 3, 2009, 7.13),
(3, 1, 'M', 3, 2010, 6.83),
(3, 1, 'M', 3, 2011, 6.53),
(3, 1, 'M', 3, 2012, 6.23),
(3, 1, 'M', 3, 2013, 5.94),
(3, 2, 'A', 1, 1996, 4.97),
(3, 2, 'A', 1, 1997, 4.97),
(3, 2, 'A', 1, 1998, 4.97),
(3, 2, 'A', 1, 1999, 4.97),
(3, 2, 'A', 1, 2000, 4.97),
(3, 2, 'A', 1, 2001, 4.97),
(3, 2, 'A', 1, 2002, 4.87),
(3, 2, 'A', 1, 2003, 4.77),
(3, 2, 'A', 1, 2004, 4.53),
(3, 2, 'A', 1, 2005, 4.3),
(3, 2, 'A', 1, 2006, 4.08),
(3, 2, 'A', 1, 2007, 3.87),
(3, 2, 'A', 1, 2008, 3.66),
(3, 2, 'A', 1, 2009, 3.51),
(3, 2, 'A', 1, 2010, 3.36),
(3, 2, 'A', 1, 2011, 3.21),
(3, 2, 'A', 1, 2012, 3.06),
(3, 2, 'A', 1, 2013, 2.92),
(3, 2, 'B', 1, 1996, 5.56),
(3, 2, 'B', 1, 1997, 5.56),
(3, 2, 'B', 1, 1998, 5.56),
(3, 2, 'B', 1, 1999, 5.56),
(3, 2, 'B', 1, 2000, 5.56),
(3, 2, 'B', 1, 2001, 5.56),
(3, 2, 'B', 1, 2002, 5.45),
(3, 2, 'B', 1, 2003, 5.34),
(3, 2, 'B', 1, 2004, 5.08),
(3, 2, 'B', 1, 2005, 4.82),
(3, 2, 'B', 1, 2006, 4.57),
(3, 2, 'B', 1, 2007, 4.33),
(3, 2, 'B', 1, 2008, 4.1),
(3, 2, 'B', 1, 2009, 3.93),
(3, 2, 'B', 1, 2010, 3.76),
(3, 2, 'B', 1, 2011, 3.59),
(3, 2, 'B', 1, 2012, 3.43),
(3, 2, 'B', 1, 2013, 3.27),
(3, 2, 'C', 1, 1996, 7.84),
(3, 2, 'C', 1, 1997, 7.84),
(3, 2, 'C', 1, 1998, 7.84),
(3, 2, 'C', 1, 1999, 7.84),
(3, 2, 'C', 1, 2000, 7.84),
(3, 2, 'C', 1, 2001, 7.84),
(3, 2, 'C', 1, 2002, 7.69),
(3, 2, 'C', 1, 2003, 7.54),
(3, 2, 'C', 1, 2004, 7.16),
(3, 2, 'C', 1, 2005, 6.8),
(3, 2, 'C', 1, 2006, 6.45),
(3, 2, 'C', 1, 2007, 6.11),
(3, 2, 'C', 1, 2008, 5.78),
(3, 2, 'C', 1, 2009, 5.54),
(3, 2, 'C', 1, 2010, 5.31),
(3, 2, 'C', 1, 2011, 5.07),
(3, 2, 'C', 1, 2012, 4.84),
(3, 2, 'C', 1, 2013, 4.61),
(3, 2, 'D', 1, 1996, 8.44),
(3, 2, 'D', 1, 1997, 8.44),
(3, 2, 'D', 1, 1998, 8.44),
(3, 2, 'D', 1, 1999, 8.44),
(3, 2, 'D', 1, 2000, 8.44),
(3, 2, 'D', 1, 2001, 8.44),
(3, 2, 'D', 1, 2002, 8.28),
(3, 2, 'D', 1, 2003, 8.12),
(3, 2, 'D', 1, 2004, 7.71),
(3, 2, 'D', 1, 2005, 7.32),
(3, 2, 'D', 1, 2006, 6.94),
(3, 2, 'D', 1, 2007, 6.58),
(3, 2, 'D', 1, 2008, 6.22),
(3, 2, 'D', 1, 2009, 5.97),
(3, 2, 'D', 1, 2010, 5.71),
(3, 2, 'D', 1, 2011, 5.46),
(3, 2, 'D', 1, 2012, 5.21),
(3, 2, 'D', 1, 2013, 4.97),
(3, 2, 'E', 1, 1996, 9.94),
(3, 2, 'E', 1, 1997, 9.94),
(3, 2, 'E', 1, 1998, 9.94),
(3, 2, 'E', 1, 1999, 9.94),
(3, 2, 'E', 1, 2000, 9.94),
(3, 2, 'E', 1, 2001, 9.94),
(3, 2, 'E', 1, 2002, 9.75),
(3, 2, 'E', 1, 2003, 9.56),
(3, 2, 'E', 1, 2004, 9.08),
(3, 2, 'E', 1, 2005, 8.62),
(3, 2, 'E', 1, 2006, 8.17),
(3, 2, 'E', 1, 2007, 7.74),
(3, 2, 'E', 1, 2008, 7.33),
(3, 2, 'E', 1, 2009, 7.02),
(3, 2, 'E', 1, 2010, 6.72),
(3, 2, 'E', 1, 2011, 6.43),
(3, 2, 'E', 1, 2012, 6.13),
(3, 2, 'E', 1, 2013, 5.85),
(3, 2, 'F', 1, 1996, 11.78),
(3, 2, 'F', 1, 1997, 11.78),
(3, 2, 'F', 1, 1998, 11.78),
(3, 2, 'F', 1, 1999, 11.78),
(3, 2, 'F', 1, 2000, 11.78),
(3, 2, 'F', 1, 2001, 11.78),
(3, 2, 'F', 1, 2002, 11.55),
(3, 2, 'F', 1, 2003, 11.32),
(3, 2, 'F', 1, 2004, 10.76),
(3, 2, 'F', 1, 2005, 10.21),
(3, 2, 'F', 1, 2006, 9.68),
(3, 2, 'F', 1, 2007, 9.17),
(3, 2, 'F', 1, 2008, 8.68),
(3, 2, 'F', 1, 2009, 8.32),
(3, 2, 'F', 1, 2010, 7.97),
(3, 2, 'F', 1, 2011, 7.62),
(3, 2, 'F', 1, 2012, 7.27),
(3, 2, 'F', 1, 2013, 6.93),
(3, 2, 'G', 1, 1996, 11.78),
(3, 2, 'G', 1, 1997, 11.78),
(3, 2, 'G', 1, 1998, 11.78),
(3, 2, 'G', 1, 1999, 11.78),
(3, 2, 'G', 1, 2000, 11.78),
(3, 2, 'G', 1, 2001, 11.78),
(3, 2, 'G', 1, 2002, 11.55),
(3, 2, 'G', 1, 2003, 11.32),
(3, 2, 'G', 1, 2004, 10.76),
(3, 2, 'G', 1, 2005, 10.21),
(3, 2, 'G', 1, 2006, 9.68),
(3, 2, 'G', 1, 2007, 9.17),
(3, 2, 'G', 1, 2008, 8.68),
(3, 2, 'G', 1, 2009, 8.32),
(3, 2, 'G', 1, 2010, 7.97),
(3, 2, 'G', 1, 2011, 7.62),
(3, 2, 'G', 1, 2012, 7.27),
(3, 2, 'G', 1, 2013, 6.93),
(3, 2, 'H', 1, 1996, 11.78),
(3, 2, 'H', 1, 1997, 11.78),
(3, 2, 'H', 1, 1998, 11.78),
(3, 2, 'H', 1, 1999, 11.78),
(3, 2, 'H', 1, 2000, 11.78),
(3, 2, 'H', 1, 2001, 11.78),
(3, 2, 'H', 1, 2002, 11.55),
(3, 2, 'H', 1, 2003, 11.32),
(3, 2, 'H', 1, 2004, 10.76),
(3, 2, 'H', 1, 2005, 10.21),
(3, 2, 'H', 1, 2006, 9.68),
(3, 2, 'H', 1, 2007, 9.17),
(3, 2, 'H', 1, 2008, 8.68),
(3, 2, 'H', 1, 2009, 8.32),
(3, 2, 'H', 1, 2010, 7.97),
(3, 2, 'H', 1, 2011, 7.62),
(3, 2, 'H', 1, 2012, 7.27),
(3, 2, 'H', 1, 2013, 6.93),
(3, 2, 'I', 1, 1996, 11.78),
(3, 2, 'I', 1, 1997, 11.78),
(3, 2, 'I', 1, 1998, 11.78),
(3, 2, 'I', 1, 1999, 11.78),
(3, 2, 'I', 1, 2000, 11.78),
(3, 2, 'I', 1, 2001, 11.78),
(3, 2, 'I', 1, 2002, 11.55),
(3, 2, 'I', 1, 2003, 11.32),
(3, 2, 'I', 1, 2004, 10.76),
(3, 2, 'I', 1, 2005, 10.21),
(3, 2, 'I', 1, 2006, 9.68),
(3, 2, 'I', 1, 2007, 9.17),
(3, 2, 'I', 1, 2008, 8.68),
(3, 2, 'I', 1, 2009, 8.32),
(3, 2, 'I', 1, 2010, 7.97),
(3, 2, 'I', 1, 2011, 7.62),
(3, 2, 'I', 1, 2012, 7.27),
(3, 2, 'I', 1, 2013, 6.93),
(3, 2, 'J', 2, 1996, 4.26),
(3, 2, 'J', 2, 1997, 4.26),
(3, 2, 'J', 2, 1998, 4.26),
(3, 2, 'J', 2, 1999, 4.26),
(3, 2, 'J', 2, 2000, 4.26),
(3, 2, 'J', 2, 2001, 4.26),
(3, 2, 'J', 2, 2002, 4.18),
(3, 2, 'J', 2, 2003, 4.09),
(3, 2, 'J', 2, 2004, 3.89),
(3, 2, 'J', 2, 2005, 3.69),
(3, 2, 'J', 2, 2006, 3.5),
(3, 2, 'J', 2, 2007, 3.32),
(3, 2, 'J', 2, 2008, 3.14),
(3, 2, 'J', 2, 2009, 3.01),
(3, 2, 'J', 2, 2010, 2.88),
(3, 2, 'J', 2, 2011, 2.75),
(3, 2, 'J', 2, 2012, 2.63),
(3, 2, 'J', 2, 2013, 2.5),
(3, 2, 'K', 2, 1996, 5.8),
(3, 2, 'K', 2, 1997, 5.8),
(3, 2, 'K', 2, 1998, 5.8),
(3, 2, 'K', 2, 1999, 5.8),
(3, 2, 'K', 2, 2000, 5.8),
(3, 2, 'K', 2, 2001, 5.8),
(3, 2, 'K', 2, 2002, 5.68),
(3, 2, 'K', 2, 2003, 5.57),
(3, 2, 'K', 2, 2004, 5.29),
(3, 2, 'K', 2, 2005, 5.03),
(3, 2, 'K', 2, 2006, 4.77),
(3, 2, 'K', 2, 2007, 4.52),
(3, 2, 'K', 2, 2008, 4.27),
(3, 2, 'K', 2, 2009, 4.1),
(3, 2, 'K', 2, 2010, 3.92),
(3, 2, 'K', 2, 2011, 3.75),
(3, 2, 'K', 2, 2012, 3.58),
(3, 2, 'K', 2, 2013, 3.41),
(3, 2, 'L', 2, 1996, 6.97),
(3, 2, 'L', 2, 1997, 6.97),
(3, 2, 'L', 2, 1998, 6.97),
(3, 2, 'L', 2, 1999, 6.97),
(3, 2, 'L', 2, 2000, 6.97),
(3, 2, 'L', 2, 2001, 6.97),
(3, 2, 'L', 2, 2002, 6.83),
(3, 2, 'L', 2, 2003, 6.7),
(3, 2, 'L', 2, 2004, 6.36),
(3, 2, 'L', 2, 2005, 6.04),
(3, 2, 'L', 2, 2006, 5.73),
(3, 2, 'L', 2, 2007, 5.43),
(3, 2, 'L', 2, 2008, 5.13),
(3, 2, 'L', 2, 2009, 4.92),
(3, 2, 'L', 2, 2010, 4.71),
(3, 2, 'L', 2, 2011, 4.5),
(3, 2, 'L', 2, 2012, 4.3),
(3, 2, 'L', 2, 2013, 4.1),
(3, 2, 'M', 3, 1996, 7.57),
(3, 2, 'M', 3, 1997, 7.57),
(3, 2, 'M', 3, 1998, 7.57),
(3, 2, 'M', 3, 1999, 7.57),
(3, 2, 'M', 3, 2000, 7.57),
(3, 2, 'M', 3, 2001, 7.57),
(3, 2, 'M', 3, 2002, 7.42),
(3, 2, 'M', 3, 2003, 7.28),
(3, 2, 'M', 3, 2004, 6.91),
(3, 2, 'M', 3, 2005, 6.56),
(3, 2, 'M', 3, 2006, 6.22),
(3, 2, 'M', 3, 2007, 5.9),
(3, 2, 'M', 3, 2008, 5.58),
(3, 2, 'M', 3, 2009, 5.35),
(3, 2, 'M', 3, 2010, 5.12),
(3, 2, 'M', 3, 2011, 4.9),
(3, 2, 'M', 3, 2012, 4.67),
(3, 2, 'M', 3, 2013, 4.45),
(4, 1, 'A', 1, 2003, 17.75),
(4, 1, 'A', 1, 2004, 16.85),
(4, 1, 'A', 1, 2005, 15.95),
(4, 1, 'A', 1, 2006, 15.05),
(4, 1, 'A', 1, 2007, 13),
(4, 1, 'A', 1, 2008, 12.3),
(4, 1, 'A', 1, 2009, 11.6),
(4, 1, 'A', 1, 2010, 10.9),
(4, 1, 'A', 1, 2011, 10.2),
(4, 1, 'A', 1, 2012, 9.5),
(4, 1, 'A', 1, 2013, 8.8),
(4, 1, 'A', 1, 2014, 8.8),
(4, 1, 'A', 2, 2003, 12.425),
(4, 1, 'A', 2, 2004, 11.795),
(4, 1, 'A', 2, 2005, 11.165),
(4, 1, 'A', 2, 2006, 10.535),
(4, 1, 'A', 2, 2007, 9.1),
(4, 1, 'A', 2, 2008, 8.61),
(4, 1, 'A', 2, 2009, 8.12),
(4, 1, 'A', 2, 2010, 7.63),
(4, 1, 'A', 2, 2011, 7.14),
(4, 1, 'A', 2, 2012, 6.65),
(4, 1, 'A', 2, 2013, 6.16),
(4, 1, 'A', 2, 2014, 6.16),
(4, 1, 'B', 1, 2003, 15.74),
(4, 1, 'B', 1, 2004, 14.62),
(4, 1, 'B', 1, 2005, 13.5),
(4, 1, 'B', 1, 2006, 12.38),
(4, 1, 'B', 1, 2007, 11),
(4, 1, 'B', 1, 2008, 10.4),
(4, 1, 'B', 1, 2009, 9.7),
(4, 1, 'B', 1, 2010, 9),
(4, 1, 'B', 1, 2011, 8.3),
(4, 1, 'B', 1, 2012, 7.6),
(4, 1, 'B', 1, 2013, 6.9),
(4, 1, 'B', 1, 2014, 6.9),
(4, 1, 'B', 2, 2003, 11.018),
(4, 1, 'B', 2, 2004, 10.234),
(4, 1, 'B', 2, 2005, 9.45),
(4, 1, 'B', 2, 2006, 8.666),
(4, 1, 'B', 2, 2007, 7.7),
(4, 1, 'B', 2, 2008, 7.28),
(4, 1, 'B', 2, 2009, 6.79),
(4, 1, 'B', 2, 2010, 6.3),
(4, 1, 'B', 2, 2011, 5.81),
(4, 1, 'B', 2, 2012, 5.32),
(4, 1, 'B', 2, 2013, 4.83),
(4, 1, 'B', 2, 2014, 4.83),
(4, 1, 'B', 3, 2003, 13.09),
(4, 1, 'B', 3, 2004, 12.46),
(4, 1, 'B', 3, 2005, 11.83),
(4, 1, 'B', 3, 2006, 11.55),
(4, 1, 'B', 3, 2007, 11.2),
(4, 1, 'B', 3, 2008, 9.611),
(4, 1, 'B', 3, 2009, 9.121),
(4, 1, 'B', 3, 2010, 8.631),
(4, 1, 'B', 3, 2011, 8.141),
(4, 1, 'B', 3, 2012, 7.651),
(4, 1, 'B', 3, 2013, 7.161),
(4, 1, 'B', 3, 2014, 7.161),
(4, 1, 'C', 1, 2003, 11.86),
(4, 1, 'C', 1, 2004, 10.8),
(4, 1, 'C', 1, 2005, 9.74),
(4, 1, 'C', 1, 2006, 8.68),
(4, 1, 'C', 1, 2007, 8.15),
(4, 1, 'C', 1, 2008, 7.9),
(4, 1, 'C', 1, 2009, 7.4),
(4, 1, 'C', 1, 2010, 6.9),
(4, 1, 'C', 1, 2011, 6.4),
(4, 1, 'C', 1, 2012, 5.9),
(4, 1, 'C', 1, 2013, 5.4),
(4, 1, 'C', 1, 2014, 5.4),
(4, 1, 'C', 2, 2003, 8.302),
(4, 1, 'C', 2, 2004, 7.56),
(4, 1, 'C', 2, 2005, 6.818),
(4, 1, 'C', 2, 2006, 6.076),
(4, 1, 'C', 2, 2007, 5.705),
(4, 1, 'C', 2, 2008, 5.53),
(4, 1, 'C', 2, 2009, 5.18),
(4, 1, 'C', 2, 2010, 4.83),
(4, 1, 'C', 2, 2011, 4.48),
(4, 1, 'C', 2, 2012, 4.13),
(4, 1, 'C', 2, 2013, 3.78),
(4, 1, 'C', 2, 2014, 3.78),
(4, 1, 'C', 3, 2003, 8.6975),
(4, 1, 'C', 3, 2004, 8.2565),
(4, 1, 'C', 3, 2005, 7.8155),
(4, 1, 'C', 3, 2006, 7.3745),
(4, 1, 'C', 3, 2007, 6.37),
(4, 1, 'C', 3, 2008, 6.027),
(4, 1, 'C', 3, 2009, 5.684),
(4, 1, 'C', 3, 2010, 5.341),
(4, 1, 'C', 3, 2011, 4.998),
(4, 1, 'C', 3, 2012, 4.655),
(4, 1, 'C', 3, 2013, 4.312),
(4, 1, 'C', 3, 2014, 4.312),
(4, 1, 'D', 1, 2003, 8.25),
(4, 1, 'D', 1, 2004, 7.85),
(4, 1, 'D', 1, 2005, 7.45),
(4, 1, 'D', 1, 2006, 7.05),
(4, 1, 'D', 1, 2007, 6.65),
(4, 1, 'D', 1, 2008, 6.5),
(4, 1, 'D', 1, 2009, 6),
(4, 1, 'D', 1, 2010, 5.5),
(4, 1, 'D', 1, 2011, 5),
(4, 1, 'D', 1, 2012, 4.5),
(4, 1, 'D', 1, 2013, 4),
(4, 1, 'D', 1, 2014, 4),
(4, 1, 'D', 2, 2003, 5.775),
(4, 1, 'D', 2, 2004, 5.495),
(4, 1, 'D', 2, 2005, 5.215),
(4, 1, 'D', 2, 2006, 4.935),
(4, 1, 'D', 2, 2007, 4.655),
(4, 1, 'D', 2, 2008, 4.55),
(4, 1, 'D', 2, 2009, 4.2),
(4, 1, 'D', 2, 2010, 3.85),
(4, 1, 'D', 2, 2011, 3.5),
(4, 1, 'D', 2, 2012, 3.15),
(4, 1, 'D', 2, 2013, 2.8),
(4, 1, 'D', 2, 2014, 2.8),
(4, 1, 'D', 3, 2003, 7.7126),
(4, 1, 'D', 3, 2004, 7.1638),
(4, 1, 'D', 3, 2005, 6.615),
(4, 1, 'D', 3, 2006, 6.0662),
(4, 1, 'D', 3, 2007, 5.39),
(4, 1, 'D', 3, 2008, 5.096),
(4, 1, 'D', 3, 2009, 4.753),
(4, 1, 'D', 3, 2010, 4.41),
(4, 1, 'D', 3, 2011, 4.067),
(4, 1, 'D', 3, 2012, 3.724),
(4, 1, 'D', 3, 2013, 3.381),
(4, 1, 'D', 3, 2014, 3.381),
(4, 1, 'E', 1, 2003, 18.7),
(4, 1, 'E', 1, 2004, 17.8),
(4, 1, 'E', 1, 2005, 16.9),
(4, 1, 'E', 1, 2006, 16.5),
(4, 1, 'E', 1, 2007, 16),
(4, 1, 'E', 1, 2008, 13.73),
(4, 1, 'E', 1, 2009, 13.03),
(4, 1, 'E', 1, 2010, 12.33),
(4, 1, 'E', 1, 2011, 11.63),
(4, 1, 'E', 1, 2012, 10.93),
(4, 1, 'E', 1, 2013, 10.23),
(4, 1, 'E', 1, 2014, 10.23),
(4, 2, 'A', 1, 2003, 5.8114),
(4, 2, 'A', 1, 2004, 5.292),
(4, 2, 'A', 1, 2005, 4.7726),
(4, 2, 'A', 1, 2006, 4.2532),
(4, 2, 'A', 1, 2007, 3.9935),
(4, 2, 'A', 1, 2008, 3.871),
(4, 2, 'A', 1, 2009, 3.626),
(4, 2, 'A', 1, 2010, 3.381),
(4, 2, 'A', 1, 2011, 3.136),
(4, 2, 'A', 1, 2012, 2.891),
(4, 2, 'A', 1, 2013, 2.646),
(4, 2, 'A', 1, 2014, 2.646),
(4, 2, 'B', 1, 2003, 4.0425),
(4, 2, 'B', 1, 2004, 3.8465),
(4, 2, 'B', 1, 2005, 3.6505),
(4, 2, 'B', 1, 2006, 3.4545),
(4, 2, 'B', 1, 2007, 3.2585),
(4, 2, 'B', 1, 2008, 3.185),
(4, 2, 'B', 1, 2009, 2.94),
(4, 2, 'B', 1, 2010, 2.695),
(4, 2, 'B', 1, 2011, 2.45),
(4, 2, 'B', 1, 2012, 2.205),
(4, 2, 'B', 1, 2013, 1.96),
(4, 2, 'B', 1, 2014, 1.96),
(4, 2, 'C', 1, 2003, 9.163),
(4, 2, 'C', 1, 2004, 8.722),
(4, 2, 'C', 1, 2005, 8.281),
(4, 2, 'C', 1, 2006, 8.085),
(4, 2, 'C', 1, 2007, 7.84),
(4, 2, 'C', 1, 2008, 6.7277),
(4, 2, 'C', 1, 2009, 6.3847),
(4, 2, 'C', 1, 2010, 6.0417),
(4, 2, 'C', 1, 2011, 5.6987),
(4, 2, 'C', 1, 2012, 5.3557),
(4, 2, 'C', 1, 2013, 5.0127),
(4, 2, 'C', 1, 2014, 5.0127),
(4, 2, 'D', 1, 2003, 6.08825),
(4, 2, 'D', 1, 2004, 5.77955),
(4, 2, 'D', 1, 2005, 5.47085),
(4, 2, 'D', 1, 2006, 5.16215),
(4, 2, 'D', 1, 2007, 4.459),
(4, 2, 'D', 1, 2008, 4.2189),
(4, 2, 'D', 1, 2009, 3.9788),
(4, 2, 'D', 1, 2010, 3.7387),
(4, 2, 'D', 1, 2011, 3.4986),
(4, 2, 'D', 1, 2012, 3.2585),
(4, 2, 'D', 1, 2013, 3.0184),
(4, 2, 'D', 1, 2014, 3.0184),
(4, 2, 'E', 1, 2003, 5.39882),
(4, 2, 'E', 1, 2004, 5.01466),
(4, 2, 'E', 1, 2005, 4.6305),
(4, 2, 'E', 1, 2006, 4.24634),
(4, 2, 'E', 1, 2007, 3.773),
(4, 2, 'E', 1, 2008, 3.5672),
(4, 2, 'E', 1, 2009, 3.3271),
(4, 2, 'E', 1, 2010, 3.087),
(4, 2, 'E', 1, 2011, 2.8469),
(4, 2, 'E', 1, 2012, 2.6068),
(4, 2, 'E', 1, 2013, 2.3667),
(4, 2, 'E', 1, 2014, 2.3667),
(5, 1, 'A', 1, 2000, 9.15),
(5, 1, 'A', 1, 2001, 8.42),
(5, 1, 'A', 1, 2002, 7.75),
(5, 1, 'A', 1, 2003, 7.13),
(5, 1, 'A', 1, 2004, 6.63),
(5, 1, 'A', 1, 2005, 5.9),
(5, 1, 'A', 1, 2006, 5.2),
(5, 1, 'A', 1, 2007, 4.5),
(5, 1, 'A', 1, 2008, 4.2),
(5, 1, 'A', 1, 2009, 4.04),
(5, 1, 'A', 1, 2010, 3.92),
(5, 1, 'A', 1, 2011, 3.81),
(5, 1, 'A', 1, 2012, 3.65),
(5, 1, 'A', 1, 2013, 3.47),
(5, 1, 'A', 2, 2000, 9.1),
(5, 1, 'A', 2, 2001, 8.33),
(5, 1, 'A', 2, 2002, 7.62),
(5, 1, 'A', 2, 2003, 6.98),
(5, 1, 'A', 2, 2004, 6.57),
(5, 1, 'A', 2, 2005, 6.09),
(5, 1, 'A', 2, 2006, 5.46),
(5, 1, 'A', 2, 2007, 4.92),
(5, 1, 'A', 2, 2008, 4.56),
(5, 1, 'A', 2, 2009, 4.23),
(5, 1, 'A', 2, 2010, 3.94),
(5, 1, 'A', 2, 2011, 3.71),
(5, 1, 'A', 2, 2012, 3.51),
(5, 1, 'A', 2, 2013, 3.34),
(5, 1, 'A', 3, 2000, 11.65),
(5, 1, 'A', 3, 2001, 10.88),
(5, 1, 'A', 3, 2002, 10.15),
(5, 1, 'A', 3, 2003, 9.47),
(5, 1, 'A', 3, 2004, 8.86),
(5, 1, 'A', 3, 2005, 8.32),
(5, 1, 'A', 3, 2006, 7.82),
(5, 1, 'A', 3, 2007, 7.35),
(5, 1, 'A', 3, 2008, 6.11),
(5, 1, 'A', 3, 2009, 5.7),
(5, 1, 'A', 3, 2010, 5.22),
(5, 1, 'A', 3, 2011, 4.84),
(5, 1, 'A', 3, 2012, 4.77),
(5, 1, 'A', 3, 2013, 4.53),
(5, 1, 'B', 1, 2000, 11.36),
(5, 1, 'B', 1, 2001, 10.45),
(5, 1, 'B', 1, 2002, 9.62),
(5, 1, 'B', 1, 2003, 8.85),
(5, 1, 'B', 1, 2004, 7.8),
(5, 1, 'B', 1, 2005, 7),
(5, 1, 'B', 1, 2006, 6.62),
(5, 1, 'B', 1, 2007, 6.08),
(5, 1, 'B', 1, 2008, 5.45),
(5, 1, 'B', 1, 2009, 5.04),
(5, 1, 'B', 1, 2010, 4.73),
(5, 1, 'B', 1, 2011, 4.45),
(5, 1, 'B', 1, 2012, 4.35),
(5, 1, 'B', 1, 2013, 4.13),
(5, 1, 'B', 2, 2000, 10.5),
(5, 1, 'B', 2, 2001, 9.61),
(5, 1, 'B', 2, 2002, 8.79),
(5, 1, 'B', 2, 2003, 8.05),
(5, 1, 'B', 2, 2004, 7.4),
(5, 1, 'B', 2, 2005, 6.8),
(5, 1, 'B', 2, 2006, 6.12),
(5, 1, 'B', 2, 2007, 5.65),
(5, 1, 'B', 2, 2008, 5.15),
(5, 1, 'B', 2, 2009, 4.79),
(5, 1, 'B', 2, 2010, 4.35),
(5, 1, 'B', 2, 2011, 4.15),
(5, 1, 'B', 2, 2012, 3.88),
(5, 1, 'B', 2, 2013, 3.69),
(5, 1, 'B', 3, 2000, 14.7),
(5, 1, 'B', 3, 2001, 13.72),
(5, 1, 'B', 3, 2002, 12.81),
(5, 1, 'B', 3, 2003, 11.95),
(5, 1, 'B', 3, 2004, 11.4),
(5, 1, 'B', 3, 2005, 10.77),
(5, 1, 'B', 3, 2006, 10.22),
(5, 1, 'B', 3, 2007, 9.66),
(5, 1, 'B', 3, 2008, 8.05),
(5, 1, 'B', 3, 2009, 7.68),
(5, 1, 'B', 3, 2010, 6.98),
(5, 1, 'B', 3, 2011, 6.55),
(5, 1, 'B', 3, 2012, 6.44),
(5, 1, 'B', 3, 2013, 6.12),
(5, 1, 'C', 1, 2000, 13.16),
(5, 1, 'C', 1, 2001, 12.11),
(5, 1, 'C', 1, 2002, 11.14),
(5, 1, 'C', 1, 2003, 10.25),
(5, 1, 'C', 1, 2004, 9.47),
(5, 1, 'C', 1, 2005, 8.69),
(5, 1, 'C', 1, 2006, 7.94),
(5, 1, 'C', 1, 2007, 7.32),
(5, 1, 'C', 1, 2008, 6.59),
(5, 1, 'C', 1, 2009, 5.96),
(5, 1, 'C', 1, 2010, 5.52),
(5, 1, 'C', 1, 2011, 5.08),
(5, 1, 'C', 1, 2012, 4.94),
(5, 1, 'C', 1, 2013, 4.7),
(5, 1, 'C', 2, 2000, 13.02),
(5, 1, 'C', 2, 2001, 11.91),
(5, 1, 'C', 2, 2002, 10.9),
(5, 1, 'C', 2, 2003, 9.98),
(5, 1, 'C', 2, 2004, 9.41),
(5, 1, 'C', 2, 2005, 8.91),
(5, 1, 'C', 2, 2006, 8.62),
(5, 1, 'C', 2, 2007, 8.07),
(5, 1, 'C', 2, 2008, 7.51),
(5, 1, 'C', 2, 2009, 6.96),
(5, 1, 'C', 2, 2010, 6.51),
(5, 1, 'C', 2, 2011, 5.9),
(5, 1, 'C', 2, 2012, 5.47),
(5, 1, 'C', 2, 2013, 5.19),
(5, 1, 'D', 1, 2000, 13.8),
(5, 1, 'D', 1, 2001, 12.7),
(5, 1, 'D', 1, 2002, 11.68),
(5, 1, 'D', 1, 2003, 10.75),
(5, 1, 'D', 1, 2004, 10.17),
(5, 1, 'D', 1, 2005, 9.08),
(5, 1, 'D', 1, 2006, 8.39),
(5, 1, 'D', 1, 2007, 7.97),
(5, 1, 'D', 1, 2008, 7.4),
(5, 1, 'D', 1, 2009, 7.1),
(5, 1, 'D', 1, 2010, 6.66),
(5, 1, 'D', 1, 2011, 6.24),
(5, 1, 'D', 1, 2012, 6.02),
(5, 1, 'D', 1, 2013, 5.72),
(5, 1, 'E', 1, 2000, 16.79),
(5, 1, 'E', 1, 2001, 15.45),
(5, 1, 'E', 1, 2002, 14.22),
(5, 1, 'E', 1, 2003, 13.08),
(5, 1, 'E', 1, 2004, 12.51),
(5, 1, 'E', 1, 2005, 11.87),
(5, 1, 'E', 1, 2006, 11.35),
(5, 1, 'E', 1, 2007, 10.67),
(5, 1, 'E', 1, 2008, 9.68),
(5, 1, 'E', 1, 2009, 9.34),
(5, 1, 'E', 1, 2010, 8.84),
(5, 1, 'E', 1, 2011, 8.4),
(5, 1, 'E', 1, 2012, 8.22),
(5, 1, 'E', 1, 2013, 7.81),
(5, 1, 'F', 1, 2000, 18.67),
(5, 1, 'F', 1, 2001, 17.17),
(5, 1, 'F', 1, 2002, 15.8),
(5, 1, 'F', 1, 2003, 14.54),
(5, 1, 'F', 1, 2004, 13.84),
(5, 1, 'F', 1, 2005, 13.18),
(5, 1, 'F', 1, 2006, 12.57),
(5, 1, 'F', 1, 2007, 11.81),
(5, 1, 'F', 1, 2008, 11.07),
(5, 1, 'F', 1, 2009, 10.63),
(5, 1, 'F', 1, 2010, 10.02),
(5, 1, 'F', 1, 2011, 9.39),
(5, 1, 'F', 1, 2012, 9.18),
(5, 1, 'F', 1, 2013, 8.72),
(5, 1, 'G', 1, 2000, 20.19),
(5, 1, 'G', 1, 2001, 18.58),
(5, 1, 'G', 1, 2002, 17.1),
(5, 1, 'G', 1, 2003, 15.73),
(5, 1, 'G', 1, 2004, 14.86),
(5, 1, 'G', 1, 2005, 13.82),
(5, 1, 'G', 1, 2006, 13.37),
(5, 1, 'G', 1, 2007, 12.83),
(5, 1, 'G', 1, 2008, 12.3),
(5, 1, 'G', 1, 2009, 11.96),
(5, 1, 'G', 1, 2010, 11.48),
(5, 1, 'G', 1, 2011, 10.9),
(5, 1, 'G', 1, 2012, 10.68),
(5, 1, 'G', 1, 2013, 10.14),
(5, 1, 'H', 1, 2000, 23.48),
(5, 1, 'H', 1, 2001, 21.6),
(5, 1, 'H', 1, 2002, 19.88),
(5, 1, 'H', 1, 2003, 18.29),
(5, 1, 'H', 1, 2004, 17.37),
(5, 1, 'H', 1, 2005, 16.91),
(5, 1, 'H', 1, 2006, 16.44),
(5, 1, 'H', 1, 2007, 15.48),
(5, 1, 'H', 1, 2008, 14.4),
(5, 1, 'H', 1, 2009, 13.95),
(5, 1, 'H', 1, 2010, 13.43),
(5, 1, 'H', 1, 2011, 12.8),
(5, 1, 'H', 1, 2012, 12.51),
(5, 1, 'H', 1, 2013, 11.89),
(5, 2, 'A', 1, 1997, 9.39),
(5, 2, 'A', 1, 1998, 8.64),
(5, 2, 'A', 1, 1999, 7.95),
(5, 2, 'A', 1, 2000, 7.32),
(5, 2, 'A', 1, 2001, 6.73),
(5, 2, 'A', 1, 2002, 6.19),
(5, 2, 'A', 1, 2003, 5.7),
(5, 2, 'A', 1, 2004, 5.3),
(5, 2, 'A', 1, 2005, 4.72),
(5, 2, 'A', 1, 2006, 4.16),
(5, 2, 'A', 1, 2007, 3.6),
(5, 2, 'A', 1, 2008, 3.36),
(5, 2, 'A', 1, 2009, 3.23),
(5, 2, 'A', 1, 2010, 3.14),
(5, 2, 'A', 1, 2011, 3.05),
(5, 2, 'A', 1, 2012, 2.92),
(5, 2, 'A', 1, 2013, 2.77),
(5, 2, 'A', 2, 1997, 9.5),
(5, 2, 'A', 2, 1998, 8.7),
(5, 2, 'A', 2, 1999, 7.96),
(5, 2, 'A', 2, 2000, 7.28),
(5, 2, 'A', 2, 2001, 6.67),
(5, 2, 'A', 2, 2002, 6.1),
(5, 2, 'A', 2, 2003, 5.58),
(5, 2, 'A', 2, 2004, 5.25),
(5, 2, 'A', 2, 2005, 4.86),
(5, 2, 'A', 2, 2006, 4.37),
(5, 2, 'A', 2, 2007, 3.94),
(5, 2, 'A', 2, 2008, 3.66),
(5, 2, 'A', 2, 2009, 3.38),
(5, 2, 'A', 2, 2010, 3.15),
(5, 2, 'A', 2, 2011, 2.97),
(5, 2, 'A', 2, 2012, 2.81),
(5, 2, 'A', 2, 2013, 2.67),
(5, 2, 'A', 3, 1997, 11.47),
(5, 2, 'A', 3, 1998, 10.7),
(5, 2, 'A', 3, 1999, 9.99),
(5, 2, 'A', 3, 2000, 9.32),
(5, 2, 'A', 3, 2001, 8.7),
(5, 2, 'A', 3, 2002, 8.12),
(5, 2, 'A', 3, 2003, 7.58),
(5, 2, 'A', 3, 2004, 7.09),
(5, 2, 'A', 3, 2005, 6.66),
(5, 2, 'A', 3, 2006, 6.26),
(5, 2, 'A', 3, 2007, 5.88),
(5, 2, 'A', 3, 2008, 4.89),
(5, 2, 'A', 3, 2009, 4.56),
(5, 2, 'A', 3, 2010, 4.17),
(5, 2, 'A', 3, 2011, 3.87),
(5, 2, 'A', 3, 2012, 3.81),
(5, 2, 'A', 3, 2013, 3.62),
(5, 2, 'B', 1, 1997, 11.67),
(5, 2, 'B', 1, 1998, 10.74),
(5, 2, 'B', 1, 1999, 9.88),
(5, 2, 'B', 1, 2000, 9.09),
(5, 2, 'B', 1, 2001, 8.36),
(5, 2, 'B', 1, 2002, 7.69),
(5, 2, 'B', 1, 2003, 7.08),
(5, 2, 'B', 1, 2004, 6.24),
(5, 2, 'B', 1, 2005, 5.6),
(5, 2, 'B', 1, 2006, 5.29),
(5, 2, 'B', 1, 2007, 4.86),
(5, 2, 'B', 1, 2008, 4.36),
(5, 2, 'B', 1, 2009, 4.03),
(5, 2, 'B', 1, 2010, 3.79),
(5, 2, 'B', 1, 2011, 3.56),
(5, 2, 'B', 1, 2012, 3.48),
(5, 2, 'B', 1, 2013, 3.31),
(5, 2, 'B', 2, 1997, 8.05),
(5, 2, 'B', 2, 1998, 7.37),
(5, 2, 'B', 2, 1999, 6.75),
(5, 2, 'B', 2, 2000, 6.18),
(5, 2, 'B', 2, 2001, 5.65),
(5, 2, 'B', 2, 2002, 5.17),
(5, 2, 'B', 2, 2003, 4.73),
(5, 2, 'B', 2, 2004, 5.92),
(5, 2, 'B', 2, 2005, 5.44),
(5, 2, 'B', 2, 2006, 4.9),
(5, 2, 'B', 2, 2007, 4.52),
(5, 2, 'B', 2, 2008, 4.12),
(5, 2, 'B', 2, 2009, 3.83),
(5, 2, 'B', 2, 2010, 3.49),
(5, 2, 'B', 2, 2011, 3.32),
(5, 2, 'B', 2, 2012, 3.1),
(5, 2, 'B', 2, 2013, 2.95),
(5, 2, 'B', 3, 1997, 12.78),
(5, 2, 'B', 3, 1998, 11.92),
(5, 2, 'B', 3, 1999, 11.13),
(5, 2, 'B', 3, 2000, 10.38),
(5, 2, 'B', 3, 2001, 9.69),
(5, 2, 'B', 3, 2002, 9.04),
(5, 2, 'B', 3, 2003, 8.44),
(5, 2, 'B', 3, 2004, 8.05),
(5, 2, 'B', 3, 2005, 7.6),
(5, 2, 'B', 3, 2006, 7.22),
(5, 2, 'B', 3, 2007, 6.82),
(5, 2, 'B', 3, 2008, 5.68),
(5, 2, 'B', 3, 2009, 5.42),
(5, 2, 'B', 3, 2010, 4.93),
(5, 2, 'B', 3, 2011, 4.62),
(5, 2, 'B', 3, 2012, 4.54),
(5, 2, 'B', 3, 2013, 4.32),
(5, 2, 'C', 1, 1997, 13.51),
(5, 2, 'C', 1, 1998, 12.43),
(5, 2, 'C', 1, 1999, 11.44),
(5, 2, 'C', 1, 2000, 10.53),
(5, 2, 'C', 1, 2001, 9.69),
(5, 2, 'C', 1, 2002, 8.91),
(5, 2, 'C', 1, 2003, 8.2),
(5, 2, 'C', 1, 2004, 7.57),
(5, 2, 'C', 1, 2005, 6.95),
(5, 2, 'C', 1, 2006, 6.35),
(5, 2, 'C', 1, 2007, 5.86),
(5, 2, 'C', 1, 2008, 5.27),
(5, 2, 'C', 1, 2009, 4.76),
(5, 2, 'C', 1, 2010, 4.42),
(5, 2, 'C', 1, 2011, 4.06),
(5, 2, 'C', 1, 2012, 3.95),
(5, 2, 'C', 1, 2013, 3.75),
(5, 2, 'C', 2, 1997, 11.99),
(5, 2, 'C', 2, 1998, 10.97),
(5, 2, 'C', 2, 1999, 10.04),
(5, 2, 'C', 2, 2000, 9.19),
(5, 2, 'C', 2, 2001, 8.41),
(5, 2, 'C', 2, 2002, 7.7),
(5, 2, 'C', 2, 2003, 7.05),
(5, 2, 'C', 2, 2004, 6.64),
(5, 2, 'C', 2, 2005, 6.29),
(5, 2, 'C', 2, 2006, 6.09),
(5, 2, 'C', 2, 2007, 5.7),
(5, 2, 'C', 2, 2008, 5.3),
(5, 2, 'C', 2, 2009, 4.91),
(5, 2, 'C', 2, 2010, 4.6),
(5, 2, 'C', 2, 2011, 4.17),
(5, 2, 'C', 2, 2012, 3.86),
(5, 2, 'C', 2, 2013, 3.66),
(5, 2, 'D', 1, 1997, 14.17),
(5, 2, 'D', 1, 1998, 13.04),
(5, 2, 'D', 1, 1999, 12),
(5, 2, 'D', 1, 2000, 11.04),
(5, 2, 'D', 1, 2001, 10.16),
(5, 2, 'D', 1, 2002, 9.35),
(5, 2, 'D', 1, 2003, 8.6),
(5, 2, 'D', 1, 2004, 8.14),
(5, 2, 'D', 1, 2005, 7.27),
(5, 2, 'D', 1, 2006, 6.71),
(5, 2, 'D', 1, 2007, 6.38),
(5, 2, 'D', 1, 2008, 5.92),
(5, 2, 'D', 1, 2009, 5.68),
(5, 2, 'D', 1, 2010, 5.33),
(5, 2, 'D', 1, 2011, 4.99),
(5, 2, 'D', 1, 2012, 4.82),
(5, 2, 'D', 1, 2013, 4.58),
(5, 2, 'E', 1, 1997, 15.21),
(5, 2, 'E', 1, 1998, 14),
(5, 2, 'E', 1, 1999, 12.88),
(5, 2, 'E', 1, 2000, 11.85),
(5, 2, 'E', 1, 2001, 10.9),
(5, 2, 'E', 1, 2002, 10.03),
(5, 2, 'E', 1, 2003, 9.23),
(5, 2, 'E', 1, 2004, 8.83),
(5, 2, 'E', 1, 2005, 8.38),
(5, 2, 'E', 1, 2006, 8.01),
(5, 2, 'E', 1, 2007, 7.53),
(5, 2, 'E', 1, 2008, 6.83),
(5, 2, 'E', 1, 2009, 6.59),
(5, 2, 'E', 1, 2010, 6.24),
(5, 2, 'E', 1, 2011, 5.93),
(5, 2, 'E', 1, 2012, 5.8),
(5, 2, 'E', 1, 2013, 5.51),
(5, 2, 'F', 1, 1997, 16.93),
(5, 2, 'F', 1, 1998, 15.57),
(5, 2, 'F', 1, 1999, 14.33),
(5, 2, 'F', 1, 2000, 13.18),
(5, 2, 'F', 1, 2001, 12.13),
(5, 2, 'F', 1, 2002, 11.16),
(5, 2, 'F', 1, 2003, 10.27),
(5, 2, 'F', 1, 2004, 9.77),
(5, 2, 'F', 1, 2005, 9.3),
(5, 2, 'F', 1, 2006, 8.87),
(5, 2, 'F', 1, 2007, 8.33),
(5, 2, 'F', 1, 2008, 7.81),
(5, 2, 'F', 1, 2009, 7.5),
(5, 2, 'F', 1, 2010, 7.07),
(5, 2, 'F', 1, 2011, 6.63),
(5, 2, 'F', 1, 2012, 6.48),
(5, 2, 'F', 1, 2013, 6.16),
(5, 2, 'G', 1, 1997, 18.52),
(5, 2, 'G', 1, 1998, 17.04),
(5, 2, 'G', 1, 1999, 15.68),
(5, 2, 'G', 1, 2000, 14.43),
(5, 2, 'G', 1, 2001, 13.28),
(5, 2, 'G', 1, 2002, 12.22),
(5, 2, 'G', 1, 2003, 11.24),
(5, 2, 'G', 1, 2004, 10.49),
(5, 2, 'G', 1, 2005, 9.75),
(5, 2, 'G', 1, 2006, 9.44),
(5, 2, 'G', 1, 2007, 9.06),
(5, 2, 'G', 1, 2008, 8.68),
(5, 2, 'G', 1, 2009, 8.44),
(5, 2, 'G', 1, 2010, 8.1),
(5, 2, 'G', 1, 2011, 7.7),
(5, 2, 'G', 1, 2012, 7.54),
(5, 2, 'G', 1, 2013, 7.16),
(5, 2, 'H', 1, 1997, 21.28),
(5, 2, 'H', 1, 1998, 19.58),
(5, 2, 'H', 1, 1999, 18.01),
(5, 2, 'H', 1, 2000, 16.57),
(5, 2, 'H', 1, 2001, 15.25),
(5, 2, 'H', 1, 2002, 14.03),
(5, 2, 'H', 1, 2003, 12.91),
(5, 2, 'H', 1, 2004, 12.26),
(5, 2, 'H', 1, 2005, 11.94),
(5, 2, 'H', 1, 2006, 11.6),
(5, 2, 'H', 1, 2007, 10.92),
(5, 2, 'H', 1, 2008, 10.16),
(5, 2, 'H', 1, 2009, 9.85),
(5, 2, 'H', 1, 2010, 9.48),
(5, 2, 'H', 1, 2011, 9.03),
(5, 2, 'H', 1, 2012, 8.83),
(5, 2, 'H', 1, 2013, 8.39),
(6, 1, 'A', 1, 2003, 9.6),
(6, 1, 'A', 1, 2004, 8.6),
(6, 1, 'A', 1, 2005, 8),
(6, 1, 'A', 1, 2006, 7),
(6, 1, 'A', 1, 2007, 6.1),
(6, 1, 'A', 1, 2008, 5.3),
(6, 1, 'A', 1, 2009, 5.1),
(6, 1, 'A', 1, 2010, 5),
(6, 1, 'A', 1, 2011, 4.9),
(6, 1, 'A', 1, 2012, 4.8),
(6, 1, 'A', 1, 2013, 4.5),
(6, 1, 'B', 1, 2003, 12.5),
(6, 1, 'B', 1, 2004, 11.5),
(6, 1, 'B', 1, 2005, 10),
(6, 1, 'B', 1, 2006, 9),
(6, 1, 'B', 1, 2007, 8.3),
(6, 1, 'B', 1, 2008, 7.7),
(6, 1, 'B', 1, 2009, 7.1),
(6, 1, 'B', 1, 2010, 6.5),
(6, 1, 'B', 1, 2011, 6),
(6, 1, 'B', 1, 2012, 5.7),
(6, 1, 'B', 1, 2013, 5.4),
(6, 1, 'C', 1, 2003, 13.9),
(6, 1, 'C', 1, 2004, 13.1),
(6, 1, 'C', 1, 2005, 12),
(6, 1, 'C', 1, 2006, 11.2),
(6, 1, 'C', 1, 2007, 10.1),
(6, 1, 'C', 1, 2008, 9.3),
(6, 1, 'C', 1, 2009, 8.4),
(6, 1, 'C', 1, 2010, 7.6),
(6, 1, 'C', 1, 2011, 7.1),
(6, 1, 'C', 1, 2012, 6.5),
(6, 1, 'C', 1, 2013, 6.3),
(6, 1, 'D', 1, 2003, 14.1),
(6, 1, 'D', 1, 2004, 13.4),
(6, 1, 'D', 1, 2005, 12.8),
(6, 1, 'D', 1, 2006, 11.3),
(6, 1, 'D', 1, 2007, 10.1),
(6, 1, 'D', 1, 2008, 9.9),
(6, 1, 'D', 1, 2009, 9.4),
(6, 1, 'D', 1, 2010, 9),
(6, 1, 'D', 1, 2011, 8.5),
(6, 1, 'D', 1, 2012, 8),
(6, 1, 'D', 1, 2013, 7.4),
(6, 1, 'E', 1, 2003, 14.8),
(6, 1, 'E', 1, 2004, 13.7),
(6, 1, 'E', 1, 2005, 13.3),
(6, 1, 'E', 1, 2006, 12.8),
(6, 1, 'E', 1, 2007, 12.1),
(6, 1, 'E', 1, 2008, 11.5),
(6, 1, 'E', 1, 2009, 10.4),
(6, 1, 'E', 1, 2010, 10.1),
(6, 1, 'E', 1, 2011, 9.8),
(6, 1, 'E', 1, 2012, 9.4),
(6, 1, 'E', 1, 2013, 9),
(6, 1, 'F', 1, 2003, 16.3),
(6, 1, 'F', 1, 2004, 15.2),
(6, 1, 'F', 1, 2005, 14.6),
(6, 1, 'F', 1, 2006, 14.1),
(6, 1, 'F', 1, 2007, 13.3),
(6, 1, 'F', 1, 2008, 12.6),
(6, 1, 'F', 1, 2009, 11.9),
(6, 1, 'F', 1, 2010, 11.4),
(6, 1, 'F', 1, 2011, 11),
(6, 1, 'F', 1, 2012, 10.6),
(6, 1, 'F', 1, 2013, 10.3),
(6, 1, 'G', 1, 2003, 20.4),
(6, 1, 'G', 1, 2004, 18.5),
(6, 1, 'G', 1, 2005, 17.3),
(6, 1, 'G', 1, 2006, 16.4),
(6, 1, 'G', 1, 2007, 16.3),
(6, 1, 'G', 1, 2008, 15.9),
(6, 1, 'G', 1, 2009, 15.7),
(6, 1, 'G', 1, 2010, 15.3),
(6, 1, 'G', 1, 2011, 14.8),
(6, 1, 'G', 1, 2012, 14.1),
(6, 1, 'G', 1, 2013, 13.7),
(6, 1, 'G PLUS', 1, 2003, 18),
(6, 1, 'G PLUS', 1, 2004, 16.3),
(6, 1, 'G PLUS', 1, 2005, 15.5),
(6, 1, 'G PLUS', 1, 2006, 14.9),
(6, 1, 'G PLUS', 1, 2007, 14.2),
(6, 1, 'G PLUS', 1, 2008, 13.7),
(6, 1, 'G PLUS', 1, 2009, 13.3),
(6, 1, 'G PLUS', 1, 2010, 13),
(6, 1, 'G PLUS', 1, 2011, 12.4),
(6, 1, 'G PLUS', 1, 2012, 12),
(6, 1, 'G PLUS', 1, 2013, 11.6),
(6, 1, 'H', 1, 2003, 21),
(6, 1, 'H', 1, 2004, 20.2),
(6, 1, 'H', 1, 2005, 19.5),
(6, 1, 'H', 1, 2006, 19.3),
(6, 1, 'H', 1, 2007, 18.9),
(6, 1, 'H', 1, 2008, 18.5),
(6, 1, 'H', 1, 2009, 17.2),
(6, 1, 'H', 1, 2010, 16.8),
(6, 1, 'H', 1, 2011, 16.5),
(6, 1, 'H', 1, 2012, 15.9),
(6, 1, 'H', 1, 2013, 15.4),
(6, 1, 'I', 2, 2003, 10.9),
(6, 1, 'I', 2, 2004, 10.1),
(6, 1, 'I', 2, 2005, 9.5),
(6, 1, 'I', 2, 2006, 8.8),
(6, 1, 'I', 2, 2007, 7.9),
(6, 1, 'I', 2, 2008, 7),
(6, 1, 'I', 2, 2009, 6.7),
(6, 1, 'I', 2, 2010, 6.3),
(6, 1, 'I', 2, 2011, 5.9),
(6, 1, 'I', 2, 2012, 5.6),
(6, 1, 'I', 2, 2013, 5.3),
(6, 1, 'J', 2, 2003, 12.7),
(6, 1, 'J', 2, 2004, 11.7),
(6, 1, 'J', 2, 2005, 10.6),
(6, 1, 'J', 2, 2006, 9.7),
(6, 1, 'J', 2, 2007, 8.7),
(6, 1, 'J', 2, 2008, 8),
(6, 1, 'J', 2, 2009, 7.4),
(6, 1, 'J', 2, 2010, 7),
(6, 1, 'J', 2, 2011, 6.3),
(6, 1, 'J', 2, 2012, 5.9),
(6, 1, 'J', 2, 2013, 5.5),
(6, 1, 'K', 2, 2003, 13.8),
(6, 1, 'K', 2, 2004, 12.7),
(6, 1, 'K', 2, 2005, 12),
(6, 1, 'K', 2, 2006, 11.5),
(6, 1, 'K', 2, 2007, 11.2),
(6, 1, 'K', 2, 2008, 10.4),
(6, 1, 'K', 2, 2009, 9.8),
(6, 1, 'K', 2, 2010, 9.1),
(6, 1, 'K', 2, 2011, 8.4),
(6, 1, 'K', 2, 2012, 7.5),
(6, 1, 'K', 2, 2013, 6.8),
(6, 1, 'L', 3, 2003, 17.6),
(6, 1, 'L', 3, 2004, 16.3),
(6, 1, 'L', 3, 2005, 15.2),
(6, 1, 'L', 3, 2006, 14.3),
(6, 1, 'L', 3, 2007, 13.6),
(6, 1, 'L', 3, 2008, 12.9),
(6, 1, 'L', 3, 2009, 11.8),
(6, 1, 'L', 3, 2010, 10.9),
(6, 1, 'L', 3, 2011, 9.8),
(6, 1, 'L', 3, 2012, 9.3),
(6, 1, 'L', 3, 2013, 8.9),
(6, 1, 'L PLUS', 3, 2003, 14),
(6, 1, 'L PLUS', 3, 2004, 12.8),
(6, 1, 'L PLUS', 3, 2005, 11.9),
(6, 1, 'L PLUS', 3, 2006, 11),
(6, 1, 'L PLUS', 3, 2007, 10),
(6, 1, 'L PLUS', 3, 2008, 9.9),
(6, 1, 'L PLUS', 3, 2009, 9.7),
(6, 1, 'L PLUS', 3, 2010, 9.3),
(6, 1, 'L PLUS', 3, 2011, 8.6),
(6, 1, 'L PLUS', 3, 2012, 7.9),
(6, 1, 'L PLUS', 3, 2013, 7.2),
(6, 1, 'M', 3, 2003, 18.2),
(6, 1, 'M', 3, 2004, 17.3),
(6, 1, 'M', 3, 2005, 16.6),
(6, 1, 'M', 3, 2006, 15.7),
(6, 1, 'M', 3, 2007, 15),
(6, 1, 'M', 3, 2008, 14.3),
(6, 1, 'M', 3, 2009, 13.9),
(6, 1, 'M', 3, 2010, 13.6),
(6, 1, 'M', 3, 2011, 12.1),
(6, 1, 'M', 3, 2012, 11.7),
(6, 1, 'M', 3, 2013, 11.2),
(6, 2, 'A', 1, 2003, 5.3),
(6, 2, 'A', 1, 2004, 4.5),
(6, 2, 'A', 1, 2005, 4.2),
(6, 2, 'A', 1, 2006, 3.7),
(6, 2, 'A', 1, 2007, 3.2),
(6, 2, 'A', 1, 2008, 2.8),
(6, 2, 'A', 1, 2009, 2.6),
(6, 2, 'A', 1, 2010, 2.6),
(6, 2, 'A', 1, 2011, 2.5),
(6, 2, 'A', 1, 2012, 2.2),
(6, 2, 'A', 1, 2013, 2.1),
(6, 2, 'B', 1, 2003, 6.8),
(6, 2, 'B', 1, 2004, 6),
(6, 2, 'B', 1, 2005, 5.2),
(6, 2, 'B', 1, 2006, 4.7),
(6, 2, 'B', 1, 2007, 4.4),
(6, 2, 'B', 1, 2008, 4),
(6, 2, 'B', 1, 2009, 3.8),
(6, 2, 'B', 1, 2010, 3.4),
(6, 2, 'B', 1, 2011, 3.2),
(6, 2, 'B', 1, 2012, 2.6),
(6, 2, 'B', 1, 2013, 2.5),
(6, 2, 'C', 1, 2003, 7.7),
(6, 2, 'C', 1, 2004, 6.9),
(6, 2, 'C', 1, 2005, 6.3),
(6, 2, 'C', 1, 2006, 6),
(6, 2, 'C', 1, 2007, 5.3),
(6, 2, 'C', 1, 2008, 4.9),
(6, 2, 'C', 1, 2009, 4.4),
(6, 2, 'C', 1, 2010, 4),
(6, 2, 'C', 1, 2011, 3.7),
(6, 2, 'C', 1, 2012, 3),
(6, 2, 'C', 1, 2013, 2.9),
(6, 2, 'D', 1, 2003, 7.7),
(6, 2, 'D', 1, 2004, 7),
(6, 2, 'D', 1, 2005, 6.7),
(6, 2, 'D', 1, 2006, 6),
(6, 2, 'D', 1, 2007, 5.4),
(6, 2, 'D', 1, 2008, 5.2),
(6, 2, 'D', 1, 2009, 5),
(6, 2, 'D', 1, 2010, 4.7),
(6, 2, 'D', 1, 2011, 4.4),
(6, 2, 'D', 1, 2012, 3.6),
(6, 2, 'D', 1, 2013, 3.4),
(6, 2, 'E', 1, 2003, 8.1),
(6, 2, 'E', 1, 2004, 7.2),
(6, 2, 'E', 1, 2005, 7),
(6, 2, 'E', 1, 2006, 6.7),
(6, 2, 'E', 1, 2007, 6.4),
(6, 2, 'E', 1, 2008, 6.1),
(6, 2, 'E', 1, 2009, 5.5),
(6, 2, 'E', 1, 2010, 5.3),
(6, 2, 'E', 1, 2011, 5.1),
(6, 2, 'E', 1, 2012, 4.3),
(6, 2, 'E', 1, 2013, 4.2),
(6, 2, 'F', 1, 2003, 8.9),
(6, 2, 'F', 1, 2004, 8),
(6, 2, 'F', 1, 2005, 7.7),
(6, 2, 'F', 1, 2006, 7.4),
(6, 2, 'F', 1, 2007, 7),
(6, 2, 'F', 1, 2008, 6.6),
(6, 2, 'F', 1, 2009, 6.2),
(6, 2, 'F', 1, 2010, 6),
(6, 2, 'F', 1, 2011, 5.8),
(6, 2, 'F', 1, 2012, 4.8),
(6, 2, 'F', 1, 2013, 4.8),
(6, 2, 'G', 1, 2003, 11.2),
(6, 2, 'G', 1, 2004, 9.7),
(6, 2, 'G', 1, 2005, 9.1),
(6, 2, 'G', 1, 2006, 8.7),
(6, 2, 'G', 1, 2007, 8.5),
(6, 2, 'G', 1, 2008, 8.3),
(6, 2, 'G', 1, 2009, 8.2),
(6, 2, 'G', 1, 2010, 8),
(6, 2, 'G', 1, 2011, 7.7),
(6, 2, 'G', 1, 2012, 6.4),
(6, 2, 'G', 1, 2013, 6.3),
(6, 2, 'G PLUS', 1, 2003, 10.2),
(6, 2, 'G PLUS', 1, 2004, 8.9),
(6, 2, 'G PLUS', 1, 2005, 8.5),
(6, 2, 'G PLUS', 1, 2006, 8.1),
(6, 2, 'G PLUS', 1, 2007, 7.8),
(6, 2, 'G PLUS', 1, 2008, 7.5),
(6, 2, 'G PLUS', 1, 2009, 7.3),
(6, 2, 'G PLUS', 1, 2010, 7.1),
(6, 2, 'G PLUS', 1, 2011, 6.9),
(6, 2, 'G PLUS', 1, 2012, 5.7),
(6, 2, 'G PLUS', 1, 2013, 5.7),
(6, 2, 'H', 1, 2003, 11.5),
(6, 2, 'H', 1, 2004, 10.6),
(6, 2, 'H', 1, 2005, 10.3),
(6, 2, 'H', 1, 2006, 10.2),
(6, 2, 'H', 1, 2007, 9.9),
(6, 2, 'H', 1, 2008, 9.7),
(6, 2, 'H', 1, 2009, 9.1),
(6, 2, 'H', 1, 2010, 8.8),
(6, 2, 'H', 1, 2011, 8.6),
(6, 2, 'H', 1, 2012, 7.2),
(6, 2, 'H', 1, 2013, 7),
(6, 2, 'I', 2, 2003, 6.5),
(6, 2, 'I', 2, 2004, 6),
(6, 2, 'I', 2, 2005, 5.7),
(6, 2, 'I', 2, 2006, 4.8),
(6, 2, 'I', 2, 2007, 4.3),
(6, 2, 'I', 2, 2008, 3.8),
(6, 2, 'I', 2, 2009, 3.6),
(6, 2, 'I', 2, 2010, 3.4),
(6, 2, 'I', 2, 2011, 3.2),
(6, 2, 'I', 2, 2012, 3),
(6, 2, 'I', 2, 2013, 2.9),
(6, 2, 'J', 2, 2003, 7.6),
(6, 2, 'J', 2, 2004, 7),
(6, 2, 'J', 2, 2005, 6.3),
(6, 2, 'J', 2, 2006, 5.2),
(6, 2, 'J', 2, 2007, 4.7),
(6, 2, 'J', 2, 2008, 4.3),
(6, 2, 'J', 2, 2009, 4),
(6, 2, 'J', 2, 2010, 3.8),
(6, 2, 'J', 2, 2011, 3.4),
(6, 2, 'J', 2, 2012, 3.2),
(6, 2, 'J', 2, 2013, 3),
(6, 2, 'K', 2, 2003, 8.2),
(6, 2, 'K', 2, 2004, 7.6),
(6, 2, 'K', 2, 2005, 7.1),
(6, 2, 'K', 2, 2006, 6.2),
(6, 2, 'K', 2, 2007, 6.1),
(6, 2, 'K', 2, 2008, 5.7),
(6, 2, 'K', 2, 2009, 5.3),
(6, 2, 'K', 2, 2010, 5),
(6, 2, 'K', 2, 2011, 4.5),
(6, 2, 'K', 2, 2012, 4),
(6, 2, 'K', 2, 2013, 3.7),
(6, 2, 'L', 3, 2003, 11.4),
(6, 2, 'L', 3, 2004, 10.6),
(6, 2, 'L', 3, 2005, 9.9),
(6, 2, 'L', 3, 2006, 9.3),
(6, 2, 'L', 3, 2007, 8.4),
(6, 2, 'L', 3, 2008, 8.1),
(6, 2, 'L', 3, 2009, 6.7),
(6, 2, 'L', 3, 2010, 6.3),
(6, 2, 'L', 3, 2011, 5.6),
(6, 2, 'L', 3, 2012, 5.4),
(6, 2, 'L', 3, 2013, 5.1),
(6, 2, 'L PLUS', 3, 2003, 9.1),
(6, 2, 'L PLUS', 3, 2004, 8.3),
(6, 2, 'L PLUS', 3, 2005, 7.8),
(6, 2, 'L PLUS', 3, 2006, 7.2),
(6, 2, 'L PLUS', 3, 2007, 6.2),
(6, 2, 'L PLUS', 3, 2008, 6.2),
(6, 2, 'L PLUS', 3, 2009, 5.5),
(6, 2, 'L PLUS', 3, 2010, 5.4),
(6, 2, 'L PLUS', 3, 2011, 4.9),
(6, 2, 'L PLUS', 3, 2012, 4.6),
(6, 2, 'L PLUS', 3, 2013, 4.1),
(6, 2, 'M', 3, 2003, 11.8),
(6, 2, 'M', 3, 2004, 11.2),
(6, 2, 'M', 3, 2005, 10.8),
(6, 2, 'M', 3, 2006, 10.3),
(6, 2, 'M', 3, 2007, 9.3),
(6, 2, 'M', 3, 2008, 9),
(6, 2, 'M', 3, 2009, 8),
(6, 2, 'M', 3, 2010, 7.8),
(6, 2, 'M', 3, 2011, 6.9),
(6, 2, 'M', 3, 2012, 6.6),
(6, 2, 'M', 3, 2013, 6.5),
(7, 1, 'A', 1, 2000, 6.47),
(7, 1, 'A', 1, 2001, 6.47),
(7, 1, 'A', 1, 2002, 6.47),
(7, 1, 'A', 1, 2003, 5.59),
(7, 1, 'A', 1, 2004, 4.98),
(7, 1, 'A', 1, 2005, 4.49),
(7, 1, 'A', 1, 2006, 4.11),
(7, 1, 'A', 1, 2007, 3.79),
(7, 1, 'A', 1, 2008, 3.53),
(7, 1, 'A', 1, 2009, 3.32),
(7, 1, 'A', 1, 2010, 3.18),
(7, 1, 'A', 1, 2011, 3.18),
(7, 1, 'A', 1, 2012, 3.18),
(7, 1, 'A', 1, 2013, 3.18),
(7, 1, 'A', 1, 2014, 2.76),
(7, 1, 'A', 2, 2000, 6.84),
(7, 1, 'A', 2, 2001, 6.84),
(7, 1, 'A', 2, 2002, 6.84),
(7, 1, 'A', 2, 2003, 5.91),
(7, 1, 'A', 2, 2004, 5.27),
(7, 1, 'A', 2, 2005, 4.76),
(7, 1, 'A', 2, 2006, 4.33),
(7, 1, 'A', 2, 2007, 4.04),
(7, 1, 'A', 2, 2008, 3.79),
(7, 1, 'A', 2, 2009, 3.6),
(7, 1, 'A', 2, 2010, 3.43),
(7, 1, 'A', 2, 2011, 3.43),
(7, 1, 'A', 2, 2012, 3.43),
(7, 1, 'A', 2, 2013, 3.43),
(7, 1, 'A', 2, 2014, 2.97),
(7, 1, 'A', 3, 2000, 10.81),
(7, 1, 'A', 3, 2001, 10.81),
(7, 1, 'A', 3, 2002, 10.81),
(7, 1, 'A', 3, 2003, 9.38),
(7, 1, 'A', 3, 2004, 8.47),
(7, 1, 'A', 3, 2005, 7.69),
(7, 1, 'A', 3, 2006, 7.07),
(7, 1, 'A', 3, 2007, 6.55),
(7, 1, 'A', 3, 2008, 6.15),
(7, 1, 'A', 3, 2009, 5.8),
(7, 1, 'A', 3, 2010, 5.52),
(7, 1, 'A', 3, 2011, 5.52),
(7, 1, 'A', 3, 2012, 5.52),
(7, 1, 'A', 3, 2013, 5.52),
(7, 1, 'A', 3, 2014, 4.81),
(7, 1, 'B', 1, 2000, 8.2),
(7, 1, 'B', 1, 2001, 8.2),
(7, 1, 'B', 1, 2002, 8.2),
(7, 1, 'B', 1, 2003, 7.14),
(7, 1, 'B', 1, 2004, 6.41),
(7, 1, 'B', 1, 2005, 5.74),
(7, 1, 'B', 1, 2006, 5.26),
(7, 1, 'B', 1, 2007, 4.86),
(7, 1, 'B', 1, 2008, 4.52),
(7, 1, 'B', 1, 2009, 4.27),
(7, 1, 'B', 1, 2010, 4.05),
(7, 1, 'B', 1, 2011, 4.05),
(7, 1, 'B', 1, 2012, 4.05),
(7, 1, 'B', 1, 2013, 4.05),
(7, 1, 'B', 1, 2014, 3.53),
(7, 1, 'B', 2, 2000, 8.42),
(7, 1, 'B', 2, 2001, 8.42),
(7, 1, 'B', 2, 2002, 8.42),
(7, 1, 'B', 2, 2003, 7.32),
(7, 1, 'B', 2, 2004, 6.54),
(7, 1, 'B', 2, 2005, 5.89),
(7, 1, 'B', 2, 2006, 5.45),
(7, 1, 'B', 2, 2007, 5.04),
(7, 1, 'B', 2, 2008, 4.71),
(7, 1, 'B', 2, 2009, 4.42),
(7, 1, 'B', 2, 2010, 4.23),
(7, 1, 'B', 2, 2011, 4.23),
(7, 1, 'B', 2, 2012, 4.23),
(7, 1, 'B', 2, 2013, 4.23),
(7, 1, 'B', 2, 2014, 3.7),
(7, 1, 'B', 3, 2000, 12.44),
(7, 1, 'B', 3, 2001, 12.44),
(7, 1, 'B', 3, 2002, 12.44),
(7, 1, 'B', 3, 2003, 10.78),
(7, 1, 'B', 3, 2004, 9.72),
(7, 1, 'B', 3, 2005, 8.82),
(7, 1, 'B', 3, 2006, 8.09),
(7, 1, 'B', 3, 2007, 7.47),
(7, 1, 'B', 3, 2008, 6.99),
(7, 1, 'B', 3, 2009, 6.62),
(7, 1, 'B', 3, 2010, 6.33),
(7, 1, 'B', 3, 2011, 6.33),
(7, 1, 'B', 3, 2012, 6.33);
INSERT INTO `tbl_tasa_casco` (`id_convenio_as`, `id_tipo_co`, `clasificacion`, `tipo_carro`, `ano`, `tasa`) VALUES
(7, 1, 'B', 3, 2013, 6.33),
(7, 1, 'B', 3, 2014, 5.52),
(7, 1, 'C', 1, 2000, 11.31),
(7, 1, 'C', 1, 2001, 11.31),
(7, 1, 'C', 1, 2002, 11.31),
(7, 1, 'C', 1, 2003, 9.79),
(7, 1, 'C', 1, 2004, 8.76),
(7, 1, 'C', 1, 2005, 7.89),
(7, 1, 'C', 1, 2006, 7.24),
(7, 1, 'C', 1, 2007, 6.7),
(7, 1, 'C', 1, 2008, 6.29),
(7, 1, 'C', 1, 2009, 5.94),
(7, 1, 'C', 1, 2010, 5.71),
(7, 1, 'C', 1, 2011, 5.71),
(7, 1, 'C', 1, 2012, 5.71),
(7, 1, 'C', 1, 2013, 5.71),
(7, 1, 'C', 1, 2014, 4.82),
(7, 1, 'C', 2, 2000, 9.9),
(7, 1, 'C', 2, 2001, 9.9),
(7, 1, 'C', 2, 2002, 9.9),
(7, 1, 'C', 2, 2003, 8.61),
(7, 1, 'C', 2, 2004, 7.69),
(7, 1, 'C', 2, 2005, 6.93),
(7, 1, 'C', 2, 2006, 6.36),
(7, 1, 'C', 2, 2007, 5.91),
(7, 1, 'C', 2, 2008, 5.52),
(7, 1, 'C', 2, 2009, 5.2),
(7, 1, 'C', 2, 2010, 4.96),
(7, 1, 'C', 2, 2011, 4.96),
(7, 1, 'C', 2, 2012, 4.96),
(7, 1, 'C', 2, 2013, 4.96),
(7, 1, 'C', 2, 2014, 4.31),
(7, 1, 'D', 1, 2000, 12.76),
(7, 1, 'D', 1, 2001, 12.76),
(7, 1, 'D', 1, 2002, 12.76),
(7, 1, 'D', 1, 2003, 11.05),
(7, 1, 'D', 1, 2004, 9.9),
(7, 1, 'D', 1, 2005, 8.95),
(7, 1, 'D', 1, 2006, 8.23),
(7, 1, 'D', 1, 2007, 7.62),
(7, 1, 'D', 1, 2008, 7.16),
(7, 1, 'D', 1, 2009, 6.78),
(7, 1, 'D', 1, 2010, 6.47),
(7, 1, 'D', 1, 2011, 6.47),
(7, 1, 'D', 1, 2012, 6.47),
(7, 1, 'D', 1, 2013, 6.47),
(7, 1, 'D', 1, 2014, 5.64),
(7, 1, 'E', 1, 2000, 19.63),
(7, 1, 'E', 1, 2001, 19.63),
(7, 1, 'E', 1, 2002, 19.63),
(7, 1, 'E', 1, 2003, 17.34),
(7, 1, 'E', 1, 2004, 15.48),
(7, 1, 'E', 1, 2005, 13.9),
(7, 1, 'E', 1, 2006, 12.76),
(7, 1, 'E', 1, 2007, 11.81),
(7, 1, 'E', 1, 2008, 11.05),
(7, 1, 'E', 1, 2009, 10.47),
(7, 1, 'E', 1, 2010, 10),
(7, 1, 'E', 1, 2011, 10),
(7, 1, 'E', 1, 2012, 10),
(7, 1, 'E', 1, 2013, 10),
(7, 1, 'E', 1, 2014, 8.71),
(7, 1, 'F', 1, 2000, 24.25),
(7, 1, 'F', 1, 2001, 24.25),
(7, 1, 'F', 1, 2002, 24.25),
(7, 1, 'F', 1, 2003, 21.41),
(7, 1, 'F', 1, 2004, 19.11),
(7, 1, 'F', 1, 2005, 17.17),
(7, 1, 'F', 1, 2006, 15.75),
(7, 1, 'F', 1, 2007, 14.59),
(7, 1, 'F', 1, 2008, 13.64),
(7, 1, 'F', 1, 2009, 12.93),
(7, 1, 'F', 1, 2010, 12.35),
(7, 1, 'F', 1, 2011, 12.35),
(7, 1, 'F', 1, 2012, 12.35),
(7, 1, 'F', 1, 2013, 12.35),
(7, 1, 'F', 1, 2014, 10.76),
(7, 1, 'G', 1, 2000, 8.81),
(7, 1, 'G', 1, 2001, 8.81),
(7, 1, 'G', 1, 2002, 8.81),
(7, 1, 'G', 1, 2003, 7.68),
(7, 1, 'G', 1, 2004, 6.89),
(7, 1, 'G', 1, 2005, 6.18),
(7, 1, 'G', 1, 2006, 5.66),
(7, 1, 'G', 1, 2007, 5.22),
(7, 1, 'G', 1, 2008, 4.86),
(7, 1, 'G', 1, 2009, 4.59),
(7, 1, 'G', 1, 2010, 4.35),
(7, 1, 'G', 1, 2011, 4.35),
(7, 1, 'G', 1, 2012, 4.35),
(7, 1, 'G', 1, 2013, 4.35),
(7, 1, 'G', 1, 2014, 3.92),
(7, 2, 'A', 1, 2000, 4.53),
(7, 2, 'A', 1, 2001, 4.53),
(7, 2, 'A', 1, 2002, 4.53),
(7, 2, 'A', 1, 2003, 3.91),
(7, 2, 'A', 1, 2004, 3.49),
(7, 2, 'A', 1, 2005, 3.14),
(7, 2, 'A', 1, 2006, 2.88),
(7, 2, 'A', 1, 2007, 2.65),
(7, 2, 'A', 1, 2008, 2.47),
(7, 2, 'A', 1, 2009, 2.32),
(7, 2, 'A', 1, 2010, 2.23),
(7, 2, 'A', 1, 2011, 2.23),
(7, 2, 'A', 1, 2012, 2.23),
(7, 2, 'A', 1, 2013, 2.23),
(7, 2, 'A', 1, 2014, 1.93),
(7, 2, 'A', 2, 2000, 4.79),
(7, 2, 'A', 2, 2001, 4.79),
(7, 2, 'A', 2, 2002, 4.79),
(7, 2, 'A', 2, 2003, 4.14),
(7, 2, 'A', 2, 2004, 3.69),
(7, 2, 'A', 2, 2005, 3.33),
(7, 2, 'A', 2, 2006, 3.03),
(7, 2, 'A', 2, 2007, 2.83),
(7, 2, 'A', 2, 2008, 2.65),
(7, 2, 'A', 2, 2009, 2.52),
(7, 2, 'A', 2, 2010, 2.4),
(7, 2, 'A', 2, 2011, 2.4),
(7, 2, 'A', 2, 2012, 2.4),
(7, 2, 'A', 2, 2013, 2.4),
(7, 2, 'A', 2, 2014, 2.08),
(7, 2, 'A', 3, 2000, 7.57),
(7, 2, 'A', 3, 2001, 7.57),
(7, 2, 'A', 3, 2002, 7.57),
(7, 2, 'A', 3, 2003, 6.57),
(7, 2, 'A', 3, 2004, 5.93),
(7, 2, 'A', 3, 2005, 5.38),
(7, 2, 'A', 3, 2006, 4.95),
(7, 2, 'A', 3, 2007, 4.59),
(7, 2, 'A', 3, 2008, 4.31),
(7, 2, 'A', 3, 2009, 4.06),
(7, 2, 'A', 3, 2010, 3.86),
(7, 2, 'A', 3, 2011, 3.86),
(7, 2, 'A', 3, 2012, 3.86),
(7, 2, 'A', 3, 2013, 3.86),
(7, 2, 'A', 3, 2014, 3.37),
(7, 2, 'B', 1, 2000, 5.74),
(7, 2, 'B', 1, 2001, 5.74),
(7, 2, 'B', 1, 2002, 5.74),
(7, 2, 'B', 1, 2003, 5),
(7, 2, 'B', 1, 2004, 4.49),
(7, 2, 'B', 1, 2005, 4.02),
(7, 2, 'B', 1, 2006, 3.68),
(7, 2, 'B', 1, 2007, 3.4),
(7, 2, 'B', 1, 2008, 3.16),
(7, 2, 'B', 1, 2009, 2.99),
(7, 2, 'B', 1, 2010, 2.84),
(7, 2, 'B', 1, 2011, 2.84),
(7, 2, 'B', 1, 2012, 2.84),
(7, 2, 'B', 1, 2013, 2.84),
(7, 2, 'B', 1, 2014, 2.47),
(7, 2, 'B', 2, 2000, 5.89),
(7, 2, 'B', 2, 2001, 5.89),
(7, 2, 'B', 2, 2002, 5.89),
(7, 2, 'B', 2, 2003, 5.12),
(7, 2, 'B', 2, 2004, 4.58),
(7, 2, 'B', 2, 2005, 4.12),
(7, 2, 'B', 2, 2006, 3.82),
(7, 2, 'B', 2, 2007, 3.53),
(7, 2, 'B', 2, 2008, 3.3),
(7, 2, 'B', 2, 2009, 3.09),
(7, 2, 'B', 2, 2010, 2.96),
(7, 2, 'B', 2, 2011, 2.96),
(7, 2, 'B', 2, 2012, 2.96),
(7, 2, 'B', 2, 2013, 2.96),
(7, 2, 'B', 2, 2014, 2.59),
(7, 2, 'B', 3, 2000, 8.71),
(7, 2, 'B', 3, 2001, 8.71),
(7, 2, 'B', 3, 2002, 8.71),
(7, 2, 'B', 3, 2003, 7.55),
(7, 2, 'B', 3, 2004, 6.8),
(7, 2, 'B', 3, 2005, 6.17),
(7, 2, 'B', 3, 2006, 5.66),
(7, 2, 'B', 3, 2007, 5.23),
(7, 2, 'B', 3, 2008, 4.89),
(7, 2, 'B', 3, 2009, 4.63),
(7, 2, 'B', 3, 2010, 4.43),
(7, 2, 'B', 3, 2011, 4.43),
(7, 2, 'B', 3, 2012, 4.43),
(7, 2, 'B', 3, 2013, 4.43),
(7, 2, 'B', 3, 2014, 3.86),
(7, 2, 'C', 1, 2000, 7.92),
(7, 2, 'C', 1, 2001, 7.92),
(7, 2, 'C', 1, 2002, 7.92),
(7, 2, 'C', 1, 2003, 6.85),
(7, 2, 'C', 1, 2004, 6.13),
(7, 2, 'C', 1, 2005, 5.52),
(7, 2, 'C', 1, 2006, 5.07),
(7, 2, 'C', 1, 2007, 4.69),
(7, 2, 'C', 1, 2008, 4.4),
(7, 2, 'C', 1, 2009, 4.16),
(7, 2, 'C', 1, 2010, 4),
(7, 2, 'C', 1, 2011, 4),
(7, 2, 'C', 1, 2012, 4),
(7, 2, 'C', 1, 2013, 4),
(7, 2, 'C', 1, 2014, 3.37),
(7, 2, 'C', 2, 2000, 6.93),
(7, 2, 'C', 2, 2001, 6.93),
(7, 2, 'C', 2, 2002, 6.93),
(7, 2, 'C', 2, 2003, 6.03),
(7, 2, 'C', 2, 2004, 5.38),
(7, 2, 'C', 2, 2005, 4.85),
(7, 2, 'C', 2, 2006, 4.45),
(7, 2, 'C', 2, 2007, 4.14),
(7, 2, 'C', 2, 2008, 3.86),
(7, 2, 'C', 2, 2009, 3.64),
(7, 2, 'C', 2, 2010, 3.47),
(7, 2, 'C', 2, 2011, 3.47),
(7, 2, 'C', 2, 2012, 3.47),
(7, 2, 'C', 2, 2013, 3.47),
(7, 2, 'C', 2, 2014, 3.02),
(7, 2, 'D', 1, 2000, 8.93),
(7, 2, 'D', 1, 2001, 8.93),
(7, 2, 'D', 1, 2002, 8.93),
(7, 2, 'D', 1, 2003, 7.74),
(7, 2, 'D', 1, 2004, 6.93),
(7, 2, 'D', 1, 2005, 6.27),
(7, 2, 'D', 1, 2006, 5.76),
(7, 2, 'D', 1, 2007, 5.33),
(7, 2, 'D', 1, 2008, 5.01),
(7, 2, 'D', 1, 2009, 4.75),
(7, 2, 'D', 1, 2010, 4.53),
(7, 2, 'D', 1, 2011, 4.53),
(7, 2, 'D', 1, 2012, 4.53),
(7, 2, 'D', 1, 2013, 4.53),
(7, 2, 'D', 1, 2014, 3.95),
(7, 2, 'E', 1, 2000, 13.74),
(7, 2, 'E', 1, 2001, 13.74),
(7, 2, 'E', 1, 2002, 13.74),
(7, 2, 'E', 1, 2003, 12.14),
(7, 2, 'E', 1, 2004, 10.84),
(7, 2, 'E', 1, 2005, 9.73),
(7, 2, 'E', 1, 2006, 8.93),
(7, 2, 'E', 1, 2007, 8.27),
(7, 2, 'E', 1, 2008, 7.74),
(7, 2, 'E', 1, 2009, 7.33),
(7, 2, 'E', 1, 2010, 7),
(7, 2, 'E', 1, 2011, 7),
(7, 2, 'E', 1, 2012, 7),
(7, 2, 'E', 1, 2013, 7),
(7, 2, 'E', 1, 2014, 6.1),
(7, 2, 'F', 1, 2000, 16.98),
(7, 2, 'F', 1, 2001, 16.98),
(7, 2, 'F', 1, 2002, 16.98),
(7, 2, 'F', 1, 2003, 14.99),
(7, 2, 'F', 1, 2004, 13.38),
(7, 2, 'F', 1, 2005, 12.02),
(7, 2, 'F', 1, 2006, 11.03),
(7, 2, 'F', 1, 2007, 10.21),
(7, 2, 'F', 1, 2008, 9.55),
(7, 2, 'F', 1, 2009, 9.05),
(7, 2, 'F', 1, 2010, 8.65),
(7, 2, 'F', 1, 2011, 8.65),
(7, 2, 'F', 1, 2012, 8.65),
(7, 2, 'F', 1, 2013, 8.65),
(7, 2, 'F', 1, 2014, 7.53),
(7, 2, 'G', 1, 2000, 6.17),
(7, 2, 'G', 1, 2001, 6.17),
(7, 2, 'G', 1, 2002, 6.17),
(7, 2, 'G', 1, 2003, 5.38),
(7, 2, 'G', 1, 2004, 4.82),
(7, 2, 'G', 1, 2005, 4.33),
(7, 2, 'G', 1, 2006, 3.96),
(7, 2, 'G', 1, 2007, 3.65),
(7, 2, 'G', 1, 2008, 3.4),
(7, 2, 'G', 1, 2009, 3.21),
(7, 2, 'G', 1, 2010, 3.05),
(7, 2, 'G', 1, 2011, 3.05),
(7, 2, 'G', 1, 2012, 3.05),
(7, 2, 'G', 1, 2013, 3.05),
(7, 2, 'G', 1, 2014, 2.74),
(8, 1, 'A', 1, 2002, 7.34),
(8, 1, 'A', 1, 2003, 6.83),
(8, 1, 'A', 1, 2004, 6.83),
(8, 1, 'A', 1, 2005, 6.41),
(8, 1, 'A', 1, 2006, 6.01),
(8, 1, 'A', 1, 2007, 5.65),
(8, 1, 'A', 1, 2008, 5.31),
(8, 1, 'A', 1, 2009, 4.42),
(8, 1, 'A', 1, 2010, 4.17),
(8, 1, 'A', 1, 2011, 3.68),
(8, 1, 'A', 1, 2012, 3.29),
(8, 1, 'A', 1, 2013, 3.29),
(8, 1, 'B', 1, 2002, 9.6),
(8, 1, 'B', 1, 2003, 8.93),
(8, 1, 'B', 1, 2004, 8.93),
(8, 1, 'B', 1, 2005, 8.32),
(8, 1, 'B', 1, 2006, 7.76),
(8, 1, 'B', 1, 2007, 7.25),
(8, 1, 'B', 1, 2008, 6.77),
(8, 1, 'B', 1, 2009, 5.6),
(8, 1, 'B', 1, 2010, 5.25),
(8, 1, 'B', 1, 2011, 4.6),
(8, 1, 'B', 1, 2012, 4.07),
(8, 1, 'B', 1, 2013, 4.07),
(8, 1, 'C', 1, 2002, 11.87),
(8, 1, 'C', 1, 2003, 11.04),
(8, 1, 'C', 1, 2004, 11.04),
(8, 1, 'C', 1, 2005, 10.24),
(8, 1, 'C', 1, 2006, 9.51),
(8, 1, 'C', 1, 2007, 8.85),
(8, 1, 'C', 1, 2008, 8.24),
(8, 1, 'C', 1, 2009, 6.78),
(8, 1, 'C', 1, 2010, 6.32),
(8, 1, 'C', 1, 2011, 5.52),
(8, 1, 'C', 1, 2012, 4.84),
(8, 1, 'C', 1, 2013, 4.84),
(8, 1, 'D', 1, 2002, 14.13),
(8, 1, 'D', 1, 2003, 13.14),
(8, 1, 'D', 1, 2004, 13.14),
(8, 1, 'D', 1, 2005, 12.16),
(8, 1, 'D', 1, 2006, 11.26),
(8, 1, 'D', 1, 2007, 10.45),
(8, 1, 'D', 1, 2008, 9.7),
(8, 1, 'D', 1, 2009, 7.96),
(8, 1, 'D', 1, 2010, 7.4),
(8, 1, 'D', 1, 2011, 6.44),
(8, 1, 'D', 1, 2012, 5.61),
(8, 1, 'D', 1, 2013, 5.61),
(8, 1, 'E', 1, 2002, 16.39),
(8, 1, 'E', 1, 2003, 15.25),
(8, 1, 'E', 1, 2004, 15.25),
(8, 1, 'E', 1, 2005, 14.08),
(8, 1, 'E', 1, 2006, 13.01),
(8, 1, 'E', 1, 2007, 12.04),
(8, 1, 'E', 1, 2008, 11.16),
(8, 1, 'E', 1, 2009, 9.74),
(8, 1, 'E', 1, 2010, 9.05),
(8, 1, 'E', 1, 2011, 7.89),
(8, 1, 'E', 1, 2012, 6.85),
(8, 1, 'E', 1, 2013, 6.85),
(8, 1, 'F', 1, 2002, 18.65),
(8, 1, 'F', 1, 2003, 17.35),
(8, 1, 'F', 1, 2004, 17.35),
(8, 1, 'F', 1, 2005, 16),
(8, 1, 'F', 1, 2006, 14.76),
(8, 1, 'F', 1, 2007, 13.64),
(8, 1, 'F', 1, 2008, 12.62),
(8, 1, 'F', 1, 2009, 11),
(8, 1, 'F', 1, 2010, 10.2),
(8, 1, 'F', 1, 2011, 8.88),
(8, 1, 'F', 1, 2012, 7.68),
(8, 1, 'F', 1, 2013, 7.68),
(8, 1, 'G', 1, 2002, 22.63),
(8, 1, 'G', 1, 2003, 21.05),
(8, 1, 'G', 1, 2004, 21.05),
(8, 1, 'G', 1, 2005, 19.38),
(8, 1, 'G', 1, 2006, 17.88),
(8, 1, 'G', 1, 2007, 16.5),
(8, 1, 'G', 1, 2008, 15.24),
(8, 1, 'G', 1, 2009, 13.33),
(8, 1, 'G', 1, 2010, 12.35),
(8, 1, 'G', 1, 2011, 11.45),
(8, 1, 'G', 1, 2012, 9.87),
(8, 1, 'G', 1, 2013, 9.87),
(8, 1, 'H', 1, 2002, 25.08),
(8, 1, 'H', 1, 2003, 22.82),
(8, 1, 'H', 1, 2004, 22.82),
(8, 1, 'H', 1, 2005, 21),
(8, 1, 'H', 1, 2006, 19.34),
(8, 1, 'H', 1, 2007, 17.83),
(8, 1, 'H', 1, 2008, 16.45),
(8, 1, 'H', 1, 2009, 14.36),
(8, 1, 'H', 1, 2010, 13.29),
(8, 1, 'H', 1, 2011, 12.3),
(8, 1, 'H', 1, 2012, 10.59),
(8, 1, 'H', 1, 2013, 10.59),
(8, 1, 'I', 2, 2002, 8.5),
(8, 1, 'I', 2, 2003, 7.91),
(8, 1, 'I', 2, 2004, 7.91),
(8, 1, 'I', 2, 2005, 7.36),
(8, 1, 'I', 2, 2006, 6.85),
(8, 1, 'I', 2, 2007, 6.38),
(8, 1, 'I', 2, 2008, 5.93),
(8, 1, 'I', 2, 2009, 5.53),
(8, 1, 'I', 2, 2010, 5.16),
(8, 1, 'I', 2, 2011, 4.24),
(8, 1, 'I', 2, 2012, 3.68),
(8, 1, 'I', 2, 2013, 3.68),
(8, 1, 'J', 2, 2002, 10.2),
(8, 1, 'J', 2, 2003, 9.49),
(8, 1, 'J', 2, 2004, 9.49),
(8, 1, 'J', 2, 2005, 8.88),
(8, 1, 'J', 2, 2006, 8.32),
(8, 1, 'J', 2, 2007, 7.79),
(8, 1, 'J', 2, 2008, 7.29),
(8, 1, 'J', 2, 2009, 6.43),
(8, 1, 'J', 2, 2010, 6.02),
(8, 1, 'J', 2, 2011, 5.29),
(8, 1, 'J', 2, 2012, 4.64),
(8, 1, 'J', 2, 2013, 4.64),
(8, 1, 'K', 2, 2002, 11.89),
(8, 1, 'K', 2, 2003, 11.06),
(8, 1, 'K', 2, 2004, 11.06),
(8, 1, 'K', 2, 2005, 10.4),
(8, 1, 'K', 2, 2006, 9.78),
(8, 1, 'K', 2, 2007, 9.19),
(8, 1, 'K', 2, 2008, 8.64),
(8, 1, 'K', 2, 2009, 7.65),
(8, 1, 'K', 2, 2010, 7.19),
(8, 1, 'K', 2, 2011, 6.34),
(8, 1, 'K', 2, 2012, 5.61),
(8, 1, 'K', 2, 2013, 5.61),
(8, 1, 'L', 3, 2002, 9.88),
(8, 1, 'L', 3, 2003, 9.19),
(8, 1, 'L', 3, 2004, 8.78),
(8, 1, 'L', 3, 2005, 8.38),
(8, 1, 'L', 3, 2006, 8.01),
(8, 1, 'L', 3, 2007, 7.64),
(8, 1, 'L', 3, 2008, 7.3),
(8, 1, 'L', 3, 2009, 6.97),
(8, 1, 'L', 3, 2010, 6.66),
(8, 1, 'L', 3, 2011, 5.62),
(8, 1, 'L', 3, 2012, 5.13),
(8, 1, 'L', 3, 2013, 5.13),
(8, 1, 'M', 3, 2002, 11.62),
(8, 1, 'M', 3, 2003, 10.81),
(8, 1, 'M', 3, 2004, 10.33),
(8, 1, 'M', 3, 2005, 9.86),
(8, 1, 'M', 3, 2006, 9.42),
(8, 1, 'M', 3, 2007, 8.99),
(8, 1, 'M', 3, 2008, 8.59),
(8, 1, 'M', 3, 2009, 7.72),
(8, 1, 'M', 3, 2010, 7.38),
(8, 1, 'M', 3, 2011, 6.61),
(8, 1, 'M', 3, 2012, 6.03),
(8, 1, 'M', 3, 2013, 6.03),
(8, 2, 'A', 1, 1994, 5.39),
(8, 2, 'A', 1, 1995, 5.24),
(8, 2, 'A', 1, 1996, 5.1),
(8, 2, 'A', 1, 1997, 4.96),
(8, 2, 'A', 1, 1998, 4.82),
(8, 2, 'A', 1, 1999, 4.71),
(8, 2, 'A', 1, 2000, 4.6),
(8, 2, 'A', 1, 2001, 4.49),
(8, 2, 'A', 1, 2002, 4.38),
(8, 2, 'A', 1, 2003, 4.2),
(8, 2, 'A', 1, 2004, 4.2),
(8, 2, 'A', 1, 2005, 4.07),
(8, 2, 'A', 1, 2006, 3.95),
(8, 2, 'A', 1, 2007, 3.83),
(8, 2, 'A', 1, 2008, 3.71),
(8, 2, 'A', 1, 2009, 3.6),
(8, 2, 'A', 1, 2010, 3.48),
(8, 2, 'A', 1, 2011, 3.38),
(8, 2, 'A', 1, 2012, 3.17),
(8, 2, 'A', 1, 2013, 3.17),
(8, 2, 'B', 1, 1994, 5.85),
(8, 2, 'B', 1, 1995, 5.69),
(8, 2, 'B', 1, 1996, 5.53),
(8, 2, 'B', 1, 1997, 5.38),
(8, 2, 'B', 1, 1998, 5.23),
(8, 2, 'B', 1, 1999, 5.11),
(8, 2, 'B', 1, 2000, 4.99),
(8, 2, 'B', 1, 2001, 4.87),
(8, 2, 'B', 1, 2002, 4.75),
(8, 2, 'B', 1, 2003, 4.56),
(8, 2, 'B', 1, 2004, 4.56),
(8, 2, 'B', 1, 2005, 4.42),
(8, 2, 'B', 1, 2006, 4.28),
(8, 2, 'B', 1, 2007, 4.15),
(8, 2, 'B', 1, 2008, 4.02),
(8, 2, 'B', 1, 2009, 3.9),
(8, 2, 'B', 1, 2010, 3.78),
(8, 2, 'B', 1, 2011, 3.66),
(8, 2, 'B', 1, 2012, 3.44),
(8, 2, 'B', 1, 2013, 3.44),
(8, 2, 'C', 1, 1994, 6.31),
(8, 2, 'C', 1, 1995, 6.13),
(8, 2, 'C', 1, 1996, 5.97),
(8, 2, 'C', 1, 1997, 5.8),
(8, 2, 'C', 1, 1998, 5.64),
(8, 2, 'C', 1, 1999, 5.51),
(8, 2, 'C', 1, 2000, 5.38),
(8, 2, 'C', 1, 2001, 5.25),
(8, 2, 'C', 1, 2002, 5.12),
(8, 2, 'C', 1, 2003, 4.92),
(8, 2, 'C', 1, 2004, 4.92),
(8, 2, 'C', 1, 2005, 4.76),
(8, 2, 'C', 1, 2006, 4.62),
(8, 2, 'C', 1, 2007, 4.48),
(8, 2, 'C', 1, 2008, 4.34),
(8, 2, 'C', 1, 2009, 4.2),
(8, 2, 'C', 1, 2010, 4.08),
(8, 2, 'C', 1, 2011, 3.95),
(8, 2, 'C', 1, 2012, 3.71),
(8, 2, 'C', 1, 2013, 3.71),
(8, 2, 'D', 1, 1994, 6.77),
(8, 2, 'D', 1, 1995, 6.58),
(8, 2, 'D', 1, 1996, 6.4),
(8, 2, 'D', 1, 1997, 6.22),
(8, 2, 'D', 1, 1998, 6.05),
(8, 2, 'D', 1, 1999, 5.91),
(8, 2, 'D', 1, 2000, 5.77),
(8, 2, 'D', 1, 2001, 5.63),
(8, 2, 'D', 1, 2002, 5.49),
(8, 2, 'D', 1, 2003, 5.27),
(8, 2, 'D', 1, 2004, 5.27),
(8, 2, 'D', 1, 2005, 5.11),
(8, 2, 'D', 1, 2006, 4.95),
(8, 2, 'D', 1, 2007, 4.8),
(8, 2, 'D', 1, 2008, 4.65),
(8, 2, 'D', 1, 2009, 4.51),
(8, 2, 'D', 1, 2010, 4.37),
(8, 2, 'D', 1, 2011, 4.24),
(8, 2, 'D', 1, 2012, 3.98),
(8, 2, 'D', 1, 2013, 3.98),
(8, 2, 'E', 1, 1994, 7.23),
(8, 2, 'E', 1, 1995, 7.03),
(8, 2, 'E', 1, 1996, 6.83),
(8, 2, 'E', 1, 1997, 6.64),
(8, 2, 'E', 1, 1998, 6.46),
(8, 2, 'E', 1, 1999, 6.31),
(8, 2, 'E', 1, 2000, 6.16),
(8, 2, 'E', 1, 2001, 6.01),
(8, 2, 'E', 1, 2002, 5.86),
(8, 2, 'E', 1, 2003, 5.63),
(8, 2, 'E', 1, 2004, 5.63),
(8, 2, 'E', 1, 2005, 5.45),
(8, 2, 'E', 1, 2006, 5.29),
(8, 2, 'E', 1, 2007, 5.12),
(8, 2, 'E', 1, 2008, 4.97),
(8, 2, 'E', 1, 2009, 4.81),
(8, 2, 'E', 1, 2010, 4.67),
(8, 2, 'E', 1, 2011, 4.52),
(8, 2, 'E', 1, 2012, 4.25),
(8, 2, 'E', 1, 2013, 4.25),
(8, 2, 'F', 1, 1994, 7.68),
(8, 2, 'F', 1, 1995, 7.47),
(8, 2, 'F', 1, 1996, 7.27),
(8, 2, 'F', 1, 1997, 7.07),
(8, 2, 'F', 1, 1998, 6.87),
(8, 2, 'F', 1, 1999, 6.71),
(8, 2, 'F', 1, 2000, 6.55),
(8, 2, 'F', 1, 2001, 6.39),
(8, 2, 'F', 1, 2002, 6.23),
(8, 2, 'F', 1, 2003, 5.98),
(8, 2, 'F', 1, 2004, 5.98),
(8, 2, 'F', 1, 2005, 5.8),
(8, 2, 'F', 1, 2006, 5.62),
(8, 2, 'F', 1, 2007, 5.45),
(8, 2, 'F', 1, 2008, 5.28),
(8, 2, 'F', 1, 2009, 5.12),
(8, 2, 'F', 1, 2010, 4.96),
(8, 2, 'F', 1, 2011, 4.81),
(8, 2, 'F', 1, 2012, 4.52),
(8, 2, 'F', 1, 2013, 4.52),
(8, 2, 'G', 1, 1994, 8.14),
(8, 2, 'G', 1, 1995, 7.92),
(8, 2, 'G', 1, 1996, 7.7),
(8, 2, 'G', 1, 1997, 7.49),
(8, 2, 'G', 1, 1998, 7.28),
(8, 2, 'G', 1, 1999, 7.11),
(8, 2, 'G', 1, 2000, 6.94),
(8, 2, 'G', 1, 2001, 6.77),
(8, 2, 'G', 1, 2002, 6.6),
(8, 2, 'G', 1, 2003, 6.34),
(8, 2, 'G', 1, 2004, 6.34),
(8, 2, 'G', 1, 2005, 6.15),
(8, 2, 'G', 1, 2006, 5.96),
(8, 2, 'G', 1, 2007, 5.77),
(8, 2, 'G', 1, 2008, 5.6),
(8, 2, 'G', 1, 2009, 5.42),
(8, 2, 'G', 1, 2010, 5.26),
(8, 2, 'G', 1, 2011, 5.1),
(8, 2, 'G', 1, 2012, 4.79),
(8, 2, 'G', 1, 2013, 4.79),
(8, 2, 'H', 1, 1994, 8.6),
(8, 2, 'H', 1, 1995, 8.36),
(8, 2, 'H', 1, 1996, 8.13),
(8, 2, 'H', 1, 1997, 7.91),
(8, 2, 'H', 1, 1998, 7.69),
(8, 2, 'H', 1, 1999, 7.51),
(8, 2, 'H', 1, 2000, 7.33),
(8, 2, 'H', 1, 2001, 7.15),
(8, 2, 'H', 1, 2002, 6.97),
(8, 2, 'H', 1, 2003, 6.7),
(8, 2, 'H', 1, 2004, 6.7),
(8, 2, 'H', 1, 2005, 6.49),
(8, 2, 'H', 1, 2006, 6.29),
(8, 2, 'H', 1, 2007, 6.1),
(8, 2, 'H', 1, 2008, 5.91),
(8, 2, 'H', 1, 2009, 5.73),
(8, 2, 'H', 1, 2010, 5.55),
(8, 2, 'H', 1, 2011, 5.38),
(8, 2, 'H', 1, 2012, 5.06),
(8, 2, 'H', 1, 2013, 5.06),
(8, 2, 'I', 2, 1994, 5.69),
(8, 2, 'I', 2, 1995, 5.42),
(8, 2, 'I', 2, 1996, 5.16),
(8, 2, 'I', 2, 1997, 4.92),
(8, 2, 'I', 2, 1998, 4.69),
(8, 2, 'I', 2, 1999, 4.53),
(8, 2, 'I', 2, 2000, 4.37),
(8, 2, 'I', 2, 2001, 4.21),
(8, 2, 'I', 2, 2002, 4.05),
(8, 2, 'I', 2, 2003, 3.81),
(8, 2, 'I', 2, 2004, 3.81),
(8, 2, 'I', 2, 2005, 3.6),
(8, 2, 'I', 2, 2006, 3.4),
(8, 2, 'I', 2, 2007, 3.21),
(8, 2, 'I', 2, 2008, 3.04),
(8, 2, 'I', 2, 2009, 2.87),
(8, 2, 'I', 2, 2010, 2.71),
(8, 2, 'I', 2, 2011, 2.56),
(8, 2, 'I', 2, 2012, 2.29),
(8, 2, 'I', 2, 2013, 2.29),
(8, 2, 'J', 2, 1994, 10.49),
(8, 2, 'J', 2, 1995, 10),
(8, 2, 'J', 2, 1996, 9.53),
(8, 2, 'J', 2, 1997, 9.08),
(8, 2, 'J', 2, 1998, 8.65),
(8, 2, 'J', 2, 1999, 8.35),
(8, 2, 'J', 2, 2000, 8.05),
(8, 2, 'J', 2, 2001, 7.75),
(8, 2, 'J', 2, 2002, 7.45),
(8, 2, 'J', 2, 2003, 7.01),
(8, 2, 'J', 2, 2004, 7.01),
(8, 2, 'J', 2, 2005, 6.63),
(8, 2, 'J', 2, 2006, 6.26),
(8, 2, 'J', 2, 2007, 5.92),
(8, 2, 'J', 2, 2008, 5.6),
(8, 2, 'J', 2, 2009, 5.29),
(8, 2, 'J', 2, 2010, 5),
(8, 2, 'J', 2, 2011, 4.72),
(8, 2, 'J', 2, 2012, 4.22),
(8, 2, 'J', 2, 2013, 4.22),
(8, 2, 'K', 2, 1994, 15.3),
(8, 2, 'K', 2, 1995, 14.58),
(8, 2, 'K', 2, 1996, 13.9),
(8, 2, 'K', 2, 1997, 13.24),
(8, 2, 'K', 2, 1998, 12.62),
(8, 2, 'K', 2, 1999, 12.18),
(8, 2, 'K', 2, 2000, 11.74),
(8, 2, 'K', 2, 2001, 11.3),
(8, 2, 'K', 2, 2002, 10.86),
(8, 2, 'K', 2, 2003, 10.22),
(8, 2, 'K', 2, 2004, 10.22),
(8, 2, 'K', 2, 2005, 9.66),
(8, 2, 'K', 2, 2006, 9.13),
(8, 2, 'K', 2, 2007, 8.63),
(8, 2, 'K', 2, 2008, 8.15),
(8, 2, 'K', 2, 2009, 7.71),
(8, 2, 'K', 2, 2010, 7.28),
(8, 2, 'K', 2, 2011, 6.88),
(8, 2, 'K', 2, 2012, 6.15),
(8, 2, 'K', 2, 2013, 6.15),
(8, 2, 'L', 3, 2002, 6.27),
(8, 2, 'L', 3, 2003, 6.13),
(8, 2, 'L', 3, 2004, 5.81),
(8, 2, 'L', 3, 2005, 5.51),
(8, 2, 'L', 3, 2006, 5.22),
(8, 2, 'L', 3, 2007, 4.96),
(8, 2, 'L', 3, 2008, 4.69),
(8, 2, 'L', 3, 2009, 4.45),
(8, 2, 'L', 3, 2010, 4.22),
(8, 2, 'L', 3, 2011, 4),
(8, 2, 'L', 3, 2012, 3.6),
(8, 2, 'L', 3, 2013, 3.6),
(8, 2, 'M', 3, 2002, 7.38),
(8, 2, 'M', 3, 2003, 7.21),
(8, 2, 'M', 3, 2004, 6.83),
(8, 2, 'M', 3, 2005, 6.48),
(8, 2, 'M', 3, 2006, 6.14),
(8, 2, 'M', 3, 2007, 5.83),
(8, 2, 'M', 3, 2008, 5.52),
(8, 2, 'M', 3, 2009, 5.24),
(8, 2, 'M', 3, 2010, 4.96),
(8, 2, 'M', 3, 2011, 4.71),
(8, 2, 'M', 3, 2012, 4.23),
(8, 2, 'M', 3, 2013, 4.23),
(9, 1, 'A', 1, 2003, 7.57),
(9, 1, 'A', 1, 2004, 7.01),
(9, 1, 'A', 1, 2005, 6.04),
(9, 1, 'A', 1, 2006, 5.61),
(9, 1, 'A', 1, 2007, 5.1),
(9, 1, 'A', 1, 2008, 4.85),
(9, 1, 'A', 1, 2009, 4.29),
(9, 1, 'A', 1, 2010, 3.91),
(9, 1, 'A', 1, 2011, 3.53),
(9, 1, 'A', 1, 2012, 3.44),
(9, 1, 'A', 1, 2013, 3.44),
(9, 1, 'B', 1, 2003, 10.45),
(9, 1, 'B', 1, 2004, 10.24),
(9, 1, 'B', 1, 2005, 8.71),
(9, 1, 'B', 1, 2006, 8.03),
(9, 1, 'B', 1, 2007, 7.48),
(9, 1, 'B', 1, 2008, 6.93),
(9, 1, 'B', 1, 2009, 6.04),
(9, 1, 'B', 1, 2010, 5.36),
(9, 1, 'B', 1, 2011, 4.8),
(9, 1, 'B', 1, 2012, 4),
(9, 1, 'B', 1, 2013, 4),
(9, 1, 'C', 1, 2003, 11.77),
(9, 1, 'C', 1, 2004, 11.43),
(9, 1, 'C', 1, 2005, 9.73),
(9, 1, 'C', 1, 2006, 8.84),
(9, 1, 'C', 1, 2007, 8.42),
(9, 1, 'C', 1, 2008, 7.78),
(9, 1, 'C', 1, 2009, 6.5),
(9, 1, 'C', 1, 2010, 5.7),
(9, 1, 'C', 1, 2011, 5.1),
(9, 1, 'C', 1, 2012, 4.55),
(9, 1, 'C', 1, 2013, 4.55),
(9, 1, 'D', 1, 2003, 13.16),
(9, 1, 'D', 1, 2004, 12.12),
(9, 1, 'D', 1, 2005, 11.04),
(9, 1, 'D', 1, 2006, 10.48),
(9, 1, 'D', 1, 2007, 9.8),
(9, 1, 'D', 1, 2008, 9.12),
(9, 1, 'D', 1, 2009, 6.36),
(9, 1, 'D', 1, 2010, 6),
(9, 1, 'D', 1, 2011, 5.72),
(9, 1, 'D', 1, 2012, 5.48),
(9, 1, 'D', 1, 2013, 5.48),
(9, 1, 'E', 1, 2003, 13.64),
(9, 1, 'E', 1, 2004, 12.92),
(9, 1, 'E', 1, 2005, 12.52),
(9, 1, 'E', 1, 2006, 11.88),
(9, 1, 'E', 1, 2007, 11.2),
(9, 1, 'E', 1, 2008, 10.36),
(9, 1, 'E', 1, 2009, 9.32),
(9, 1, 'E', 1, 2010, 8.28),
(9, 1, 'E', 1, 2011, 7.6),
(9, 1, 'E', 1, 2012, 7.04),
(9, 1, 'E', 1, 2013, 7.04),
(9, 1, 'F', 1, 2003, 14),
(9, 1, 'F', 1, 2004, 12.71),
(9, 1, 'F', 1, 2005, 12.29),
(9, 1, 'F', 1, 2006, 12.01),
(9, 1, 'F', 1, 2007, 11.52),
(9, 1, 'F', 1, 2008, 10.99),
(9, 1, 'F', 1, 2009, 10.05),
(9, 1, 'F', 1, 2010, 9.42),
(9, 1, 'F', 1, 2011, 8.05),
(9, 1, 'F', 1, 2012, 7.46),
(9, 1, 'F', 1, 2013, 7.46),
(9, 1, 'G', 2, 2002, 8.33),
(9, 1, 'G', 2, 2003, 7.82),
(9, 1, 'G', 2, 2004, 7.23),
(9, 1, 'G', 2, 2005, 6.59),
(9, 1, 'G', 2, 2006, 6.08),
(9, 1, 'G', 2, 2007, 5.7),
(9, 1, 'G', 2, 2008, 5.06),
(9, 1, 'G', 2, 2009, 4.46),
(9, 1, 'G', 2, 2010, 3.87),
(9, 1, 'G', 2, 2011, 3.53),
(9, 1, 'G', 2, 2012, 3.53),
(9, 1, 'H', 2, 2002, 9.6),
(9, 1, 'H', 2, 2003, 8.8),
(9, 1, 'H', 2, 2004, 8.12),
(9, 1, 'H', 2, 2005, 7.48),
(9, 1, 'H', 2, 2006, 6.96),
(9, 1, 'H', 2, 2007, 6.48),
(9, 1, 'H', 2, 2008, 5.8),
(9, 1, 'H', 2, 2009, 5.12),
(9, 1, 'H', 2, 2010, 4.28),
(9, 1, 'H', 2, 2011, 3.88),
(9, 1, 'H', 2, 2012, 3.88),
(9, 1, 'I', 2, 2002, 10.92),
(9, 1, 'I', 2, 2003, 10.32),
(9, 1, 'I', 2, 2004, 9.84),
(9, 1, 'I', 2, 2005, 9.44),
(9, 1, 'I', 2, 2006, 8.76),
(9, 1, 'I', 2, 2007, 8.28),
(9, 1, 'I', 2, 2008, 5.8),
(9, 1, 'I', 2, 2009, 5.44),
(9, 1, 'I', 2, 2010, 4.96),
(9, 1, 'I', 2, 2011, 4.64),
(9, 1, 'I', 2, 2012, 4.64),
(9, 1, 'J', 3, 2002, 10.56),
(9, 1, 'J', 3, 2003, 10),
(9, 1, 'J', 3, 2004, 9.36),
(9, 1, 'J', 3, 2005, 8.96),
(9, 1, 'J', 3, 2006, 8.36),
(9, 1, 'J', 3, 2007, 7.76),
(9, 1, 'J', 3, 2008, 7.4),
(9, 1, 'J', 3, 2009, 6.92),
(9, 1, 'J', 3, 2010, 6.48),
(9, 1, 'J', 3, 2011, 6.36),
(9, 1, 'J', 3, 2012, 6.36),
(9, 1, 'K', 3, 2002, 13.44),
(9, 1, 'K', 3, 2003, 12.04),
(9, 1, 'K', 3, 2004, 11.28),
(9, 1, 'K', 3, 2005, 10.76),
(9, 1, 'K', 3, 2006, 10.12),
(9, 1, 'K', 3, 2007, 9.44),
(9, 1, 'K', 3, 2008, 8.6),
(9, 1, 'K', 3, 2009, 7.56),
(9, 1, 'K', 3, 2010, 6.76),
(9, 1, 'K', 3, 2011, 5.8),
(9, 1, 'K', 3, 2012, 5.8),
(9, 1, 'L', 3, 2002, 13.28),
(9, 1, 'L', 3, 2003, 12.64),
(9, 1, 'L', 3, 2004, 11.92),
(9, 1, 'L', 3, 2005, 11.36),
(9, 1, 'L', 3, 2006, 10.6),
(9, 1, 'L', 3, 2007, 9.96),
(9, 1, 'L', 3, 2008, 9.04),
(9, 1, 'L', 3, 2009, 8.04),
(9, 1, 'L', 3, 2010, 7.52),
(9, 1, 'L', 3, 2011, 7.24),
(9, 1, 'L', 3, 2012, 7.24),
(9, 1, 'P', 1, 2003, 15.02),
(9, 1, 'P', 1, 2004, 14.39),
(9, 1, 'P', 1, 2005, 13.69),
(9, 1, 'P', 1, 2006, 13.02),
(9, 1, 'P', 1, 2007, 12.64),
(9, 1, 'P', 1, 2008, 11.62),
(9, 1, 'P', 1, 2009, 10.99),
(9, 1, 'P', 1, 2010, 10.5),
(9, 1, 'P', 1, 2011, 10.01),
(9, 1, 'P', 1, 2012, 9.77),
(9, 1, 'P', 1, 2013, 9.77),
(10, 1, 'A', 1, 1997, 10.29),
(10, 1, 'A', 1, 1998, 10.29),
(10, 1, 'A', 1, 1999, 10.29),
(10, 1, 'A', 1, 2000, 10.29),
(10, 1, 'A', 1, 2001, 8.88),
(10, 1, 'A', 1, 2002, 8.88),
(10, 1, 'A', 1, 2003, 6.73),
(10, 1, 'A', 1, 2004, 6.73),
(10, 1, 'A', 1, 2005, 5.42),
(10, 1, 'A', 1, 2006, 5.42),
(10, 1, 'A', 1, 2007, 4.96),
(10, 1, 'A', 1, 2008, 4.96),
(10, 1, 'A', 1, 2009, 4.58),
(10, 1, 'A', 1, 2010, 4.58),
(10, 1, 'A', 1, 2011, 4.06),
(10, 1, 'A', 1, 2012, 4.06),
(10, 1, 'A', 1, 2013, 4.06),
(10, 1, 'A', 1, 2014, 4.06),
(10, 1, 'B', 1, 1997, 15.9),
(10, 1, 'B', 1, 1998, 15.9),
(10, 1, 'B', 1, 1999, 15.9),
(10, 1, 'B', 1, 2000, 15.9),
(10, 1, 'B', 1, 2001, 15.15),
(10, 1, 'B', 1, 2002, 15.15),
(10, 1, 'B', 1, 2003, 14.03),
(10, 1, 'B', 1, 2004, 14.03),
(10, 1, 'B', 1, 2005, 12.53),
(10, 1, 'B', 1, 2006, 12.53),
(10, 1, 'B', 1, 2007, 11.13),
(10, 1, 'B', 1, 2008, 11.13),
(10, 1, 'B', 1, 2009, 9.44),
(10, 1, 'B', 1, 2010, 9.44),
(10, 1, 'B', 1, 2011, 8.46),
(10, 1, 'B', 1, 2012, 8.46),
(10, 1, 'B', 1, 2013, 8.46),
(10, 1, 'B', 1, 2014, 8.46),
(10, 1, 'C', 2, 2014, 3.81),
(10, 1, 'TODOS', 2, 1997, 11.22),
(10, 1, 'TODOS', 2, 1998, 11.22),
(10, 1, 'TODOS', 2, 1999, 11.22),
(10, 1, 'TODOS', 2, 2000, 11.22),
(10, 1, 'TODOS', 2, 2001, 9.35),
(10, 1, 'TODOS', 2, 2002, 9.35),
(10, 1, 'TODOS', 2, 2003, 7.95),
(10, 1, 'TODOS', 2, 2004, 7.95),
(10, 1, 'TODOS', 2, 2005, 6.83),
(10, 1, 'TODOS', 2, 2006, 6.83),
(10, 1, 'TODOS', 2, 2007, 5.89),
(10, 1, 'TODOS', 2, 2008, 5.89),
(10, 1, 'TODOS', 2, 2009, 4.3),
(10, 1, 'TODOS', 2, 2010, 4.3),
(10, 1, 'TODOS', 2, 2011, 3.81),
(10, 1, 'TODOS', 2, 2012, 3.81),
(10, 1, 'TODOS', 2, 2013, 3.81),
(10, 1, 'TODOS', 3, 1997, 13.09),
(10, 1, 'TODOS', 3, 1998, 13.09),
(10, 1, 'TODOS', 3, 1999, 13.09),
(10, 1, 'TODOS', 3, 2000, 13.09),
(10, 1, 'TODOS', 3, 2001, 11.69),
(10, 1, 'TODOS', 3, 2002, 11.69),
(10, 1, 'TODOS', 3, 2003, 10.38),
(10, 1, 'TODOS', 3, 2004, 10.38),
(10, 1, 'TODOS', 3, 2005, 8.98),
(10, 1, 'TODOS', 3, 2006, 8.98),
(10, 1, 'TODOS', 3, 2007, 7.95),
(10, 1, 'TODOS', 3, 2008, 7.95),
(10, 1, 'TODOS', 3, 2009, 6.08),
(10, 1, 'TODOS', 3, 2010, 6.08),
(10, 1, 'TODOS', 3, 2011, 5.41),
(10, 1, 'TODOS', 3, 2012, 5.41),
(10, 1, 'TODOS', 3, 2013, 5.41),
(10, 1, 'TODOS', 3, 2014, 5.41),
(11, 1, 'A', 1, 1979, 15.97),
(11, 1, 'A', 1, 1980, 15.97),
(11, 1, 'A', 1, 1981, 15.97),
(11, 1, 'A', 1, 1982, 15.97),
(11, 1, 'A', 1, 1983, 15.97),
(11, 1, 'A', 1, 1984, 15.97),
(11, 1, 'A', 1, 1985, 15.97),
(11, 1, 'A', 1, 1986, 15.97),
(11, 1, 'A', 1, 1987, 15.97),
(11, 1, 'A', 1, 1988, 15.97),
(11, 1, 'A', 1, 1989, 15.97),
(11, 1, 'A', 1, 1990, 15.97),
(11, 1, 'A', 1, 1991, 15.97),
(11, 1, 'A', 1, 1992, 12.56),
(11, 1, 'A', 1, 1993, 12.56),
(11, 1, 'A', 1, 1994, 12.56),
(11, 1, 'A', 1, 1995, 10.11),
(11, 1, 'A', 1, 1996, 10.11),
(11, 1, 'A', 1, 1997, 10.11),
(11, 1, 'A', 1, 1998, 8.28),
(11, 1, 'A', 1, 1999, 8.28),
(11, 1, 'A', 1, 2000, 8.28),
(11, 1, 'A', 1, 2001, 7.3),
(11, 1, 'A', 1, 2002, 7.3),
(11, 1, 'A', 1, 2003, 7.3),
(11, 1, 'A', 1, 2004, 5.89),
(11, 1, 'A', 1, 2005, 5.89),
(11, 1, 'A', 1, 2006, 5.89),
(11, 1, 'A', 1, 2007, 4.71),
(11, 1, 'A', 1, 2008, 4.71),
(11, 1, 'A', 1, 2009, 4.71),
(11, 1, 'A', 1, 2010, 4.48),
(11, 1, 'A', 1, 2011, 4.48),
(11, 1, 'A', 1, 2012, 4.48),
(11, 1, 'A', 1, 2013, 4.48),
(11, 1, 'A', 1, 2014, 4.48),
(11, 1, 'A', 2, 1979, 14.3),
(11, 1, 'A', 2, 1980, 14.3),
(11, 1, 'A', 2, 1981, 14.3),
(11, 1, 'A', 2, 1982, 14.3),
(11, 1, 'A', 2, 1983, 14.3),
(11, 1, 'A', 2, 1984, 14.3),
(11, 1, 'A', 2, 1985, 14.3),
(11, 1, 'A', 2, 1986, 14.3),
(11, 1, 'A', 2, 1987, 14.3),
(11, 1, 'A', 2, 1988, 14.3),
(11, 1, 'A', 2, 1989, 14.3),
(11, 1, 'A', 2, 1990, 14.3),
(11, 1, 'A', 2, 1991, 14.3),
(11, 1, 'A', 2, 1992, 11.4),
(11, 1, 'A', 2, 1993, 11.4),
(11, 1, 'A', 2, 1994, 11.4),
(11, 1, 'A', 2, 1995, 9.18),
(11, 1, 'A', 2, 1996, 9.18),
(11, 1, 'A', 2, 1997, 9.18),
(11, 1, 'A', 2, 1998, 7.52),
(11, 1, 'A', 2, 1999, 7.52),
(11, 1, 'A', 2, 2000, 7.52),
(11, 1, 'A', 2, 2001, 7.21),
(11, 1, 'A', 2, 2002, 7.21),
(11, 1, 'A', 2, 2003, 7.21),
(11, 1, 'A', 2, 2004, 5.69),
(11, 1, 'A', 2, 2005, 5.69),
(11, 1, 'A', 2, 2006, 5.69),
(11, 1, 'A', 2, 2007, 4.47),
(11, 1, 'A', 2, 2008, 4.47),
(11, 1, 'A', 2, 2009, 4.47),
(11, 1, 'A', 2, 2010, 4.33),
(11, 1, 'A', 2, 2011, 4.33),
(11, 1, 'A', 2, 2012, 4.33),
(11, 1, 'A', 2, 2013, 4.33),
(11, 1, 'A', 2, 2014, 4.33),
(11, 1, 'B', 1, 1979, 16.81),
(11, 1, 'B', 1, 1980, 16.81),
(11, 1, 'B', 1, 1981, 16.81),
(11, 1, 'B', 1, 1982, 16.81),
(11, 1, 'B', 1, 1983, 16.81),
(11, 1, 'B', 1, 1984, 16.81),
(11, 1, 'B', 1, 1985, 16.81),
(11, 1, 'B', 1, 1986, 16.81),
(11, 1, 'B', 1, 1987, 16.81),
(11, 1, 'B', 1, 1988, 16.81),
(11, 1, 'B', 1, 1989, 16.81),
(11, 1, 'B', 1, 1990, 16.81),
(11, 1, 'B', 1, 1991, 16.81),
(11, 1, 'B', 1, 1992, 13.19),
(11, 1, 'B', 1, 1993, 13.19),
(11, 1, 'B', 1, 1994, 13.19),
(11, 1, 'B', 1, 1995, 10.65),
(11, 1, 'B', 1, 1996, 10.65),
(11, 1, 'B', 1, 1997, 10.65),
(11, 1, 'B', 1, 1998, 8.72),
(11, 1, 'B', 1, 1999, 8.72),
(11, 1, 'B', 1, 2000, 8.72),
(11, 1, 'B', 1, 2001, 7.69),
(11, 1, 'B', 1, 2002, 7.69),
(11, 1, 'B', 1, 2003, 7.69),
(11, 1, 'B', 1, 2004, 6.09),
(11, 1, 'B', 1, 2005, 6.09),
(11, 1, 'B', 1, 2006, 6.09),
(11, 1, 'B', 1, 2007, 5.53),
(11, 1, 'B', 1, 2008, 5.53),
(11, 1, 'B', 1, 2009, 5.53),
(11, 1, 'B', 1, 2010, 4.71),
(11, 1, 'B', 1, 2011, 4.71),
(11, 1, 'B', 1, 2012, 4.71),
(11, 1, 'B', 1, 2013, 4.71),
(11, 1, 'B', 1, 2014, 4.71),
(11, 1, 'B', 2, 1979, 15.06),
(11, 1, 'B', 2, 1980, 15.06),
(11, 1, 'B', 2, 1981, 15.06),
(11, 1, 'B', 2, 1982, 15.06),
(11, 1, 'B', 2, 1983, 15.06),
(11, 1, 'B', 2, 1984, 15.06),
(11, 1, 'B', 2, 1985, 15.06),
(11, 1, 'B', 2, 1986, 15.06),
(11, 1, 'B', 2, 1987, 15.06),
(11, 1, 'B', 2, 1988, 15.06),
(11, 1, 'B', 2, 1989, 15.06),
(11, 1, 'B', 2, 1990, 15.06),
(11, 1, 'B', 2, 1991, 15.06),
(11, 1, 'B', 2, 1992, 12),
(11, 1, 'B', 2, 1993, 12),
(11, 1, 'B', 2, 1994, 12),
(11, 1, 'B', 2, 1995, 9.66),
(11, 1, 'B', 2, 1996, 9.66),
(11, 1, 'B', 2, 1997, 9.66),
(11, 1, 'B', 2, 1998, 7.92),
(11, 1, 'B', 2, 1999, 7.92),
(11, 1, 'B', 2, 2000, 7.92),
(11, 1, 'B', 2, 2001, 7.59),
(11, 1, 'B', 2, 2002, 7.59),
(11, 1, 'B', 2, 2003, 7.59),
(11, 1, 'B', 2, 2004, 5.99),
(11, 1, 'B', 2, 2005, 5.99),
(11, 1, 'B', 2, 2006, 5.99),
(11, 1, 'B', 2, 2007, 4.7),
(11, 1, 'B', 2, 2008, 4.7),
(11, 1, 'B', 2, 2009, 4.7),
(11, 1, 'B', 2, 2010, 4.37),
(11, 1, 'B', 2, 2011, 4.37),
(11, 1, 'B', 2, 2012, 4.37),
(11, 1, 'B', 2, 2013, 4.37),
(11, 1, 'B', 2, 2014, 4.37),
(11, 1, 'C', 1, 1979, 17.82),
(11, 1, 'C', 1, 1980, 17.82),
(11, 1, 'C', 1, 1981, 17.82),
(11, 1, 'C', 1, 1982, 17.82),
(11, 1, 'C', 1, 1983, 17.82),
(11, 1, 'C', 1, 1984, 17.82),
(11, 1, 'C', 1, 1985, 17.82),
(11, 1, 'C', 1, 1986, 17.82),
(11, 1, 'C', 1, 1987, 17.82),
(11, 1, 'C', 1, 1988, 17.82),
(11, 1, 'C', 1, 1989, 17.82),
(11, 1, 'C', 1, 1990, 17.82),
(11, 1, 'C', 1, 1991, 17.82),
(11, 1, 'C', 1, 1992, 14.65),
(11, 1, 'C', 1, 1993, 14.65),
(11, 1, 'C', 1, 1994, 14.65),
(11, 1, 'C', 1, 1995, 12.18),
(11, 1, 'C', 1, 1996, 12.18),
(11, 1, 'C', 1, 1997, 12.18),
(11, 1, 'C', 1, 1998, 10.37),
(11, 1, 'C', 1, 1999, 10.37),
(11, 1, 'C', 1, 2000, 10.37),
(11, 1, 'C', 1, 2001, 9.2),
(11, 1, 'C', 1, 2002, 9.2),
(11, 1, 'C', 1, 2003, 9.2),
(11, 1, 'C', 1, 2004, 8.15),
(11, 1, 'C', 1, 2005, 8.15),
(11, 1, 'C', 1, 2006, 8.15),
(11, 1, 'C', 1, 2007, 7.1),
(11, 1, 'C', 1, 2008, 7.1),
(11, 1, 'C', 1, 2009, 7.1),
(11, 1, 'C', 1, 2010, 6.3),
(11, 1, 'C', 1, 2011, 6.3),
(11, 1, 'C', 1, 2012, 6.3),
(11, 1, 'C', 1, 2013, 6.3),
(11, 1, 'C', 1, 2014, 6.3),
(11, 1, 'TODOS', 3, 1979, 16.19),
(11, 1, 'TODOS', 3, 1980, 16.19),
(11, 1, 'TODOS', 3, 1981, 16.19),
(11, 1, 'TODOS', 3, 1982, 16.19),
(11, 1, 'TODOS', 3, 1983, 16.19),
(11, 1, 'TODOS', 3, 1984, 16.19),
(11, 1, 'TODOS', 3, 1985, 16.19),
(11, 1, 'TODOS', 3, 1986, 16.19),
(11, 1, 'TODOS', 3, 1987, 16.19),
(11, 1, 'TODOS', 3, 1988, 16.19),
(11, 1, 'TODOS', 3, 1989, 16.19),
(11, 1, 'TODOS', 3, 1990, 16.19),
(11, 1, 'TODOS', 3, 1991, 16.19),
(11, 1, 'TODOS', 3, 1992, 13.01),
(11, 1, 'TODOS', 3, 1993, 13.01),
(11, 1, 'TODOS', 3, 1994, 13.01),
(11, 1, 'TODOS', 3, 1995, 10.52),
(11, 1, 'TODOS', 3, 1996, 10.52),
(11, 1, 'TODOS', 3, 1997, 10.52),
(11, 1, 'TODOS', 3, 1998, 8.79),
(11, 1, 'TODOS', 3, 1999, 8.79),
(11, 1, 'TODOS', 3, 2000, 8.79),
(11, 1, 'TODOS', 3, 2001, 8.43),
(11, 1, 'TODOS', 3, 2002, 8.43),
(11, 1, 'TODOS', 3, 2003, 8.43),
(11, 1, 'TODOS', 3, 2004, 6.65),
(11, 1, 'TODOS', 3, 2005, 6.65),
(11, 1, 'TODOS', 3, 2006, 6.65),
(11, 1, 'TODOS', 3, 2007, 5.53),
(11, 1, 'TODOS', 3, 2008, 5.53),
(11, 1, 'TODOS', 3, 2009, 5.53),
(11, 1, 'TODOS', 3, 2010, 5.31),
(11, 1, 'TODOS', 3, 2011, 5.31),
(11, 1, 'TODOS', 3, 2012, 5.31),
(11, 1, 'TODOS', 3, 2013, 5.31),
(11, 1, 'TODOS', 3, 2014, 5.31),
(11, 2, 'A', 1, 1979, 9.28),
(11, 2, 'A', 1, 1980, 9.28),
(11, 2, 'A', 1, 1981, 9.28),
(11, 2, 'A', 1, 1982, 9.28),
(11, 2, 'A', 1, 1983, 9.28),
(11, 2, 'A', 1, 1984, 9.28),
(11, 2, 'A', 1, 1985, 9.28),
(11, 2, 'A', 1, 1986, 9.28),
(11, 2, 'A', 1, 1987, 9.28),
(11, 2, 'A', 1, 1988, 9.28),
(11, 2, 'A', 1, 1989, 9.28),
(11, 2, 'A', 1, 1990, 9.28),
(11, 2, 'A', 1, 1991, 9.28),
(11, 2, 'A', 1, 1992, 7.29),
(11, 2, 'A', 1, 1993, 7.29),
(11, 2, 'A', 1, 1994, 7.29),
(11, 2, 'A', 1, 1995, 5.88),
(11, 2, 'A', 1, 1996, 5.88),
(11, 2, 'A', 1, 1997, 5.88),
(11, 2, 'A', 1, 1998, 4.81),
(11, 2, 'A', 1, 1999, 4.81),
(11, 2, 'A', 1, 2000, 4.81),
(11, 2, 'A', 1, 2001, 4.24),
(11, 2, 'A', 1, 2002, 4.24),
(11, 2, 'A', 1, 2003, 4.24),
(11, 2, 'A', 1, 2004, 3.42),
(11, 2, 'A', 1, 2005, 3.42),
(11, 2, 'A', 1, 2006, 3.42),
(11, 2, 'A', 1, 2007, 2.74),
(11, 2, 'A', 1, 2008, 2.74),
(11, 2, 'A', 1, 2009, 2.74),
(11, 2, 'A', 1, 2010, 2.61),
(11, 2, 'A', 1, 2011, 2.61),
(11, 2, 'A', 1, 2012, 2.61),
(11, 2, 'A', 1, 2013, 2.61),
(11, 2, 'A', 1, 2014, 2.61),
(11, 2, 'A', 2, 1979, 8.31),
(11, 2, 'A', 2, 1980, 8.31),
(11, 2, 'A', 2, 1981, 8.31),
(11, 2, 'A', 2, 1982, 8.31),
(11, 2, 'A', 2, 1983, 8.31),
(11, 2, 'A', 2, 1984, 8.31),
(11, 2, 'A', 2, 1985, 8.31),
(11, 2, 'A', 2, 1986, 8.31),
(11, 2, 'A', 2, 1987, 8.31),
(11, 2, 'A', 2, 1988, 8.31),
(11, 2, 'A', 2, 1989, 8.31),
(11, 2, 'A', 2, 1990, 8.31),
(11, 2, 'A', 2, 1991, 8.31),
(11, 2, 'A', 2, 1992, 6.62),
(11, 2, 'A', 2, 1993, 6.62),
(11, 2, 'A', 2, 1994, 6.62),
(11, 2, 'A', 2, 1995, 5.33),
(11, 2, 'A', 2, 1996, 5.33),
(11, 2, 'A', 2, 1997, 5.33),
(11, 2, 'A', 2, 1998, 4.37),
(11, 2, 'A', 2, 1999, 4.37),
(11, 2, 'A', 2, 2000, 4.37),
(11, 2, 'A', 2, 2001, 4.19),
(11, 2, 'A', 2, 2002, 4.19),
(11, 2, 'A', 2, 2003, 4.19),
(11, 2, 'A', 2, 2004, 3.3),
(11, 2, 'A', 2, 2005, 3.3),
(11, 2, 'A', 2, 2006, 3.3),
(11, 2, 'A', 2, 2007, 2.6),
(11, 2, 'A', 2, 2008, 2.6),
(11, 2, 'A', 2, 2009, 2.6),
(11, 2, 'A', 2, 2010, 2.51),
(11, 2, 'A', 2, 2011, 2.51),
(11, 2, 'A', 2, 2012, 2.51),
(11, 2, 'A', 2, 2013, 2.51),
(11, 2, 'A', 2, 2014, 2.51),
(11, 2, 'B', 1, 1979, 9.77),
(11, 2, 'B', 1, 1980, 9.77),
(11, 2, 'B', 1, 1981, 9.77),
(11, 2, 'B', 1, 1982, 9.77),
(11, 2, 'B', 1, 1983, 9.77),
(11, 2, 'B', 1, 1984, 9.77),
(11, 2, 'B', 1, 1985, 9.77),
(11, 2, 'B', 1, 1986, 9.77),
(11, 2, 'B', 1, 1987, 9.77),
(11, 2, 'B', 1, 1988, 9.77),
(11, 2, 'B', 1, 1989, 9.77),
(11, 2, 'B', 1, 1990, 9.77),
(11, 2, 'B', 1, 1991, 9.77),
(11, 2, 'B', 1, 1992, 7.66),
(11, 2, 'B', 1, 1993, 7.66),
(11, 2, 'B', 1, 1994, 7.66),
(11, 2, 'B', 1, 1995, 6.19),
(11, 2, 'B', 1, 1996, 6.19),
(11, 2, 'B', 1, 1997, 6.19),
(11, 2, 'B', 1, 1998, 5.06),
(11, 2, 'B', 1, 1999, 5.06),
(11, 2, 'B', 1, 2000, 5.06),
(11, 2, 'B', 1, 2001, 4.47),
(11, 2, 'B', 1, 2002, 4.47),
(11, 2, 'B', 1, 2003, 4.47),
(11, 2, 'B', 1, 2004, 3.54),
(11, 2, 'B', 1, 2005, 3.54),
(11, 2, 'B', 1, 2006, 3.54),
(11, 2, 'B', 1, 2007, 3.21),
(11, 2, 'B', 1, 2008, 3.21),
(11, 2, 'B', 1, 2009, 3.21),
(11, 2, 'B', 1, 2010, 2.74),
(11, 2, 'B', 1, 2011, 2.74),
(11, 2, 'B', 1, 2012, 2.74),
(11, 2, 'B', 1, 2013, 2.74),
(11, 2, 'B', 1, 2014, 2.74),
(11, 2, 'B', 2, 1979, 8.75),
(11, 2, 'B', 2, 1980, 8.75),
(11, 2, 'B', 2, 1981, 8.75),
(11, 2, 'B', 2, 1982, 8.75),
(11, 2, 'B', 2, 1983, 8.75),
(11, 2, 'B', 2, 1984, 8.75),
(11, 2, 'B', 2, 1985, 8.75),
(11, 2, 'B', 2, 1986, 8.75),
(11, 2, 'B', 2, 1987, 8.75),
(11, 2, 'B', 2, 1988, 8.75),
(11, 2, 'B', 2, 1989, 8.75),
(11, 2, 'B', 2, 1990, 8.75),
(11, 2, 'B', 2, 1991, 8.75),
(11, 2, 'B', 2, 1992, 6.97),
(11, 2, 'B', 2, 1993, 6.97),
(11, 2, 'B', 2, 1994, 6.97),
(11, 2, 'B', 2, 1995, 5.61),
(11, 2, 'B', 2, 1996, 5.61),
(11, 2, 'B', 2, 1997, 5.61),
(11, 2, 'B', 2, 1998, 4.6),
(11, 2, 'B', 2, 1999, 4.6),
(11, 2, 'B', 2, 2000, 4.6),
(11, 2, 'B', 2, 2001, 4.41),
(11, 2, 'B', 2, 2002, 4.41),
(11, 2, 'B', 2, 2003, 4.41),
(11, 2, 'B', 2, 2004, 3.48),
(11, 2, 'B', 2, 2005, 3.48),
(11, 2, 'B', 2, 2006, 3.48),
(11, 2, 'B', 2, 2007, 2.73),
(11, 2, 'B', 2, 2008, 2.73),
(11, 2, 'B', 2, 2009, 2.73),
(11, 2, 'B', 2, 2010, 2.54),
(11, 2, 'B', 2, 2011, 2.54),
(11, 2, 'B', 2, 2012, 2.54),
(11, 2, 'B', 2, 2013, 2.54),
(11, 2, 'B', 2, 2014, 2.54),
(11, 2, 'C', 1, 1979, 10.35),
(11, 2, 'C', 1, 1980, 10.35),
(11, 2, 'C', 1, 1981, 10.35),
(11, 2, 'C', 1, 1982, 10.35),
(11, 2, 'C', 1, 1983, 10.35),
(11, 2, 'C', 1, 1984, 10.35),
(11, 2, 'C', 1, 1985, 10.35),
(11, 2, 'C', 1, 1986, 10.35),
(11, 2, 'C', 1, 1987, 10.35),
(11, 2, 'C', 1, 1988, 10.35),
(11, 2, 'C', 1, 1989, 10.35),
(11, 2, 'C', 1, 1990, 10.35),
(11, 2, 'C', 1, 1991, 10.35),
(11, 2, 'C', 1, 1992, 8.51),
(11, 2, 'C', 1, 1993, 8.51),
(11, 2, 'C', 1, 1994, 8.51),
(11, 2, 'C', 1, 1995, 7.08),
(11, 2, 'C', 1, 1996, 7.08),
(11, 2, 'C', 1, 1997, 7.08),
(11, 2, 'C', 1, 1998, 6.03),
(11, 2, 'C', 1, 1999, 6.03),
(11, 2, 'C', 1, 2000, 6.03),
(11, 2, 'C', 1, 2001, 5.34),
(11, 2, 'C', 1, 2002, 5.34),
(11, 2, 'C', 1, 2003, 5.34),
(11, 2, 'C', 1, 2004, 4.73),
(11, 2, 'C', 1, 2005, 4.73),
(11, 2, 'C', 1, 2006, 4.73),
(11, 2, 'C', 1, 2007, 4.12),
(11, 2, 'C', 1, 2008, 4.12),
(11, 2, 'C', 1, 2009, 4.12),
(11, 2, 'C', 1, 2010, 3.66),
(11, 2, 'C', 1, 2011, 3.66),
(11, 2, 'C', 1, 2012, 3.66),
(11, 2, 'C', 1, 2013, 3.66),
(11, 2, 'C', 1, 2014, 3.66),
(11, 2, 'TODOS', 3, 1979, 9.41),
(11, 2, 'TODOS', 3, 1980, 9.41),
(11, 2, 'TODOS', 3, 1981, 9.41),
(11, 2, 'TODOS', 3, 1982, 9.41),
(11, 2, 'TODOS', 3, 1983, 9.41),
(11, 2, 'TODOS', 3, 1984, 9.41),
(11, 2, 'TODOS', 3, 1985, 9.41),
(11, 2, 'TODOS', 3, 1986, 9.41),
(11, 2, 'TODOS', 3, 1987, 9.41),
(11, 2, 'TODOS', 3, 1988, 9.41),
(11, 2, 'TODOS', 3, 1989, 9.41),
(11, 2, 'TODOS', 3, 1990, 9.41),
(11, 2, 'TODOS', 3, 1991, 9.41),
(11, 2, 'TODOS', 3, 1992, 7.52),
(11, 2, 'TODOS', 3, 1993, 7.52),
(11, 2, 'TODOS', 3, 1994, 7.52),
(11, 2, 'TODOS', 3, 1995, 6.11),
(11, 2, 'TODOS', 3, 1996, 6.11),
(11, 2, 'TODOS', 3, 1997, 6.11),
(11, 2, 'TODOS', 3, 1998, 5.11),
(11, 2, 'TODOS', 3, 1999, 5.11),
(11, 2, 'TODOS', 3, 2000, 5.11),
(11, 2, 'TODOS', 3, 2001, 4.9),
(11, 2, 'TODOS', 3, 2002, 4.9),
(11, 2, 'TODOS', 3, 2003, 4.9),
(11, 2, 'TODOS', 3, 2004, 3.86),
(11, 2, 'TODOS', 3, 2005, 3.86),
(11, 2, 'TODOS', 3, 2006, 3.86),
(11, 2, 'TODOS', 3, 2007, 3.21),
(11, 2, 'TODOS', 3, 2008, 3.21),
(11, 2, 'TODOS', 3, 2009, 3.21),
(11, 2, 'TODOS', 3, 2010, 3.09),
(11, 2, 'TODOS', 3, 2011, 3.09),
(11, 2, 'TODOS', 3, 2012, 3.09),
(11, 2, 'TODOS', 3, 2013, 3.09),
(11, 2, 'TODOS', 3, 2014, 3.09),
(12, 1, 'A', 1, 2000, 13.39),
(12, 1, 'A', 1, 2001, 12.17),
(12, 1, 'A', 1, 2002, 12.17),
(12, 1, 'A', 1, 2003, 10.58),
(12, 1, 'A', 1, 2004, 10.58),
(12, 1, 'A', 1, 2005, 9.2),
(12, 1, 'A', 1, 2006, 9.2),
(12, 1, 'A', 1, 2007, 7.18),
(12, 1, 'A', 1, 2008, 7.18),
(12, 1, 'A', 1, 2009, 7.18),
(12, 1, 'A', 1, 2010, 6.66),
(12, 1, 'A', 1, 2011, 6.66),
(12, 1, 'A', 1, 2012, 6.66),
(12, 1, 'A', 1, 2013, 6.66),
(12, 1, 'A', 1, 2014, 6.66),
(12, 1, 'B', 1, 2000, 8.9),
(12, 1, 'B', 1, 2001, 8.09),
(12, 1, 'B', 1, 2002, 8.09),
(12, 1, 'B', 1, 2003, 7.36),
(12, 1, 'B', 1, 2004, 7.36),
(12, 1, 'B', 1, 2005, 6.69),
(12, 1, 'B', 1, 2006, 6.69),
(12, 1, 'B', 1, 2007, 6.07),
(12, 1, 'B', 1, 2008, 6.07),
(12, 1, 'B', 1, 2009, 6.07),
(12, 1, 'B', 1, 2010, 5.62),
(12, 1, 'B', 1, 2011, 5.62),
(12, 1, 'B', 1, 2012, 5.62),
(12, 1, 'B', 1, 2013, 5.62),
(12, 1, 'B', 1, 2014, 5.62),
(12, 1, 'C', 1, 2000, 6),
(12, 1, 'C', 1, 2001, 5.72),
(12, 1, 'C', 1, 2002, 5.72),
(12, 1, 'C', 1, 2003, 5.44),
(12, 1, 'C', 1, 2004, 5.44),
(12, 1, 'C', 1, 2005, 5.18),
(12, 1, 'C', 1, 2006, 5.18),
(12, 1, 'C', 1, 2007, 4.94),
(12, 1, 'C', 1, 2008, 4.94),
(12, 1, 'C', 1, 2009, 4.94),
(12, 1, 'C', 1, 2010, 4.71),
(12, 1, 'C', 1, 2011, 4.71),
(12, 1, 'C', 1, 2012, 4.71),
(12, 1, 'C', 1, 2013, 4.71),
(12, 1, 'C', 1, 2014, 4.71),
(12, 1, 'TODOS', 2, 2000, 8.77),
(12, 1, 'TODOS', 2, 2001, 7.98),
(12, 1, 'TODOS', 2, 2002, 7.98),
(12, 1, 'TODOS', 2, 2003, 7.25),
(12, 1, 'TODOS', 2, 2004, 7.25),
(12, 1, 'TODOS', 2, 2005, 7.25),
(12, 1, 'TODOS', 2, 2006, 6.59),
(12, 1, 'TODOS', 2, 2007, 5.99),
(12, 1, 'TODOS', 2, 2008, 5.99),
(12, 1, 'TODOS', 2, 2009, 5.99),
(12, 1, 'TODOS', 2, 2010, 5.45),
(12, 1, 'TODOS', 2, 2011, 5.45),
(12, 1, 'TODOS', 2, 2012, 5.45),
(12, 1, 'TODOS', 2, 2013, 5.45),
(12, 1, 'TODOS', 2, 2014, 5.45),
(12, 1, 'TODOS', 3, 2000, 12.13),
(12, 1, 'TODOS', 3, 2001, 11.03),
(12, 1, 'TODOS', 3, 2002, 11.03),
(12, 1, 'TODOS', 3, 2003, 10.02),
(12, 1, 'TODOS', 3, 2004, 10.02),
(12, 1, 'TODOS', 3, 2005, 9.11),
(12, 1, 'TODOS', 3, 2006, 9.11),
(12, 1, 'TODOS', 3, 2007, 8.29),
(12, 1, 'TODOS', 3, 2008, 8.29),
(12, 1, 'TODOS', 3, 2009, 8.29),
(12, 1, 'TODOS', 3, 2010, 7.53),
(12, 1, 'TODOS', 3, 2011, 7.53),
(12, 1, 'TODOS', 3, 2012, 7.53),
(12, 1, 'TODOS', 3, 2013, 7.53),
(12, 1, 'TODOS', 3, 2014, 7.53),
(12, 2, 'A', 1, 2000, 10.04),
(12, 2, 'A', 1, 2001, 9.12),
(12, 2, 'A', 1, 2002, 9.12),
(12, 2, 'A', 1, 2003, 7.93),
(12, 2, 'A', 1, 2004, 7.93),
(12, 2, 'A', 1, 2005, 6.9),
(12, 2, 'A', 1, 2006, 6.9),
(12, 2, 'A', 1, 2007, 5.39),
(12, 2, 'A', 1, 2008, 5.39),
(12, 2, 'A', 1, 2009, 5.39),
(12, 2, 'A', 1, 2010, 4.99),
(12, 2, 'A', 1, 2011, 4.99),
(12, 2, 'A', 1, 2012, 4.99),
(12, 2, 'A', 1, 2013, 4.99),
(12, 2, 'A', 1, 2014, 4.99),
(12, 2, 'B', 1, 2000, 6.67),
(12, 2, 'B', 1, 2001, 6.07),
(12, 2, 'B', 1, 2002, 6.07),
(12, 2, 'B', 1, 2003, 5.52),
(12, 2, 'B', 1, 2004, 5.52),
(12, 2, 'B', 1, 2005, 5.01),
(12, 2, 'B', 1, 2006, 5.01),
(12, 2, 'B', 1, 2007, 4.55),
(12, 2, 'B', 1, 2008, 4.55),
(12, 2, 'B', 1, 2009, 4.55),
(12, 2, 'B', 1, 2010, 4.14),
(12, 2, 'B', 1, 2011, 4.14),
(12, 2, 'B', 1, 2012, 4.14),
(12, 2, 'B', 1, 2013, 4.14),
(12, 2, 'B', 1, 2014, 4.14),
(12, 2, 'C', 1, 2000, 4.5),
(12, 2, 'C', 1, 2001, 4.29),
(12, 2, 'C', 1, 2002, 4.29),
(12, 2, 'C', 1, 2003, 4.08),
(12, 2, 'C', 1, 2004, 4.08),
(12, 2, 'C', 1, 2005, 3.88),
(12, 2, 'C', 1, 2006, 3.88),
(12, 2, 'C', 1, 2007, 3.7),
(12, 2, 'C', 1, 2008, 3.7),
(12, 2, 'C', 1, 2009, 3.7),
(12, 2, 'C', 1, 2010, 3.53),
(12, 2, 'C', 1, 2011, 3.53),
(12, 2, 'C', 1, 2012, 3.53),
(12, 2, 'C', 1, 2013, 3.53),
(12, 2, 'C', 1, 2014, 3.53),
(12, 2, 'TODOS', 2, 2000, 6.58),
(12, 2, 'TODOS', 2, 2001, 5.98),
(12, 2, 'TODOS', 2, 2002, 5.98),
(12, 2, 'TODOS', 2, 2003, 5.44),
(12, 2, 'TODOS', 2, 2004, 5.44),
(12, 2, 'TODOS', 2, 2005, 4.94),
(12, 2, 'TODOS', 2, 2006, 4.94),
(12, 2, 'TODOS', 2, 2007, 4.49),
(12, 2, 'TODOS', 2, 2008, 4.49),
(12, 2, 'TODOS', 2, 2009, 4.49),
(12, 2, 'TODOS', 2, 2010, 4.08),
(12, 2, 'TODOS', 2, 2011, 4.08),
(12, 2, 'TODOS', 2, 2012, 4.08),
(12, 2, 'TODOS', 2, 2013, 4.08),
(12, 2, 'TODOS', 2, 2014, 4.08),
(12, 2, 'TODOS', 3, 2000, 9.09),
(12, 2, 'TODOS', 3, 2001, 8.27),
(12, 2, 'TODOS', 3, 2002, 8.27),
(12, 2, 'TODOS', 3, 2003, 7.52),
(12, 2, 'TODOS', 3, 2004, 7.52),
(12, 2, 'TODOS', 3, 2005, 6.83),
(12, 2, 'TODOS', 3, 2006, 6.83),
(12, 2, 'TODOS', 3, 2007, 6.21),
(12, 2, 'TODOS', 3, 2008, 6.21),
(12, 2, 'TODOS', 3, 2009, 6.21),
(12, 2, 'TODOS', 3, 2010, 5.65),
(12, 2, 'TODOS', 3, 2011, 5.65),
(12, 2, 'TODOS', 3, 2012, 5.65),
(12, 2, 'TODOS', 3, 2013, 5.65),
(12, 2, 'TODOS', 3, 2014, 5.65);

-- --------------------------------------------------------

--
-- Table structure for table `tbl_tipo_calculo`
--

CREATE TABLE IF NOT EXISTS `tbl_tipo_calculo` (
  `id` tinyint(4) NOT NULL AUTO_INCREMENT,
  `descripcion` varchar(100) NOT NULL,
  `calculo` varchar(50) NOT NULL,
  PRIMARY KEY (`id`)
) ENGINE=InnoDB  DEFAULT CHARSET=latin1 AUTO_INCREMENT=10 ;

--
-- Dumping data for table `tbl_tipo_calculo`
--

INSERT INTO `tbl_tipo_calculo` (`id`, `descripcion`, `calculo`) VALUES
(1, 'Prima de casco', 'Suma Asegurada * Tasa Cobertura'),
(2, 'Suma asegurada', 'VALOR_INMA + (VALOR_INMA*%_INMA)'),
(3, 'RCV Basica', 'Valor * UT'),
(4, '', 'Valor * Prima Casco'),
(5, '', 'Valor * (Suma Asegurada)'),
(6, '', 'Valor * Num Ocupantes'),
(7, '', 'Valor * RCV Basico'),
(8, '', 'Valor'),
(9, '', 'VALOR GRUA SEGUN EL AO DEL VEHICULO');

-- --------------------------------------------------------

--
-- Table structure for table `tbl_tipo_carro`
--

CREATE TABLE IF NOT EXISTS `tbl_tipo_carro` (
  `id` tinyint(4) NOT NULL AUTO_INCREMENT,
  `descripcion` varchar(100) NOT NULL,
  PRIMARY KEY (`id`)
) ENGINE=InnoDB  DEFAULT CHARSET=latin1 AUTO_INCREMENT=4 ;

--
-- Dumping data for table `tbl_tipo_carro`
--

INSERT INTO `tbl_tipo_carro` (`id`, `descripcion`) VALUES
(1, 'PARTICULARES'),
(2, 'RUSTICOS'),
(3, 'PICK UP');

-- --------------------------------------------------------

--
-- Table structure for table `tbl_tipo_seguro`
--

CREATE TABLE IF NOT EXISTS `tbl_tipo_seguro` (
  `id` tinyint(20) NOT NULL AUTO_INCREMENT,
  `nombre` varchar(60) NOT NULL,
  PRIMARY KEY (`id`)
) ENGINE=InnoDB  DEFAULT CHARSET=latin1 AUTO_INCREMENT=4 ;

--
-- Dumping data for table `tbl_tipo_seguro`
--

INSERT INTO `tbl_tipo_seguro` (`id`, `nombre`) VALUES
(1, 'COBERTURA AMPLIA'),
(2, 'PERDIDA TOTAL'),
(3, 'RCV');

--
-- Constraints for dumped tables
--

--
-- Constraints for table `tbl_clasificacion`
--
ALTER TABLE `tbl_clasificacion`
  ADD CONSTRAINT `tbl_clasificacion_ibfk_1` FOREIGN KEY (`id_convenio_as`) REFERENCES `tbl_convenio_aseguradora` (`id`),
  ADD CONSTRAINT `tbl_clasificacion_ibfk_2` FOREIGN KEY (`tipo_carro`) REFERENCES `tbl_tipo_carro` (`id`);

--
-- Constraints for table `tbl_clasificacion_ma`
--
ALTER TABLE `tbl_clasificacion_ma`
  ADD CONSTRAINT `tbl_clasificacion_ma_ibfk_1` FOREIGN KEY (`id_convenio_as`) REFERENCES `tbl_convenio_aseguradora` (`id`),
  ADD CONSTRAINT `tbl_clasificacion_ma_ibfk_2` FOREIGN KEY (`tipo_carro`) REFERENCES `tbl_tipo_carro` (`id`);

--
-- Constraints for table `tbl_convenio_aseguradora`
--
ALTER TABLE `tbl_convenio_aseguradora`
  ADD CONSTRAINT `tbl_convenio_aseguradora_ibfk_1` FOREIGN KEY (`id_aseguradora`) REFERENCES `tbl_aseguradora` (`id`);

--
-- Constraints for table `tbl_cotizacion`
--
ALTER TABLE `tbl_cotizacion`
  ADD CONSTRAINT `tbl_cotizacion_ibfk_1` FOREIGN KEY (`sexo`) REFERENCES `tbl_sexo` (`id`),
  ADD CONSTRAINT `tbl_cotizacion_ibfk_2` FOREIGN KEY (`id_flota`) REFERENCES `tbl_flota` (`id`),
  ADD CONSTRAINT `tbl_cotizacion_ibfk_3` FOREIGN KEY (`tipo_cobertura`) REFERENCES `tbl_tipo_seguro` (`id`),
  ADD CONSTRAINT `tbl_cotizacion_ibfk_4` FOREIGN KEY (`estado_civil`) REFERENCES `tbl_estado_civil` (`id`),
  ADD CONSTRAINT `tbl_cotizacion_ibfk_5` FOREIGN KEY (`tipo_carro`) REFERENCES `tbl_tipo_carro` (`id`);

--
-- Constraints for table `tbl_grua`
--
ALTER TABLE `tbl_grua`
  ADD CONSTRAINT `tbl_grua_ibfk_1` FOREIGN KEY (`id_convenio_as`) REFERENCES `tbl_convenio_aseguradora` (`id`),
  ADD CONSTRAINT `tbl_grua_ibfk_2` FOREIGN KEY (`id_tipo_carro`) REFERENCES `tbl_tipo_carro` (`id`);

--
-- Constraints for table `tbl_plantilla_detalle`
--
ALTER TABLE `tbl_plantilla_detalle`
  ADD CONSTRAINT `tbl_plantilla_detalle_ibfk_1` FOREIGN KEY (`id_plantilla`) REFERENCES `tbl_plantilla` (`id`),
  ADD CONSTRAINT `tbl_plantilla_detalle_ibfk_2` FOREIGN KEY (`id_grupo`) REFERENCES `tbl_grupo` (`id`),
  ADD CONSTRAINT `tbl_plantilla_detalle_ibfk_3` FOREIGN KEY (`id_cobertura`) REFERENCES `tbl_cob_as` (`id`);

--
-- Constraints for table `tbl_prima`
--
ALTER TABLE `tbl_prima`
  ADD CONSTRAINT `tbl_prima_ibfk_1` FOREIGN KEY (`id_cotizacion`) REFERENCES `tbl_cotizacion` (`id`),
  ADD CONSTRAINT `tbl_prima_ibfk_2` FOREIGN KEY (`id_aseguradora`) REFERENCES `tbl_aseguradora` (`id`),
  ADD CONSTRAINT `tbl_prima_ibfk_3` FOREIGN KEY (`id_cob_as`) REFERENCES `tbl_cob_as` (`id`);

--
-- Constraints for table `tbl_re_cot_ase`
--
ALTER TABLE `tbl_re_cot_ase`
  ADD CONSTRAINT `tbl_re_cot_ase_ibfk_1` FOREIGN KEY (`id_cotizacion`) REFERENCES `tbl_cotizacion` (`id`),
  ADD CONSTRAINT `tbl_re_cot_ase_ibfk_2` FOREIGN KEY (`id_aseguradora`) REFERENCES `tbl_aseguradora` (`id`),
  ADD CONSTRAINT `tbl_re_cot_ase_ibfk_3` FOREIGN KEY (`id_convenio`) REFERENCES `tbl_convenio_aseguradora` (`id`);

--
-- Constraints for table `tbl_re_flota_co_as`
--
ALTER TABLE `tbl_re_flota_co_as`
  ADD CONSTRAINT `tbl_re_flota_co_as_ibfk_1` FOREIGN KEY (`id_flota`) REFERENCES `tbl_flota` (`id`),
  ADD CONSTRAINT `tbl_re_flota_co_as_ibfk_2` FOREIGN KEY (`id_aseguradora`) REFERENCES `tbl_aseguradora` (`id`),
  ADD CONSTRAINT `tbl_re_flota_co_as_ibfk_3` FOREIGN KEY (`id_convenio_as`) REFERENCES `tbl_convenio_aseguradora` (`id`);

--
-- Constraints for table `tbl_re_plantilla_flota`
--
ALTER TABLE `tbl_re_plantilla_flota`
  ADD CONSTRAINT `tbl_re_plantilla_flota_ibfk_1` FOREIGN KEY (`id_plantilla`) REFERENCES `tbl_plantilla` (`id`),
  ADD CONSTRAINT `tbl_re_plantilla_flota_ibfk_2` FOREIGN KEY (`id_flota`) REFERENCES `tbl_flota` (`id`),
  ADD CONSTRAINT `tbl_re_plantilla_flota_ibfk_3` FOREIGN KEY (`id_tipo_seguro`) REFERENCES `tbl_tipo_seguro` (`id`);

--
-- Constraints for table `tbl_re_tipo_cob_as`
--
ALTER TABLE `tbl_re_tipo_cob_as`
  ADD CONSTRAINT `tbl_re_tipo_cob_as_ibfk_1` FOREIGN KEY (`id_convenio_as`) REFERENCES `tbl_convenio_aseguradora` (`id`),
  ADD CONSTRAINT `tbl_re_tipo_cob_as_ibfk_3` FOREIGN KEY (`id_cob_as`) REFERENCES `tbl_cob_as` (`id`),
  ADD CONSTRAINT `tbl_re_tipo_cob_as_ibfk_4` FOREIGN KEY (`id_tipo_cob`) REFERENCES `tbl_tipo_seguro` (`id`),
  ADD CONSTRAINT `tbl_re_tipo_cob_as_ibfk_5` FOREIGN KEY (`tipo_calculo`) REFERENCES `tbl_tipo_calculo` (`id`),
  ADD CONSTRAINT `tbl_re_tipo_cob_as_ibfk_6` FOREIGN KEY (`id_tipo_carro`) REFERENCES `tbl_tipo_carro` (`id`);

--
-- Constraints for table `tbl_segmentacion`
--
ALTER TABLE `tbl_segmentacion`
  ADD CONSTRAINT `tbl_segmentacion_ibfk_1` FOREIGN KEY (`id_convenio_as`) REFERENCES `tbl_convenio_aseguradora` (`id`),
  ADD CONSTRAINT `tbl_segmentacion_ibfk_2` FOREIGN KEY (`id_estado_civil`) REFERENCES `tbl_estado_civil` (`id`),
  ADD CONSTRAINT `tbl_segmentacion_ibfk_3` FOREIGN KEY (`id_sexo`) REFERENCES `tbl_sexo` (`id`);

--
-- Constraints for table `tbl_tasa_casco`
--
ALTER TABLE `tbl_tasa_casco`
  ADD CONSTRAINT `tbl_tasa_casco_ibfk_1` FOREIGN KEY (`id_convenio_as`) REFERENCES `tbl_convenio_aseguradora` (`id`),
  ADD CONSTRAINT `tbl_tasa_casco_ibfk_2` FOREIGN KEY (`id_tipo_co`) REFERENCES `tbl_tipo_seguro` (`id`),
  ADD CONSTRAINT `tbl_tasa_casco_ibfk_3` FOREIGN KEY (`tipo_carro`) REFERENCES `tbl_tipo_carro` (`id`);

/*!40101 SET CHARACTER_SET_CLIENT=@OLD_CHARACTER_SET_CLIENT */;
/*!40101 SET CHARACTER_SET_RESULTS=@OLD_CHARACTER_SET_RESULTS */;
/*!40101 SET COLLATION_CONNECTION=@OLD_COLLATION_CONNECTION */;
